公司或商業登記名稱,公司統一編號,業者地址,食品業者登錄字號,登錄項目
欣欣坊餐飲股份有限公司,53938771,台北市信義區基隆路一段１６３號Ｂ１,A-153938771-00002-3,餐飲場所
欣欣坊餐飲股份有限公司,53938771,台北市信義區基隆路一段159號B1,A-153938771-00012-4,餐飲場所
欣欣坊餐飲股份有限公司,53938771,台北市信義區松智路17號5樓(微風南山),A-153938771-00015-7,餐飲場所
台灣美威水產股份有限公司,53945225,台北市信義區松高路11號B2,A-153945225-00026-1,餐飲場所
福來許生活企業股份有限公司,53946049,台北市信義區松仁路58號14樓,A-153946049-00003-1,餐飲場所
樂希米國際有限公司,53947764,台北市信義區基隆路一段350號之7,A-153947764-00002-5,餐飲場所
家康餐飲食有限公司,53948686,台北市信義區松壽路12號5樓,A-153948686-00004-1,餐飲場所
貞德咖啡國際股份有限公司,,台北市信義區莊敬路180號,A-153948975-00001-9,餐飲場所
安永生活事業股份有限公司,53949524,台北市信義區松勤街100號1F,A-153949524-00053-7,餐飲場所
安永生活事業股份有限公司,53949524,台北市信義區菸廠路88號B1,A-153949524-00058-2,餐飲場所
古典玫瑰園國際股份有限公司,53951936,台北市信義區市府路45號B1樓 (101購物中心),A-153951936-00081-8,餐飲場所
台灣北壽心股份有限公司,53953081,台北市信義區忠孝東路4段553巷30號,A-153953081-00003-5,餐飲場所
台灣北壽心股份有限公司,53953081,台北市信義區松智路17號2樓,A-153953081-00007-9,餐飲場所
台灣北壽心股份有限公司,53953081,台北市信義區松高路12號2樓,A-153953081-00009-1,餐飲場所
台灣北壽心股份有限公司,53953081,台北市信義區台北市信義區松高路12號B2樓,A-153953081-00013-6,餐飲場所
小器生活創意股份有限公司,53953548,台北市信義區松智路17號3樓,A-153953548-00009-9,餐飲場所
大灣碼頭餐飲股份有限公司信義松隆分公司,54020475,台北市信義區松隆路1號及1之1號,A-154020475-00001-6,餐飲場所
福餐聯餐飲股份有限公司,54027202,台北市信義區永吉路30巷157弄2號,A-154027202-00020-2,餐飲場所
福餐聯餐飲股份有限公司,54027202,台北市信義區永吉路30巷157弄2號,A-154027202-00052-7,餐飲場所
福餐聯餐飲股份有限公司,54027202,台北市信義區莊敬路290號1樓,A-154027202-00101-2,餐飲場所
春陽茶事股份有限公司,55822016,台北市信義區吳興街220巷7號,A-155822016-00001-8,餐飲場所
小夏國際有限公司,55838663,台北市信義區永吉路30巷157弄6號,A-155838663-00001-3,餐飲場所
艾斯奇餐飲股份有限公司,55847754,台北市信義區松仁路28號B204,A-155847754-00003-6,餐飲場所
艾斯奇餐飲股份有限公司,55847754,台北市信義區松仁路58號4樓417櫃號,A-155847754-00004-7,餐飲場所
龍澄國際有限公司,55849731,台北市信義區忠孝東路四段559巷14號1樓,A-155849731-00011-2,餐飲場所
愛絲葵國際股份有限公司,55858668,台北市信義區松高路11號B2,A-155858668-00008-7,餐飲場所
愛絲葵國際股份有限公司,55858668,台北市信義區松高路11號B2,A-155858668-00009-8,餐飲場所
愛絲葵國際股份有限公司,55858668,台北市信義區忠孝東路四段505號B2(B-036),A-155858668-00013-3,餐飲場所
妃樂冰品有限公司,56603377,台北市信義區松西路12號,A-156603377-00010-6,餐飲場所
香港商快富有限公司,58245904,台北市信義區忠孝東路5段68號B1F,A-158245904-00001-6,餐飲場所
塞席爾商堯熙股份有限公司,59035271,台北市信義區松壽路11號2F,A-159035271-00003-3,餐飲場所
塞席爾商堯熙股份有限公司,59035271,台北市信義區松高路11號,A-159035271-00008-8,餐飲場所
美客餐飲有限公司,60282860,台北市信義區忠孝東路四段559巷28號,A-160282860-00009-9,餐飲場所
乃木坂餐飲管理顧問股份有限公司,60308871,台北市信義區逸仙路32巷15號1樓,A-160308871-00001-2,餐飲場所
壞壞問號有限公司,60328264,台北市信義區基隆路1段186號5樓之6,A-160328264-00001-0,餐飲場所
諾馬德國際事業有限公司,82828400,台北市信義區仁愛路4段520之5號,A-182828400-00001-1,餐飲場所
木盆實業有限公司,82836204,台北市信義區忠孝東路五段361號,A-182836204-00010-2,餐飲場所
緯豆國際股份有限公司,82844838,台北市信義區市府路45號B1F,A-182844838-00002-5,餐飲場所
緯豆國際股份有限公司,82844838,台北市信義區松仁路58號4樓,A-182844838-00003-6,餐飲場所
緯豆國際股份有限公司,82844838,台北市信義區忠孝東路5段68號4樓,A-182844838-00008-1,餐飲場所
緯豆國際股份有限公司,82844838,台北市信義區松高路12號B2,A-182844838-00014-8,餐飲場所
大展國際餐飲股份有限公司,82847238,台北市信義區松仁路58號B3,A-182847238-00005-5,餐飲場所
密斯杰餐飲行銷股份有限公司,82852127,台北市信義區基隆路一段147巷5弄7號1樓,A-182852127-00001-4,餐飲場所
湯極股份有限公司,82855291,台北市信義區逸仙路50巷18號1樓,A-182855291-00001-9,餐飲場所
富飲股份有限公司,82856616,台北市信義區松高路12號B2,A-182856616-00003-3,餐飲場所
山川宴有限公司,82869892,台北市信義區松仁路58號4樓402櫃位,A-182869892-00001-1,餐飲場所
煜熺有限公司,82880025,台北市信義區吳興街284巷1之1號,A-182880025-00001-2,餐飲場所
旭日陽有限公司,82880708,台北市信義區信義路4段395巷6弄8號,A-182880708-00001-0,餐飲場所
秋風軒管理顧問有限公司,83777647,台北市信義區松山路11號2樓,A-183777647-00008-5,餐飲場所
寶貝香股份有限公司,83962559,台北市信義區松智路17號4樓,A-183962559-00001-6,餐飲場所
路易奇電力股份有限公司,83967560,台北市信義區忠孝東路五段1-3號１樓,A-183967560-00003-5,餐飲場所
匹塔餐飲股份有限公司,84012536,台北市信義區敦厚里永吉路６４號１樓,A-184012536-00002-9,餐飲場所
快樂地健康食品股份有限公司,84107195,台北市信義區松壽路11號B2,A-184107195-00001-4,餐飲場所
快樂地健康食品股份有限公司,84107195,台北市信義區忠孝東路5段8號B2,A-184107195-00002-5,餐飲場所
快樂地健康食品股份有限公司,84107195,台北市信義區市府路45號B1,A-184107195-00006-9,餐飲場所
好樂迪股份有限公司,84256265,台北市信義區基隆路二段109號B1、111號1樓,A-184256265-00021-9,餐飲場所
享晨光早午餐,88294607,台北市信義區松德路193號,A-200238996-00001-7,餐飲場所
明記小吃店,76474772,台北市信義區忠孝東路5段435之2號,A-200239253-00001-4,餐飲場所
明記小吃店,76474772,台北市信義區忠孝東路5段435之2號,A-200239253-00002-5,餐飲場所
燕山湯圓店,00575466,台北市信義區虎林街108巷11號,A-200239810-00001-3,餐飲場所
no.169 吳興街專業炭火碳烤,,台北市信義區吳興街169號,A-200239824-00001-8,餐飲場所
甲蟲秘境親子企業有限公司象山分公司,90367653,台北市信義區信義路五段150巷310號,A-200240611-00001-4,餐飲場所
孫家餐館,14333747,台北市信義區松山路437號1樓,A-202275670-00001-9,餐飲場所
南村麵館,25680433,台北市信義區莊敬路423巷8弄14號1樓,A-202275826-00001-2,餐飲場所
小跑豬來了股份有限公司,94185775,台北市信義區忠孝東路4段515號1樓D區櫃號1010,A-202275866-00001-6,餐飲場所
津研企業社,93140174,台北市信義區松山路531號1樓,A-202275991-00001-5,餐飲場所
BURNT漢堡專賣,,台北市信義區基隆路一段147巷54號,A-202276034-00001-4,餐飲場所
涼三伯食堂,00540805,台北市信義區忠孝東路五段423巷61號,A-202276075-00001-9,餐飲場所
浦豐商行,93130247,台北市信義區和平東路3段329號1樓,A-202276572-00001-1,餐飲場所
PPD Pasta,,台北市信義區基隆路131之24號3樓,A-202276578-00001-7,餐飲場所
伍柒玖牛肉麵店,17081293,台北市信義區吳興街245號1樓,A-202276711-00001-6,餐飲場所
小陳牛肉麵,21713193,台北市信義區廣居里虎林街１３５號１樓,A-202276839-00001-7,餐飲場所
二九八商行,38554162,台北市信義區福德街298號,A-202276866-00001-7,餐飲場所
張記舒芙蕾蛋堡,,台北市信義區信義區永吉路443巷48號,A-202276996-00001-1,餐飲場所
圓通紅豆湯,,台北市信義區信義區永吉路443巷48號,A-202276999-00001-4,餐飲場所
安心食品服務股份有限公司,23928945,台北市信義區基隆路二段22號,A-123928945-00097-6,餐飲場所
安心食品服務股份有限公司,23928945,台北市信義區市府路45號B1,A-123928945-00155-1,餐飲場所
安心食品服務股份有限公司,23928945,台北市信義區吳興街243號,A-123928945-00174-2,餐飲場所
安心食品服務股份有限公司,23928945,台北市信義區莊敬路469號1、2樓,A-123928945-00200-2,餐飲場所
安心食品服務股份有限公司,23928945,台北市信義區松山路11號,A-123928945-00224-8,餐飲場所
安心食品服務股份有限公司,23928945,台北市信義區永吉路292&294號,A-123928945-01037-1,餐飲場所
安心食品服務股份有限公司,23928945,台北市信義區東興路37號,A-123928945-01049-4,餐飲場所
安心食品服務股份有限公司,23928945,台北市信義區忠孝東路五段155號一、二樓,A-123928945-01161-9,餐飲場所
安心食品服務股份有限公司,23928945,台北市信義區東興路37號,A-123928945-01181-1,餐飲場所
安心食品服務股份有限公司,23928945,台北市信義區忠孝東路四段515號(D棟地下2層 B2210),A-123928945-01249-6,餐飲場所
安心食品服務股份有限公司,23928945,台北市信義區松智路17號B2(微風南山B2),A-123928945-01335-2,餐飲場所
東客股份有限公司,23930301,台北市信義區松智路17號2樓,A-123930301-00042-5,餐飲場所
東客股份有限公司,23930301,台北市信義區松高路12號B2,A-123930301-00052-6,餐飲場所
東客股份有限公司,23930301,台北市信義區松壽路11號B2,A-123930301-00062-7,餐飲場所
台灣三色旗股份有限公司,23932791,台北市信義區松高路12號2樓,A-123932791-00002-6,餐飲場所
星期五股份有限公司,23932928,台北市信義區忠孝東路5段8號2樓,A-123932928-00014-1,餐飲場所
鮮沛股份有限公司,24465056,台北市信義區市府路45號B1,A-124465056-00044-8,餐飲場所
三井餐飲事業有限公司,24477481,台北市信義區松智路1號,A-124477481-00001-6,餐飲場所
長沂國際實業股份有限公司,24483673,台北市信義區永吉路30巷97號,A-124483673-00017-3,餐飲場所
長沂國際實業股份有限公司,24483673,台北市信義區忠孝東路5段165巷5號,A-124483673-00018-4,餐飲場所
長沂國際實業股份有限公司,24483673,台北市信義區吳興街277號,A-124483673-00019-5,餐飲場所
長沂國際實業股份有限公司,24483673,台北市信義區中坡南路20號,A-124483673-00158-9,餐飲場所
吳寶春食品股份有限公司,24515008,台北市信義區信義路五段124、126號1F,A-124515008-00005-8,餐飲場所
吳寶春食品股份有限公司,24515008,台北市信義區松仁路58號B3,A-124515008-00042-9,餐飲場所
常聚餐飲股份有限公司,24537214,台北市信義區信義路五段16號地下樓,A-124537214-00002-8,餐飲場所
無敵水餃食品行,26246922,台北市信義區虎林街164巷3號,A-126246922-00001-2,餐飲場所
亞米克複合式餐飲,26256478,台北市信義區虎林街44之1號1樓,A-126256478-00001-9,餐飲場所
瓦耐餐坊,26361577,台北市信義區基隆路1段396號及396之1號,A-126361577-00001-6,餐飲場所
蟬吃茶商行,26361844,台北市信義區吳興街30號,A-126361844-00002-4,餐飲場所
旭承食品行,26533987,台北市信義區市府路45號B1-08櫃,A-126533987-00001-2,餐飲場所
WA! 瓦泰咖哩,,台北市信義區崇德街73號,A-200199754-00001-5,餐飲場所
彭記傳統美食店,10367532,台北市信義區永吉路30巷177弄1號1樓,A-200199919-00001-8,餐飲場所
如軒店,42271074,台北市信義區忠孝東路5段524巷5弄2號,A-200200044-00001-0,餐飲場所
炒翻天炒飯炒麵,,台北市信義區松山路540巷12號1樓,A-200221952-00001-1,餐飲場所
炒翻天炒飯炒麵,,台北市信義區松山路541巷28號旁,A-200221952-00002-2,餐飲場所
口力口非商行,42416819,台北市信義區嘉興街11-1號,A-200222203-00001-1,餐飲場所
饌前輕食,,台北市信義區嘉興街260號,A-200222307-00001-6,餐飲場所
池上米之鄉美食店,13475541,台北市信義區和平東路3段295號,A-200222559-00001-5,餐飲場所
池上何家米之鄉美食店,88157646,台北市信義區松仁路225號,A-200222560-00001-7,餐飲場所
林格商行,88220752,台北市信義區忠孝東路4段559巷14號,A-200222613-00001-6,餐飲場所
長紅麵線,,台北市信義區虎林街82巷68號,A-200222836-00001-3,餐飲場所
麵匠坐坊,31951406,台北市信義區忠孝東路4段553巷6弄12號,A-200223133-00001-4,餐飲場所
竹記食堂,88188021,台北市信義區虎林街163號1樓,A-200223138-00001-9,餐飲場所
有點咖啡,76436784,台北市信義區吳興街284巷8號,A-200223182-00001-8,餐飲場所
采紫丹有限公司,90266727,台北市信義區莊敬路318號,A-200223198-00001-5,餐飲場所
營業名稱：天下麵食館,,台北市信義區松仁路240巷20之1號1樓,A-200223207-00001-6,餐飲場所
怩怩飲品店,88228543,台北市信義區虎林街60巷1號,A-200223331-00001-4,餐飲場所
旬味餐飲股份有限公司,90146110,台北市信義區文昌街318號1樓,A-200223386-00001-4,餐飲場所
大熊飽店,,台北市信義區林口街80巷41號2樓,A-200223550-00001-7,餐飲場所
小飯桌股份有限公司,90531514,台北市信義區松山路11號,A-200223610-00006-9,餐飲場所
小飯桌股份有限公司,90531514,台北市信義區忠孝東路五段8號B2,A-200223610-00023-8,餐飲場所
小飯桌股份有限公司,90531514,台北市信義區忠孝東路五段6號1樓,A-200223610-00024-9,餐飲場所
小飯桌股份有限公司,90531514,台北市信義區市府路1號B1,A-200223610-00026-1,餐飲場所
松山小吃店,25614624,台北市信義區永吉里松山路１７９號,A-200223791-00001-4,餐飲場所
白眼找茶商行,88137446,台北市信義區虎林街56巷2號1樓,A-200224089-00001-5,餐飲場所
玖壹企業社,75960521,台北市信義區四育里永吉路４２９號,A-200224122-00001-3,餐飲場所
紅翔快餐店,81718003,台北市信義區三張里莊敬路３４１巷９號１樓,A-200224142-00001-5,餐飲場所
瑰夏咖啡,88089319,台北市信義區忠孝東路五段372巷27弄1號1樓,A-200235821-00001-1,餐飲場所
鑫想事成企業社,88284930,台北市信義區崇德街105號1樓,A-200235844-00001-6,餐飲場所
三個皮卡企業社,88138661,台北市信義區林口街16號1樓,A-200236197-00001-8,餐飲場所
波波草早午餐,,台北市信義區虎林街60巷2號1樓,A-200236531-00001-0,餐飲場所
睿婧工作室,88291881,台北市信義區忠孝東路4段559巷12號,A-200237028-00001-2,餐飲場所
樂芫企業社,93184469,台北市信義區富陽街40號,A-193184469-00001-3,餐飲場所
羅記咖哩店,93184502,台北市信義區基隆路2段39巷10號1樓,A-193184502-00001-1,餐飲場所
京軒小吃店,93185777,台北市信義區光復南路473巷29號,A-193185777-00001-6,餐飲場所
箴乃美食坊,93187389,台北市信義區吳興街71號,A-193187389-00001-7,餐飲場所
必哈咖啡,93189669,台北市信義區虎林街120巷172號1樓,A-193189669-00001-0,餐飲場所
未知星體咖啡廳,93190119,台北市信義區林口街64之4號1樓,A-193190119-00001-2,餐飲場所
醬波滷味,93190286,台北市信義區莊敬路417號,A-193190286-00001-7,餐飲場所
老漿豆漿店,93191243,台北市信義區忠孝東路5段390號1樓,A-193191243-00001-1,餐飲場所
祈麟商行,93191567,台北市信義區吳興街269巷22號1樓,A-193191567-00001-0,餐飲場所
釜山焰食府商行,93192876,台北市信義區信義路4段450巷5號,A-193192876-00001-4,餐飲場所
二六九滿巷自助餐店,93193853,台北市信義區吳興街269巷14號1樓,A-193193853-00001-0,餐飲場所
葉葉樹食店,93195135,台北市信義區崇德街36號1樓,A-193195135-00001-5,餐飲場所
妞妞的商行,93197318,台北市信義區吳興街156巷35號,A-193197318-00001-0,餐飲場所
詩丹咖啡店,93198724,台北市信義區忠孝東路5段71巷26號,A-193198724-00001-2,餐飲場所
常茂食品商行,93200539,台北市信義區永吉路30巷158弄9號,A-193200539-00001-0,餐飲場所
松居自助餐店,93203959,台北市信義區松山路281號1樓,A-193203959-00001-9,餐飲場所
蒔慕股份有限公司,93366003,台北市信義區忠孝東路四段515號1樓D區1002,A-193366003-00005-3,餐飲場所
香港商聞綺台灣有限公司,97502057,台北市信義區台北市松壽路11號1樓,A-197502057-00004-7,餐飲場所
香港商聞綺台灣有限公司,97502057,台北市信義區忠孝東路四段505號B區B2F櫃號012,A-197502057-00032-8,餐飲場所
烘焙雲股份有限公司,97594703,台北市信義區松壽路20號,A-197594703-00001-3,餐飲場所
天辰寰球股份有限公司,97606166,台北市信義區光復南路449-1號1樓,A-197606166-00001-0,餐飲場所
貳虎茶倉餐飲股份有限公司,97606412,台北市信義區永吉路30巷117號,A-197606412-00002-5,餐飲場所
奧立娛樂股份有限公司火星咖啡分公司,98641113,台北市信義區松壽路22號,A-198641113-00001-2,餐飲場所
冠美早餐店,99634646,台北市信義區永吉路33號1樓,A-199634646-00001-6,餐飲場所
玖盛小吃店,38498438,台北市信義區信義路6段83號1樓,A-200196844-00001-2,餐飲場所
怡人食品行,01624145,台北市信義區松信路78號1樓,A-200197126-00001-6,餐飲場所
納尼起酥蛋糕,,台北市信義區虎林街60巷2號,A-200197154-00001-7,餐飲場所
永楹有限公司,83225130,台北市信義區莊敬路391巷11弄3號,A-200197225-00001-6,餐飲場所
陸地涼麵,,台北市信義區松山路180號,A-200197383-00001-1,餐飲場所
洪家甜不辣 肉圓 油粿,,台北市信義區永吉路517巷8弄2號對面,A-200197636-00001-2,餐飲場所
齒留香湯包專賣店,21756404,台北市信義區台北市信義區虎林街132巷43號,A-200197669-00001-8,餐飲場所
寶咖咖啡商號,72986695,台北市信義區忠孝東路5段492巷8號,A-200198177-00001-3,餐飲場所
蜀翻天酸辣粉,,台北市信義區吳興街8巷5號,A-200198387-00001-6,餐飲場所
睿宸商行,76446538,台北市信義區莊敬路289巷4弄12號1樓,A-200198942-00001-3,餐飲場所
萊客早餐吧,26202142,台北市信義區永吉路120巷27弄1號1樓,A-200198969-00001-2,餐飲場所
妙觀音素食有限公司,92605532,台北市信義區忠孝東路五段1之5號,A-200198994-00016-6,餐飲場所
瑞哥小吃店,88290530,台北市信義區基隆路2段19號,A-202268219-00001-0,餐飲場所
嗎哪早餐店,31814213,台北市信義區安康里信義路６段１７號,A-202268381-00001-0,餐飲場所
澤承韓式小吃店,42503671,台北市信義區虎林街137號,A-202268588-00001-9,餐飲場所
品麥麵店,93133574,台北市信義區嘉興街179-16號,A-202268617-00001-2,餐飲場所
華吉商行,00627008,台北市信義區忠孝東路5段165巷5號,A-202268805-00002-2,餐飲場所
五湖四海豆漿店,73174920,台北市信義區松信路91號1樓,A-202268840-00001-0,餐飲場所
輕徠輕食,,台北市信義區松高路19號,A-202268990-00001-6,餐飲場所
翔太商店,76360834,台北市信義區嘉興街315號,A-202269098-00001-6,餐飲場所
晶濎美式加州壽司,93181863,台北市信義區福德街262號1樓,A-202269100-00001-0,餐飲場所
萊客多餐飲店,93180864,台北市信義區莊敬路404號1樓,A-202269229-00001-2,餐飲場所
蓼松商行,73052102,台北市信義區中坡南路30號1樓,A-202269353-00001-0,餐飲場所
喆喆生活商行,88354843,台北市信義區和平東路3段331號1樓,A-202269548-00001-6,餐飲場所
青集所企業社,00384760,台北市信義區松仁路58號B3,A-202269875-00002-0,餐飲場所
林媽媽霸王鮮鍋店,48953527,台北市信義區中行里中坡南路９０號,A-202269925-00001-5,餐飲場所
村長關東煮,,台北市信義區吳興街170號,A-202270047-00001-2,餐飲場所
皇璽企業社,92759022,台北市信義區松壽街20號2樓,A-202270556-00001-7,餐飲場所
鶴鶴餐館,42502687,台北市信義區忠孝東路4段553巷22弄4號,A-202289325-00001-1,餐飲場所
島暉冰室,00586055,台北市信義區松山路164號1樓,A-202289430-00001-8,餐飲場所
玉里傳統小吃店,21716179,台北市信義區虎林街121號1樓,A-202289683-00001-8,餐飲場所
珍饌養生膳食店,93199152,台北市信義區吳興街58號1樓,A-202289854-00001-8,餐飲場所
越旺商行,88372271,台北市信義區中興里文昌街316號1樓,A-202289924-00001-6,餐飲場所
雅諒食糖有限公司,60768831,台北市信義區虎林街132巷19號1樓,A-202306103-00001-5,餐飲場所
雅諒食糖有限公司,60768831,台北市信義區虎林街132巷19號1樓,A-202306103-00002-6,餐飲場所
日入銅鑼燒,93201761,台北市信義區忠孝東路5段492巷7號1樓,A-202306411-00001-7,餐飲場所
老周家豬腳飯,00585324,台北市信義區福德街109號,A-202306674-00001-8,餐飲場所
品湯包,,台北市信義區台北市信義區永吉路30巷158弄1號,A-202306905-00001-5,餐飲場所
昕勝健康美食坊,88222843,台北市信義區吳興街125號,A-202306927-00001-9,餐飲場所
蔚嵐鳶秧主題概念設計有限公司,60703325,台北市信義區基隆路1段157號,A-202307051-00001-8,餐飲場所
澄辰小吃餐坊,00555882,台北市信義區崇德街32號1樓,A-202307214-00001-9,餐飲場所
金地瓜小吃店,00577350,台北市信義區嘉興街129號,A-202307260-00001-0,餐飲場所
廣香廚素食館,48513789,台北市信義區莊敬路422號,A-202307603-00001-1,餐飲場所
文常韮菜盒,,台北市信義區110台北市信義區虎林街82巷26號,A-202307898-00001-7,餐飲場所
天合鐵板燒小吃店,10394658,台北市信義區松山路540巷20號1樓,A-278958548-00001-4,餐飲場所
洲際伺食股份有限公司,93926131,台北市信義區松高路12號 B2,A-278958703-00003-9,餐飲場所
洲際伺食股份有限公司,93926131,台北市信義區忠孝東路4段515號D棟B2-B2224,A-278958703-00006-2,餐飲場所
美而美早餐店,48707011,台北市信義區虎林街132巷44號1樓,A-278958924-00001-2,餐飲場所
宋記烤肉快餐,75905680,台北市信義區吳興街269巷11號1樓,A-278959098-00001-5,餐飲場所
握握餐飲股份有限公司,,台北市信義區吳興街55號,A-278959168-00001-3,餐飲場所
協力燒肉飯,38575032,台北市信義區嘉興街211號,A-278959251-00001-6,餐飲場所
玖豆冰品店,88363771,台北市信義區莊敬路396號1樓,A-278959778-00001-0,餐飲場所
阿卡拉炸雞 虎林店,,台北市信義區虎林街56巷1-2號,A-278960278-00001-7,餐飲場所
轉角炸雞 蔥抓餅,,台北市信義區虎林街132巷7號,A-278960279-00001-8,餐飲場所
象山麵店,,台北市信義區松仁路215巷2號1樓,A-278960384-00001-5,餐飲場所
全家便利商店股份有限公司,23060248,台北市信義區中坡北路２５號,A-123060248-11996-9,餐飲場所
全家便利商店股份有限公司,23060248,台北市信義區松山路１１號地下１樓,A-123060248-12537-1,餐飲場所
全家便利商店股份有限公司,23060248,台北市信義區忠孝東路４段４００號Ｂ１,A-123060248-13275-1,餐飲場所
全家便利商店股份有限公司,23060248,台北市信義區忠孝東路四段515號D棟B2,A-123060248-13373-0,餐飲場所
全家便利商店股份有限公司,23060248,台北市信義區忠孝東路四段515號D棟B1,A-123060248-13374-1,餐飲場所
全家便利商店股份有限公司,23060248,台北市信義區福德街８４巷３２號１樓,A-123060248-13550-7,餐飲場所
全家便利商店股份有限公司,23060248,台北市信義區信安街４７巷２３號１樓,A-123060248-14010-9,餐飲場所
帽哥海味小吃店,85442359,台北市信義區忠孝東路四段559巷16弄8號1樓,F-200165354-00001-9,餐飲場所
馡曄國際股份有限公司,42680303,台北市信義區松山路11號,B-142680303-00016-2,餐飲場所
三隻猴子美食廚房,93187819,台北市信義區松山路449號1樓,F-200185675-00001-7,餐飲場所
老林食上,93003072,台北市信義區吳興街284巷11-2號,F-200185944-00001-6,餐飲場所
立偕生活文化股份有限公司,54186708,台北市信義區光復南路133號,A-154186708-00001-8,餐飲場所
阿一饌品有限公司,54197276,台北市信義區忠孝東路四段559巷24號,A-154197276-00003-2,餐飲場所
焦唐楓餐飲文化股份有限公司,54199324,台北市信義區永吉路30巷120號,A-154199324-00001-6,餐飲場所
礽豐國際餐飲股份有限公司,54219969,台北市信義區松壽路12號4樓,A-154219969-00003-6,餐飲場所
特威茶葉有限公司,54269242,台北市信義區市府路45號5樓L501,A-154269242-00002-4,餐飲場所
丰騰美食有限公司,54271423,台北市信義區信義路四段393號1樓,A-154271423-00003-9,餐飲場所
馳宙行銷有限公司,54287804,台北市信義區忠孝東路五段8號B2,A-154287804-00001-7,餐飲場所
瓦城泰統股份有限公司竹科分公司,54292905,台北市信義區松仁路58號14樓,A-154292905-00004-8,餐飲場所
京嘉國際餐飲股份有限公司,,台北市信義區景聯里吳興街３８號,A-154306892-00001-6,餐飲場所
京王品餐飲股份有限公司,54321084,台北市信義區松壽路11號,A-154321084-00001-6,餐飲場所
尊榮股份有限公司,54341650,台北市信義區松高路19號B1,A-154341650-00002-8,餐飲場所
壹珈一有限公司,83073957,台北市信義區基隆路2段22之4號1樓,A-183073957-00002-2,餐飲場所
聚食育樂食品股份有限公司,83080752,台北市信義區松高路12號B2,A-183080752-00002-3,餐飲場所
聚食育樂食品股份有限公司,83080752,台北市信義區松壽路11號B2,A-183080752-00004-5,餐飲場所
小本有限公司,83083553,台北市信義區基隆路1段190巷7號1樓,A-183083553-00001-4,餐飲場所
瀧安有限公司,83095278,台北市信義區松壽路12號(櫃位編號:5樓-40),A-183095278-00001-1,餐飲場所
奎士股份有限公司,83097938,台北市信義區忠孝東路四段563號一樓,A-183097938-00001-6,餐飲場所
奎士股份有限公司,83097938,台北市信義區松壽路11號2樓,A-183097938-00003-8,餐飲場所
奎士股份有限公司,83097938,台北市信義區松仁路58號四樓,A-183097938-00005-0,餐飲場所
奎士股份有限公司,83097938,台北市信義區市府路45號B1,A-183097938-00006-1,餐飲場所
口香糖俱樂部股份有限公司,83115794,台北市信義區信義路五段18號B1,A-183115794-00010-7,餐飲場所
耕筵股份有限公司,83119861,台北市信義區光復南路423號1樓,A-183119861-00001-6,餐飲場所
康丞生醫企業有限公司,83121228,台北市信義區松壽路11號B2,A-183121228-00002-7,餐飲場所
康丞生醫企業有限公司,83121228,台北市信義區忠孝東路5段8號 B2,A-183121228-00013-9,餐飲場所
康丞生醫企業有限公司,83121228,台北市信義區松壽路11號B2,A-183121228-00014-0,餐飲場所
若水金禾餐飲股份有限公司,83122492,台北市信義區忠孝東路四段553巷22弄4-1號,A-183122492-00001-0,餐飲場所
瑪沙餐飲有限公司,83142758,台北市信義區松山路415號一樓,A-183142758-00003-9,餐飲場所
我們的食代有限公司,83156041,台北市信義區基隆路2段199號,A-183156041-00001-7,餐飲場所
韓胖館餐飲有限公司,83156226,台北市信義區忠孝東路4段559巷26號1樓,A-183156226-00001-2,餐飲場所
治富食品股份有限公司,83160707,台北市信義區忠孝東路五段8號B2,A-183160707-00012-3,餐飲場所
小螺波餐飲股份有限公司,83176715,台北市信義區永吉路30巷157弄2號1樓,A-183176715-00007-3,餐飲場所
蓉鼎有限公司,89595503,台北市信義區忠孝東路4段553巷24號1樓,A-189595503-00001-3,餐飲場所
中敦國際股份有限公司,89621636,台北市信義區仁愛路4段505號,A-189621636-00001-0,餐飲場所
二十一世紀生活事業股份有限公司,89627033,台北市信義區松高路12號B2(A8館),A-189627033-00012-9,餐飲場所
二十一世紀生活事業股份有限公司,89627033,台北市信義區忠孝東路五段8號B2,A-189627033-00036-5,餐飲場所
二十一世紀生活事業股份有限公司,89627033,台北市信義區松仁路 58 號 4 樓,A-189627033-00090-5,餐飲場所
二十一世紀生活事業股份有限公司,89627033,台北市信義區信義路五段5號2樓,A-189627033-00093-8,餐飲場所
二十一世紀生活事業股份有限公司,89627033,台北市信義區松仁路91-1號1樓,A-189627033-00161-4,餐飲場所
二十一世紀生活事業股份有限公司,89627033,台北市信義區新仁里東興路57號,A-189627033-00173-7,餐飲場所
二十一世紀生活事業股份有限公司,89627033,台北市信義區忠孝東路五段6號1樓,A-189627033-00200-8,餐飲場所
二十一世紀生活事業股份有限公司,89627033,台北市信義區永吉路30巷178弄1號一樓,A-189627033-00232-3,餐飲場所
二十一世紀生活事業股份有限公司,89627033,台北市信義區東興路67號1樓,A-189627033-00258-1,餐飲場所
二十一世紀生活事業股份有限公司,89627033,台北市信義區市府路45號B1,A-189627033-00306-5,餐飲場所
二十一世紀生活事業股份有限公司,89627033,台北市信義區信義路五段7號35樓,A-189627033-00324-5,餐飲場所
二十一世紀生活事業股份有限公司,89627033,台北市信義區忠孝東路五段68號24樓,A-189627033-00345-8,餐飲場所
二十一世紀生活事業股份有限公司,89627033,台北市信義區信安街200號1樓,A-189627033-00361-6,餐飲場所
二十一世紀生活事業股份有限公司,89627033,台北市信義區市府路45號B1,A-189627033-00370-6,餐飲場所
二十一世紀生活事業股份有限公司,89627033,台北市信義區松高路11號B1 08-1,A-189627033-00413-4,餐飲場所
逸國際餐食股份有限公司,95434821,台北市信義區忠孝東路四段515號(臺北大巨蛋D區1F),A-195434821-00001-5,餐飲場所
數匯智控山海豆花股份有限公司,95435883,台北市信義區110台北市信義區松壽路11號B2,A-195435883-00003-6,餐飲場所
梣安餐飲有限公司,95435933,台北市信義區忠孝東路五段8號7樓,A-195435933-00002-1,餐飲場所
軒寓閣樓府旺股份有限公司,95450390,台北市信義區松高路16號B2,A-195450390-00001-4,餐飲場所
極致餐飲股份有限公司,95451145,台北市信義區松仁路89號2樓,A-195451145-00001-3,餐飲場所
高偲酌有限公司,95452101,台北市信義區嘉興街36號,A-195452101-00001-6,餐飲場所
姸生國際有限公司,95456964,台北市信義區松高路11號,A-195456964-00005-1,餐飲場所
富士南山餐飲有限公司,95463634,台北市信義區松智路17號5樓,A-195463634-00001-9,餐飲場所
品豐餐飲股份有限公司,95470543,台北市信義區忠孝東路5段372巷27弄75之2號1樓,A-195470543-00001-6,餐飲場所
貿邦股份有限公司,95472578,台北市信義區通化街57巷8-1號,A-195472578-00003-8,餐飲場所
信義時光餐飲企業有限公司,95475126,台北市信義區松壽路,A-195475126-00001-8,餐飲場所
加一國際股份有限公司,95485237,台北市信義區松智路17號B2,A-195485237-00002-3,餐飲場所
城市光韻股份有限公司,95493594,台北市信義區松高路77號33樓,A-195493594-00001-7,餐飲場所
極味鮮股份有限公司,96109801,台北市信義區松壽路11號,A-196109801-00001-3,餐飲場所
滿堂紅國際餐飲股份有限公司,96750466,台北市信義區臺北市信義區松隆路73巷2號,A-196750466-00003-4,餐飲場所
侖典國際餐飲有限公司,96766875,台北市信義區菸廠路88號B1,A-196766875-00001-3,餐飲場所
廣程餐飲股份有限公司,96773545,台北市信義區莊敬路407號1樓,A-196773545-00002-6,餐飲場所
揪起來娛樂股份有限公司,96776352,台北市信義區松壽路11號,A-196776352-00001-4,餐飲場所
滿滿荷包餐飲有限公司,96778485,台北市信義區嘉興街8號,A-196778485-00001-3,餐飲場所
阮大娘滷味坊,37808548,台北市信義區市府路1號B2,A-200034751-00006-5,餐飲場所
大方豆花店,38530021,台北市信義區莊敬路378號1樓,A-200037601-00001-7,餐飲場所
立泰小吃店,10308598,台北市信義區和平東路3段363號1樓,A-200040636-00001-9,餐飲場所
尼爾森概念生活有限公司,,台北市信義區莊敬路391巷11弄3號,A-200042474-00001-1,餐飲場所
林家牛肉麵,10303989,台北市信義區吳興街281巷9號,A-200042558-00001-4,餐飲場所
黃記美味燒臘店,10368119,台北市信義區信義路六段108號,A-200042767-00001-6,餐飲場所
蕎捌涼麵坊,,台北市信義區永吉路419號1樓,A-202323450-00001-9,餐飲場所
文創飲食亭,,台北市信義區忠孝東路4段553巷16弄1之1號1樓,A-202323500-00001-5,餐飲場所
津川屋,72981919,台北市信義區中坡南路26號1樓,A-202323503-00001-8,餐飲場所
喫山曉餐廳,88365623,台北市信義區吳興街281巷15號1樓,A-202323903-00001-2,餐飲場所
興亞鐵板燒店,81747838,台北市信義區信義路6段98號1樓,A-202324048-00001-3,餐飲場所
小安狗掌燒,00515411,台北市信義區松山路１１號地下１樓商業空間Ｇ２－１號,A-202324128-00001-2,餐飲場所
向鑫力有限公司,,台北市信義區松壽路12號(1F-Y-1),A-202324506-00001-2,餐飲場所
歐麥雞排店,88202234,台北市信義區松山路541巷3號1樓,A-202324656-00001-8,餐飲場所
韓妞妞韓式烤肉飯,,台北市信義區忠孝東路5段372巷27弄77之2號1樓,A-222256332-00001-5,餐飲場所
柒玖甜舖商行,75140502,台北市信義區忠孝東路4段553巷22弄53號1樓,A-222256412-00001-4,餐飲場所
婕華食品行,88159829,台北市信義區松山路109號1樓及地下1層,A-222256503-00001-5,餐飲場所
黃家𩵚魠魚焿,25627120,台北市信義區中坡南路138、140號,A-222256565-00001-3,餐飲場所
雙印食品有限公司,12657728,台北市信義區松高路19號6樓,A-252256729-00002-9,餐飲場所
阿嬤的米粉湯,76385933,台北市信義區林口街30號1樓,A-252256811-00001-0,餐飲場所
新四海豆漿,,台北市信義區吳興街156巷17號,A-278957439-00001-2,餐飲場所
豬豬鬆餅早午餐,42380930,台北市信義區福德街34號一樓,A-278957609-00001-1,餐飲場所
豬豬鬆餅早午餐,42380930,台北市信義區大仁里福德街３４號１樓,A-278957609-00002-2,餐飲場所
貴妃商行,,台北市信義區松仁路58號4樓,A-278957706-00001-9,餐飲場所
南台虱目魚之家,88158265,台北市信義區吳興街249號,A-278958071-00001-5,餐飲場所
松隆滷肉飯,26358622,台北市信義區松隆路72號,A-278958303-00001-3,餐飲場所
滷臭味甘,,台北市信義區松山路541巷15號,F-200150474-00001-6,餐飲場所
激丼食堂,,台北市信義區基隆路1段350號1樓之31,F-200233957-00001-4,餐飲場所
食昌企業股份有限公司,16794266,台北市信義區松壽路9號7F,A-116794266-00006-5,餐飲場所
馥餘實業股份有限公司,16852172,台北市信義區信義路5段6號,A-116852172-00016-7,餐飲場所
馥餘實業股份有限公司,16852172,台北市信義區忠孝東路五段526號,A-116852172-00040-4,餐飲場所
葉味香企業社,18408439,台北市信義區市府路45號B1,A-118408439-00001-6,餐飲場所
天仁茶業股份有限公司,18559415,台北市信義區菸廠路88號B1,A-118559415-00231-2,餐飲場所
天仁茶業股份有限公司,18559415,台北市信義區松壽路12號1樓,A-118559415-00249-1,餐飲場所
天仁茶業股份有限公司,18559415,台北市信義區松高路12號B2,A-118559415-00261-5,餐飲場所
饗御股份有限公司,89186113,台北市信義區基隆路1段147巷21號1樓,A-202290376-00001-9,餐飲場所
饗御股份有限公司,89186113,台北市信義區松智路17號B1,A-202290376-00002-0,餐飲場所
食席美食館,,台北市信義區和平東路3段253號,A-202290378-00001-1,餐飲場所
普羅商行,93133862,台北市信義區莊敬路320號,A-202290558-00001-1,餐飲場所
越卷越好美食坊,93202678,台北市信義區虎林街120巷154號1樓,A-202290738-00001-1,餐飲場所
就是幸福咖啡坊,26219137,台北市信義區忠孝東路4段553巷6弄8之1號,A-202290807-00001-8,餐飲場所
外星人捲餅舖,26344281,台北市信義區虎林街227號1樓,A-202291329-00001-8,餐飲場所
飴品商行,88357150,台北市信義區吳興街168之1號1樓,A-202308083-00001-4,餐飲場所
盛安小吃店,93202797,台北市信義區忠孝東路四段559巷16弄15號,A-202308117-00001-2,餐飲場所
晨廣有限公司,94105766,台北市信義區松高路11號,A-202308257-00001-7,餐飲場所
廷驛企業社,00553723,台北市信義區和平東路3段329號1樓,A-202308692-00001-0,餐飲場所
桑德奕餐館,93183932,台北市信義區松山路464號1樓,A-202309182-00001-5,餐飲場所
王侯企業社,93185988,台北市信義區林口街74號1樓,A-202309298-00001-3,餐飲場所
禾子小吃店,00606622,台北市信義區永吉路30巷158弄1號,A-202310394-00001-2,餐飲場所
瑪西所有餐飲有限公司一零一分公司,60484861,台北市信義區吳興街345號1樓,A-202318608-00001-8,餐飲場所
韓一村小吃店,31855852,台北市信義區莊敬路430號,A-202318654-00001-9,餐飲場所
六段炒飯,,台北市信義區信義路6段122號,A-202319413-00001-3,餐飲場所
豪佳米粉湯,00582522,台北市信義區中坡南路144號右側,A-202320146-00001-8,餐飲場所
巢飯小吃店,88197773,台北市信義區新仁里基隆路一段１９０巷５號,A-202320656-00001-4,餐飲場所
咿啵喲鬆餅店,91184816,台北市信義區松壽路11號B2,A-202320694-00001-6,餐飲場所
佳香滷味小舖,38579608,台北市信義區吳興街136號1樓,A-202321220-00001-2,餐飲場所
永肆商行,99612946,台北市信義區虎林街132巷16號1樓,A-202321399-00001-9,餐飲場所
竹村食品有限公司,13122717,台北市信義區松仁路253巷1弄2號1樓,A-278961495-00001-9,餐飲場所
泰緬小館,,台北市信義區忠孝東路五段236巷22號,A-278961983-00001-1,餐飲場所
逸先堂自助餐坊,,台北市信義區逸仙路50巷26號1樓,A-278962077-00001-6,餐飲場所
早點見面早餐店,88148062,台北市信義區吳興街156巷25弄1號1樓,A-278962386-00001-9,餐飲場所
南部黃𩵚魠魚焿,72962568,台北市信義區吳興街２６９巷２６號１樓,A-278962988-00001-7,餐飲場所
捌豆冰品店,88369472,台北市信義區信安街145號,A-278963024-00001-9,餐飲場所
劉記溫體牛商行,93151811,台北市信義區大道路67號,A-278966795-00001-7,餐飲場所
台北水餃王,88240125,台北市信義區景新里莊敬路３２５巷１９號１樓,A-278966859-00001-8,餐飲場所
阿鵝餐坊,88384207,台北市信義區吳興街156巷7弄6號,A-278966887-00001-9,餐飲場所
泰緬廚房,,台北市信義區忠孝東路五段236巷26號,A-299998644-00001-8,餐飲場所
鱻聚霸生猛海鮮,88089063,台北市信義區永吉路179號1樓,A-299998792-00001-2,餐飲場所
蘭香排骨飯館,48583378,台北市信義區吳興街485號,A-200125321-00001-4,餐飲場所
一耀食坊,,台北市信義區松仁路163號3樓,A-200125407-00001-9,餐飲場所
唯餉咖哩食堂,,台北市信義區吳興街184巷10號,A-200125495-00001-6,餐飲場所
唯餉咖哩食堂,,台北市信義區吳興街184巷10號,A-200125496-00001-7,餐飲場所
樂福餐館,42402907,台北市信義區吳興街286號,A-200125522-00001-7,餐飲場所
義麵屋,98885031,台北市信義區吳興街269巷16號,A-200125559-00001-7,餐飲場所
東昇池上便當店,48935795,台北市信義區吳興街281巷17號,A-200125671-00001-2,餐飲場所
津香小吃店,,台北市信義區吳興街121號,A-200125703-00001-8,餐飲場所
維宇小吃店,25579838,台北市信義區莊敬路406號1樓,A-200126058-00001-2,餐飲場所
糧心廚房,,台北市信義區光復南路419巷10號(糧心廚房),A-200126104-00001-4,餐飲場所
川揚友梅小吃館,20952998,台北市信義區莊敬路３３３號,A-200126144-00001-8,餐飲場所
香都小吃店,81650094,台北市信義區忠孝東路5段743巷9號1樓,A-200126461-00001-0,餐飲場所
滷先覺小吃店,,台北市信義區莊敬路420之1號,A-200143770-00001-2,餐飲場所
提摩手作坊,42301577,台北市信義區四育里虎林街３８―４號,A-200143773-00001-5,餐飲場所
傲翔中泰料理店,,台北市信義區信安街127號1樓,A-200143915-00001-3,餐飲場所
果樹媽媽食品有限公司,82961130,台北市信義區忠孝東路5段8號B2,A-200144062-00001-7,餐飲場所
果樹媽媽食品有限公司,82961130,台北市信義區菸廠路88號,A-200144062-00003-9,餐飲場所
果樹媽媽食品有限公司,82961130,台北市信義區松仁路58號4樓,A-200144062-00010-7,餐飲場所
果樹媽媽食品有限公司,82961130,台北市信義區松高路11號B2,A-200144062-00011-8,餐飲場所
三重現做赤肉羹,,台北市信義區崇德街111號,A-200144139-00001-2,餐飲場所
牛魔王有限公司,54352369,台北市信義區松高路12號B2,A-200144237-00004-4,餐飲場所
帕拉商行,,台北市信義區基隆路一段147巷5弄46號,A-200144345-00001-1,餐飲場所
多倫斯早午餐,,台北市信義區虎林街132巷88號A室,A-200144514-00001-9,餐飲場所
川霸子麻辣燙,,台北市信義區吳興街161號,A-200144523-00001-9,餐飲場所
翠味軒滇緬小舘,,台北市信義區吳興街112號,A-200144677-00001-9,餐飲場所
涵饌堂,,台北市信義區信義路6段102號,A-200144910-00001-9,餐飲場所
涵饌堂,,台北市信義區信義路6段102號,A-200144911-00001-0,餐飲場所
鑫營雞肉本舖,75921823,台北市信義區松山路145號,A-200163213-00001-6,餐飲場所
田豈有限公司台北北醫分公司,96799593,台北市信義區吳興街253號1樓,A-200193444-00001-5,餐飲場所
久榮羊肉,,台北市信義區松山路541巷5號1樓,A-200193449-00001-0,餐飲場所
福客鹹酥雞(原啼款雞 信義店),,台北市信義區林口街41號,A-200193473-00001-7,餐飲場所
澳森小吃店,26215131,台北市信義區基隆路1段190巷11號,A-200193568-00001-2,餐飲場所
明峯行,25594248,台北市信義區永吉路30巷26號,A-200193570-00001-5,餐飲場所
丁記麵館,21752701,台北市信義區虎林街８２巷５８號,A-200193612-00001-2,餐飲場所
四川特色滷味,42552742,台北市信義區永吉路30巷83弄15號1樓,A-200193631-00001-3,餐飲場所
四川特色滷味,42552742,台北市信義區松隆路62號1樓,A-200193631-00002-4,餐飲場所
錡品企業社,88145635,台北市信義區虎林街161號1樓,A-200193684-00001-1,餐飲場所
極品鹽水雞,,台北市信義區松山路515巷22號,A-200193843-00001-8,餐飲場所
古早風炭燒豆花,,台北市信義區松山路540巷3弄5號1樓,A-200193873-00001-1,餐飲場所
張家小麵,88391636,台北市信義區忠孝東路5段423巷5弄3號1樓,A-200193881-00001-0,餐飲場所
坦克風格咖啡館,,台北市信義區忠孝東路4段553巷46弄14號1樓,A-200193909-00001-1,餐飲場所
禾月居小吃店,38472964,台北市信義區忠孝東路4段553巷6弄14號,A-200193923-00001-7,餐飲場所
金鵝肉小吃店,48960787,台北市信義區松德路62號,A-200193947-00001-3,餐飲場所
洛克狗兒商行,75769496,台北市信義區光復南路415巷62號,A-200193958-00001-5,餐飲場所
辣八巷食舖,76373325,台北市信義區吳興街八巷3號,A-200193992-00001-3,餐飲場所
三粒小吃店,29246290,台北市信義區松信路149號,A-200193994-00001-5,餐飲場所
冠捷-脆皮黃金肉圓(信義店),,台北市信義區林口街4-2號,A-202262462-00001-4,餐飲場所
六本木極上無水咖喱 信義松仁店,,台北市信義區松仁路289號2樓,A-202262580-00001-5,餐飲場所
圩村日式丼飯,,台北市信義區忠孝東路五段492巷12號,A-202262752-00001-6,餐飲場所
酷嗑斯美式炸雞 永吉店,,台北市信義區永吉路429號,A-202262852-00001-7,餐飲場所
意華行,48998989,台北市信義區虎林街168號,A-202262963-00001-0,餐飲場所
YONGBO deli.,,台北市信義區福德街53號,A-202262994-00001-4,餐飲場所
湘容小吃店,17754158,台北市信義區忠孝東路4段559巷16弄6號1樓,A-202263014-00001-8,餐飲場所
Uber Eats 申請食安用,,台北市信義區虎林街60巷2號,A-202263092-00001-4,餐飲場所
巧仙企業社,,台北市信義區吳興街33號1樓,A-202263190-00001-3,餐飲場所
暖居商行,75351111,台北市信義區基隆路2段51號,A-202263235-00001-3,餐飲場所
灶家小吃店,88302254,台北市信義區信義路6段112號,A-202263736-00001-9,餐飲場所
翰林國際企業股份有限公司,84957153,台北市信義區松壽路11號B2樓,A-184957153-00054-9,餐飲場所
拾楀餐飲股份有限公司,85002351,台北市信義區基隆路一段155-1號,A-185002351-00001-3,餐飲場所
拾楀餐飲股份有限公司,85002351,台北市信義區市府路45號B1,A-185002351-00003-5,餐飲場所
自家酒房有限公司,85007172,台北市信義區嘉興街12號,A-185007172-00001-9,餐飲場所
聚食樂有限公司,85007476,台北市信義區基隆路2段187號,A-185007476-00001-6,餐飲場所
元饗股份有限公司,85011555,台北市信義區忠孝東路5段427號1樓,A-185011555-00008-6,餐飲場所
元饗股份有限公司,85011555,台北市信義區和平東路三段265號,A-185011555-00012-1,餐飲場所
米迪兒國際有限公司,85024221,台北市信義區松智路17號b2 微風南山美食廣場,A-185024221-00002-4,餐飲場所
廣略國際股份有限公司,85024427,台北市信義區基隆路一段145號,A-185024427-00001-1,餐飲場所
呈澄國際有限公司,85032242,台北市信義區(110)臺北市信義區基隆路２段25號,A-185032242-00001-5,餐飲場所
穎泰國際行銷有限公司,85033994,台北市信義區松高路12號B1,A-185033994-00007-6,餐飲場所
清合國際實業有限公司,85043418,台北市信義區忠孝東路4段559巷16弄13號,A-185043418-00001-2,餐飲場所
卡門氏有限公司,85046484,台北市信義區光復南路447之48號,A-185046484-00002-9,餐飲場所
合家富商行,88379295,台北市信義區松山路445號1樓,A-188379295-00001-0,餐飲場所
麵小辰小吃店,88379540,台北市信義區基隆路1段147巷5弄3號1樓,A-188379540-00001-3,餐飲場所
四季香廚房,88380770,台北市信義區永吉路326巷42號,A-188380770-00001-0,餐飲場所
悠克霏商行,88383586,台北市信義區虎林街121巷8號1樓,A-188383586-00001-8,餐飲場所
旬拌麵舖,88383707,台北市信義區忠孝東路5段524巷1弄2號1樓,A-188383707-00001-3,餐飲場所
小太陽商行,88383734,台北市信義區忠孝東路5段524巷1弄3號,A-188383734-00001-3,餐飲場所
刁民萊斯義餐飲有限公司,89135564,台北市信義區松壽路12號1樓及地下室1樓,A-189135564-00001-0,餐飲場所
史華格餐飲股份有限公司,89139323,台北市信義區忠孝東路五段68號4樓,A-189139323-00002-8,餐飲場所
台灣夿萐咖啡股份有限公司,89141708,台北市信義區松高路12號1樓,A-189141708-00001-7,餐飲場所
立陶宛莊園有限公司,89149650,台北市信義區虎林街132巷77號1樓,A-189149650-00001-1,餐飲場所
金皇食品股份有限公司,89152079,台北市信義區市府路45號B1 18號櫃,A-189152079-00006-5,餐飲場所
小聰明文創行銷有限公司,89157406,台北市信義區基隆路二段131之24號,A-189157406-00001-9,餐飲場所
卜卜角股份有限公司,89163857,台北市信義區松高路12號B2（新光三越A8館B2）,A-189163857-00009-4,餐飲場所
卜卜角股份有限公司,89163857,台北市信義區松高路19號B2美食街,A-189163857-00014-0,餐飲場所
聿盛企業股份有限公司,89171385,台北市信義區光復南路453-3號,A-189171385-00002-2,餐飲場所
綺麗堂股份有限公司,89171792,台北市信義區松壽路12號4樓,A-189171792-00001-3,餐飲場所
未來餐飲股份有限公司,89182926,台北市信義區忠孝東路4段553巷46弄11號1樓,A-189182926-00001-4,餐飲場所
富萊兒國際餐飲股份有限公司,90277843,台北市信義區松仁路101號B2,A-190277843-00001-9,餐飲場所
米塔興業股份有限公司,90306397,台北市信義區菸廠路88號B1,A-190306397-00027-4,餐飲場所
豊漁股份有限公司,90323071,台北市信義區松壽路9號7樓(新光三越A9館),A-190323071-00005-8,餐飲場所
豊漁股份有限公司,90323071,台北市信義區松壽路9號6樓(新光三越A9館),A-190323071-00006-9,餐飲場所
豊漁股份有限公司,90323071,台北市信義區松仁路58號B3 (信義A13),A-190323071-00020-5,餐飲場所
豊漁股份有限公司,90323071,台北市信義區松仁路58號B3(信義A13),A-190323071-00027-2,餐飲場所
豊漁股份有限公司,90323071,台北市信義區市府路45號4樓(台北101購物中心),A-190323071-00033-9,餐飲場所
豊漁股份有限公司,90323071,台北市信義區市府路45號4樓(台北101購物中心),A-190323071-00036-2,餐飲場所
豊漁股份有限公司,90323071,台北市信義區松高路12號B2(台北信義新天地A8),A-190323071-00046-3,餐飲場所
豊漁股份有限公司,90323071,台北市信義區市府路45號B1(台北101購物中心),A-190323071-00050-8,餐飲場所
豊漁股份有限公司,90323071,台北市信義區市府路45號B1(台北101購物中心),A-190323071-00051-9,餐飲場所
豊漁股份有限公司,90323071,台北市信義區松高路19號B2,A-190323071-00057-5,餐飲場所
豊漁股份有限公司,90323071,台北市信義區松高路19號,A-190323071-00062-1,餐飲場所
酉日創意有限公司,90324992,台北市信義區虎林街143號1樓,A-190324992-00001-7,餐飲場所
團圓酸白菜食品有限公司,90329379,台北市信義區和平東路三段421號,A-190329379-00001-1,餐飲場所
原過餐飲有限公司,90334154,台北市信義區忠孝東路5段510號之4號1樓,A-190334154-00002-9,餐飲場所
壹廚股份有限公司,90338454,台北市信義區市府路45號B1美食街,A-190338454-00001-5,餐飲場所
溫文儒雅有限公司,90356570,台北市信義區信義路4段397號1樓,A-190356570-00001-4,餐飲場所
獻和騰有限公司,90357515,台北市信義區松山路520號1樓,A-190357515-00020-5,餐飲場所
濠樂有限公司,90363256,台北市信義區忠孝東路4段553巷16弄2號,A-190363256-00001-3,餐飲場所
響艷信義股份有限公司,90363636,台北市信義區松仁路101號,A-190363636-00001-5,餐飲場所
饗印有限公司,90366401,台北市信義區基隆路1段366號,A-190366401-00001-8,餐飲場所
每日物件有限公司,90367437,台北市信義區光復南路133號松山文創園區辦公廳舍A6O108,A-190367437-00001-8,餐飲場所
日世冰淇淋有限公司,90367859,台北市信義區忠孝東路四段515號,A-190367859-00005-0,餐飲場所
威耀時代股份有限公司,90370708,台北市信義區忠孝東路五段532號,A-190370708-00005-7,餐飲場所
威耀時代股份有限公司,90370708,台北市信義區和平東路三段175號1樓,A-190370708-00017-0,餐飲場所
食柒股份有限公司,90371410,台北市信義區市府路45號B1,A-190371410-00001-4,餐飲場所
鼎楓餐飲有限公司,00185740,台北市信義區松壽路12號,A-100185740-00001-4,餐飲場所
果珍卉國際有限公司,00204562,台北市信義區吳興街220巷7號,A-100204562-00024-3,餐飲場所
山口小品有限公司,00224096,台北市信義區松信路75號1樓,A-100224096-00001-2,餐飲場所
思犇吉團有限公司思犇分公司,00231694,台北市信義區吳興街38號（1樓）,A-100231694-00001-4,餐飲場所
趣波奇有限公司,00233996,台北市信義區莊敬路343號1樓,A-100233996-00001-1,餐飲場所
小橙寓所有限公司,00239422,台北市信義區富陽街26號,A-100239422-00001-1,餐飲場所
那邊餐館,00537739,台北市信義區永吉路120巷45號,A-100537739-00001-3,餐飲場所
小汪食堂,00538239,台北市信義區松山路540巷13號,A-100538239-00001-9,餐飲場所
松隆鼎號,00538391,台北市信義區松隆路22號,A-100538391-00001-8,餐飲場所
沐曜堂餐飲商行,00539841,台北市信義區松山路401號,A-100539841-00001-9,餐飲場所
廣瑩企業社,00541121,台北市信義區信義路四段415之2號1樓,A-100541121-00001-3,餐飲場所
小萌牛商行,00542521,台北市信義區莊敬路423巷2弄2號,A-100542521-00001-8,餐飲場所
御隆茶館,00545034,台北市信義區松隆路70號1樓,A-100545034-00001-0,餐飲場所
丹利飲料店,00546977,台北市信義區莊敬路318號,A-100546977-00002-8,餐飲場所
禾盛商行,00626795,台北市信義區忠孝東路5段363號1樓,A-100626795-00001-4,餐飲場所
堡樂商行,00627247,台北市信義區和平東路3段173號1樓,A-100627247-00001-7,餐飲場所
三哥涼麵,00632419,台北市信義區松山路541巷17號1樓,A-100632419-00001-4,餐飲場所
臺北市信義區博愛國小,,台北市信義區松仁路95巷20號,A-101024331-00001-3,餐飲場所
優仕咖啡股份有限公司,01187025,台北市信義區忠孝東路四段505號B1,A-101187025-00017-0,餐飲場所
巧芝西點麵包店,01505990,台北市信義區吳興街12號1樓,A-101505990-00003-0,餐飲場所
永沛企業社,02335241,台北市信義區福德街278號,A-102335241-00001-9,餐飲場所
統一超商股份有限公司,22555003,台北市信義區松高路12號B1樓,A-122555003-29328-4,餐飲場所
統一超商股份有限公司,22555003,台北市信義區虎林街85號,A-122555003-29604-1,餐飲場所
統一超商股份有限公司,22555003,台北市信義區惠安里吳興街520號1樓,A-122555003-29605-2,餐飲場所
統一超商股份有限公司,22555003,台北市信義區吳興街156巷2弄2號4號1樓,A-122555003-29606-3,餐飲場所
統一超商股份有限公司,22555003,台北市信義區永吉路32號34號,A-122555003-29607-4,餐飲場所
統一超商股份有限公司,22555003,台北市信義區忠孝東路五段386號,A-122555003-29608-5,餐飲場所
統一超商股份有限公司,22555003,台北市信義區忠孝東路四段559巷6號,A-122555003-29609-6,餐飲場所
統一超商股份有限公司,22555003,台北市信義區吳興街252號,A-122555003-29611-9,餐飲場所
統一超商股份有限公司,22555003,台北市信義區松山路608號610號,A-122555003-29612-0,餐飲場所
統一超商股份有限公司,22555003,台北市信義區松山路136號138號,A-122555003-29613-1,餐飲場所
晶焱城有限公司,54009339,台北市信義區永吉路30巷158弄1號1樓,A-200050688-00002-8,餐飲場所
德佳佩餐坊,26245276,台北市信義區基隆路一段174巷5弄11號,A-200050906-00001-0,餐飲場所
信義霸味薑母鴨店,31849607,台北市信義區信義路六段67號1樓,A-200052032-00001-2,餐飲場所
第一鮮小吃店,08605734,台北市信義區林口街68號,A-108605734-00001-2,餐飲場所
美峰西點麵包店,09433794,台北市信義區和平東路3段391巷5號1樓,A-109433794-00004-1,餐飲場所
歐立食品股份有限公司,09499839,台北市信義區吳興街252號一樓(台北醫學大學附設醫院),A-109499839-00154-9,餐飲場所
和德昌股份有限公司,12411160,台北市信義區新仁里忠孝東路四段515號(D棟地下2層),A-112411160-01813-7,餐飲場所
豐隆大飯店股份有限公司,12464047,台北市信義區西村里松壽路2號,A-112464047-00002-8,餐飲場所
豐隆大飯店股份有限公司,12464047,台北市信義區西村里松壽路2號,A-112464047-00003-9,餐飲場所
豐隆大飯店股份有限公司,12464047,台北市信義區西村里松壽路2號,A-112464047-00004-0,餐飲場所
豐隆大飯店股份有限公司,12464047,台北市信義區西村里松壽路2號,A-112464047-00005-1,餐飲場所
豐隆大飯店股份有限公司,12464047,台北市信義區西村里松壽路2號,A-112464047-00006-2,餐飲場所
豐隆大飯店股份有限公司,12464047,台北市信義區西村里松壽路2號,A-112464047-00007-3,餐飲場所
豐隆大飯店股份有限公司,12464047,台北市信義區西村里松壽路2號,A-112464047-00008-4,餐飲場所
豐隆大飯店股份有限公司,12464047,台北市信義區西村里松壽路2號,A-112464047-00009-5,餐飲場所
興葉商店,12562075,台北市信義區忠孝東路5段8號B2,A-112562075-00002-8,餐飲場所
宴美企業有限公司,12609661,台北市信義區忠孝東路五段8號B2,A-112609661-00006-5,餐飲場所
珍仙小吃坊有限公司,,台北市信義區松山路473號,A-200118828-00001-8,餐飲場所
大方冰品店,48974662,台北市信義區信義路六段99號1樓,A-200118986-00001-3,餐飲場所
南村麵館,,台北市信義區莊敬路423巷8弄14號1樓,A-200119041-00001-6,餐飲場所
炮哥熱炒店,,台北市信義區林口街74號,A-200136837-00001-8,餐飲場所
食鼎天江浙小館,,台北市信義區大道路11號1樓,A-200136865-00001-9,餐飲場所
胡饕米粉湯,72922519,台北市信義區永吉路30巷158弄3號,A-200137010-00001-2,餐飲場所
香港仔茶水鋪,42272469,台北市信義區崇德街22號,A-200137013-00001-5,餐飲場所
永吉水煎包店,42349262,台北市信義區敦厚里永吉路30巷120號1樓,A-200137180-00001-0,餐飲場所
醇飲食店,21259497,台北市信義區中興里信義路４段４１５號,A-200137225-00001-0,餐飲場所
邱記麻辣食堂,42548396,台北市信義區吳興街281巷5號,A-200137307-00001-1,餐飲場所
俐香小吃店,21715517,台北市信義區虎林街121巷15號,A-200137312-00001-7,餐飲場所
旺仔牛肉麵,93213226,台北市信義區吳興街156巷30號1樓,A-200137409-00001-4,餐飲場所
冰山一角冰品店,31953621,台北市信義區吳興街160號,A-200137489-00001-2,餐飲場所
心中有樹素食店,26242257,台北市信義區吳興街44-1號,A-200137584-00001-8,餐飲場所
博浩商行,26231548,台北市信義區莊敬路197巷6號,A-200137629-00001-8,餐飲場所
才哥豆花,31974034,台北市信義區吳興街219號1樓,A-200137646-00001-7,餐飲場所
千之壽日式料理,25567782,台北市信義區莊敬路325巷30號1樓,A-200137782-00001-8,餐飲場所
皇家水餃舖,72981663,台北市信義區和平東路3段289號1樓,A-200137810-00001-0,餐飲場所
芝香小吃店,26351450,台北市信義區台北市信義區忠孝東路五段143號1樓,A-200137834-00001-6,餐飲場所
晶品商行,,台北市信義區松山路540巷9號,A-200137842-00001-5,餐飲場所
小鳳軒小吃店,78068096,台北市信義區基隆路１段１４７巷１０號,A-200141177-00001-1,餐飲場所
御品園手作鮮肉湯包,,台北市信義區吳興街172號,A-200141803-00001-7,餐飲場所
新光三越百貨股份有限公司,23525871,台北市信義區松壽路11號,A-123525871-00005-6,餐飲場所
新光三越百貨股份有限公司,23525871,台北市信義區松高路12號,A-123525871-00006-7,餐飲場所
新光三越百貨股份有限公司,23525871,台北市信義區松壽路9號,A-123525871-00007-8,餐飲場所
新光三越百貨股份有限公司,23525871,台北市信義區松高路19號,A-123525871-00008-9,餐飲場所
新光三越百貨股份有限公司,23525871,台北市信義區松壽路9號2樓,A-123525871-00046-1,餐飲場所
鑫湖實業有限公司,23580509,台北市信義區松壽路11號B2F,A-123580509-00001-1,餐飲場所
百滋國際股份有限公司,23762297,台北市信義區基隆路一段145號一樓,A-123762297-00001-7,餐飲場所
豐喜食品股份有限公司,23780871,台北市信義區莊敬路423巷1弄2號1樓,A-123780871-00002-6,餐飲場所
美商蒂芙尼國際股份有限公司,23825531,台北市信義區松壽路9號2樓,A-123825531-00002-9,餐飲場所
統一超商股份有限公司,22555003,台北市信義區吳興街156巷63號1樓63之1號1樓,B-122555003-27084-2,餐飲場所
瓦城泰統股份有限公司新竹二分公司,12868575,台北市信義區松壽路9號7樓,A-112868575-00001-1,餐飲場所
瓦城泰統股份有限公司三重分公司,12875098,台北市信義區市府路45號B1,A-112875098-00005-3,餐飲場所
雷林餐飲有限公司,12932366,台北市信義區信安街196號1樓,A-112932366-00001-1,餐飲場所
銀杏餐飲股份有限公司,12943650,台北市信義區松仁路58號14樓,A-112943650-00004-2,餐飲場所
互愛人文志業股份有限公司,12946925,台北市信義區松高路11號5樓,A-112946925-00084-8,餐飲場所
互愛人文志業股份有限公司,12946925,台北市信義區松隆路327號1樓,A-112946925-00085-9,餐飲場所
互愛人文志業股份有限公司,12946925,台北市信義區松隆路327號B1,A-112946925-00115-3,餐飲場所
沛璟股份有限公司,12969948,台北市信義區松,A-112969948-00001-7,餐飲場所
統一超商股份有限公司,22555003,台北市信義區吳興街250號1樓,A-122555003-54516-1,餐飲場所
統一超商股份有限公司,22555003,台北市信義區忠孝東路五段2號B1樓,A-122555003-54573-4,餐飲場所
統一超商股份有限公司,22555003,台北市信義區松山路11號(地下一層商業空間C2號),A-122555003-54629-6,餐飲場所
統一超商股份有限公司,22555003,台北市信義區松隆路329巷4號,A-122555003-54802-9,餐飲場所
統一超商股份有限公司,22555003,台北市信義區永吉路217號1樓2樓及219號1樓,A-122555003-55241-7,餐飲場所
統一超商股份有限公司,22555003,台北市信義區松仁路130號,A-122555003-55615-2,餐飲場所
統一超商股份有限公司,22555003,台北市信義區大道路9號11號1樓,A-122555003-55703-0,餐飲場所
統一超商股份有限公司,22555003,台北市信義區大道路115號117號1樓,A-122555003-55751-3,餐飲場所
統一超商股份有限公司,22555003,台北市信義區和平東路三段391巷22號24號1樓及地下室一樓,A-122555003-55951-5,餐飲場所
統一超商股份有限公司,22555003,台北市信義區吳興街11號1樓,A-122555003-56165-3,餐飲場所
統一超商股份有限公司,22555003,台北市信義區福德街84巷52號1樓,A-122555003-56256-4,餐飲場所
統一超商股份有限公司,22555003,台北市信義區松山路121號1樓,A-122555003-56471-3,餐飲場所
統一超商股份有限公司,22555003,台北市信義區忠孝東路四段553巷6弄2號1樓,A-122555003-56669-2,餐飲場所
統一超商股份有限公司,22555003,台北市信義區福德街88號90號,A-122555003-56847-0,餐飲場所
統一超商股份有限公司,22555003,台北市信義區信義路五段20號B1樓,A-122555003-57145-2,餐飲場所
統一超商股份有限公司,22555003,台北市信義區松高路12號B1,A-122555003-57251-0,餐飲場所
統一超商股份有限公司,22555003,台北市信義區吳興街600巷94號,A-122555003-57413-0,餐飲場所
統一超商股份有限公司,22555003,台北市信義區松高路77號地下1樓,A-122555003-57524-3,餐飲場所
統一超商股份有限公司,22555003,台北市信義區忠孝東路四段500之2號,A-122555003-57674-9,餐飲場所
統一超商股份有限公司,22555003,台北市信義區松高路11號B1,A-122555003-57683-9,餐飲場所
統一超商股份有限公司,22555003,台北市信義區莊敬路390號,A-122555003-57696-3,餐飲場所
詩特莉食品股份有限公司,23225889,台北市信義區松高路19號,A-123225889-00075-9,餐飲場所
詩特莉食品股份有限公司,23225889,台北市信義區忠孝東路五段552號3樓,A-123225889-00077-1,餐飲場所
萊爾富國際股份有限公司,23285582,台北市信義區林口街36號,A-123285582-91614-4,餐飲場所
萊爾富國際股份有限公司,23285582,台北市信義區永吉路280號,A-123285582-91710-1,餐飲場所
萊爾富國際股份有限公司,23285582,台北市信義區虎林街164巷60弄2號一樓部份,A-123285582-92011-6,餐飲場所
萊爾富國際股份有限公司,23285582,台北市信義區永吉路125號一樓,A-123285582-92046-4,餐飲場所
萊爾富國際股份有限公司,23285582,"台北市信義區基隆路一段350之41,43號一樓",A-123285582-92067-7,餐飲場所
萊爾富國際股份有限公司,23285582,台北市信義區松山路537號及541巷1號,A-123285582-92246-6,餐飲場所
旭寶食品行,48731791,台北市信義區松高路11號B2,A-148731791-00001-9,餐飲場所
涼師冰品店,48741496,台北市信義區松山路119巷36號1樓,A-148741496-00002-3,餐飲場所
巧義麵工坊,48743109,台北市信義區忠孝東路5段71巷20號,A-148743109-00001-5,餐飲場所
松旺深坑臭豆腐店,48771842,台北市信義區林口街41號,A-148771842-00001-0,餐飲場所
紅柏餐坊,48808741,台北市信義區松壽路11號B1,A-148808741-00003-1,餐飲場所
恩典企業社,48871336,台北市信義區莊敬路416號,A-148871336-00001-9,餐飲場所
魚民食堂,48931382,台北市信義區信安街186號,A-148931382-00001-7,餐飲場所
阿程小吃店,48939574,台北市信義區吳興街61號,A-148939574-00001-8,餐飲場所
美而佳早餐店,48949756,台北市信義區福德街310巷3號(1樓),A-148949756-00001-1,餐飲場所
小飯桶小吃店,42286506,台北市信義區忠孝東路5段508之2號1樓,A-202285034-00001-4,餐飲場所
佰富凱小吃店,93193410,台北市信義區永吉路179號,A-202285080-00001-5,餐飲場所
偷吃面麵食店,76466007,台北市信義區松山路541巷24號,A-202285134-00001-5,餐飲場所
用心餐飲店,93144761,台北市信義區忠孝東路5段790巷25弄9號,A-202285355-00001-0,餐飲場所
羊驛生炒羊肉永吉店,,台北市信義區忠孝東路五段165巷5號,A-202285700-00001-4,餐飲場所
珂啡貝生活有限公司,90102302,台北市信義區虎林街164巷19之2號1樓,A-202286146-00001-9,餐飲場所
哲記商行,93175237,台北市信義區吳興街８巷２號,A-202286150-00001-4,餐飲場所
早點醒早餐店,91188600,台北市信義區信義路5段150巷14弄12號,A-202286278-00001-5,餐飲場所
貳千金鮮菓行,,台北市信義區松山路262號,A-202286372-00001-0,餐飲場所
哞哞咖哩,00583402,台北市信義區中坡南路138號1樓,A-202286871-00001-4,餐飲場所
常茂食品商行,93200539,台北市信義區永吉路30巷158弄9號1樓,A-202300206-00001-3,餐飲場所
吾家可歸有限公司,94179540,台北市信義區大道路42巷21號1樓,A-202300345-00001-7,餐飲場所
不二弄咖啡有限公司,00020115,台北市信義區忠孝東路5段8號2樓,A-202300350-00002-4,餐飲場所
川東牛肉麵店,48683952,台北市信義區吳興街585號1樓,A-202300706-00001-8,餐飲場所
原味道早午餐店,00549019,台北市信義區崇德街22號1樓,A-202300905-00001-9,餐飲場所
呷寶早餐店,48863194,台北市信義區松仁路223號,A-202300915-00001-0,餐飲場所
誠品股份有限公司第一分公司,,台北市信義區菸廠路80號B2,A-202300947-00001-5,餐飲場所
品湯有限公司,90532529,台北市信義區基隆路1段147巷25號1樓,A-202301789-00001-0,餐飲場所
黃正昭,00579293,台北市信義區松光里松山路４５９號,A-202302755-00001-4,餐飲場所
真香滷味,,台北市信義區虎林街132巷9號一樓,A-202329784-00001-5,餐飲場所
啾啾有點甜早午餐,,台北市信義區林口街66巷31號,A-202329906-00001-1,餐飲場所
癮鱻海鮮食堂,93188535,台北市信義區信安街196號,A-202330135-00001-7,餐飲場所
老友小吃店,00560061,台北市信義區忠孝東路5段492巷12號1樓,A-202330195-00001-3,餐飲場所
星雲空間有限公司,60560847,台北市信義區松仁路89之2號及91號,A-202330270-00001-7,餐飲場所
絕品美式小吃店,21209878,台北市信義區松山路538號,A-202330457-00001-4,餐飲場所
吉栗商行,00629575,台北市信義區虎林街164巷60弄29號,A-202330693-00001-6,餐飲場所
北大火雞肉飯,,台北市信義區吳興街218之2號,A-202330771-00001-3,餐飲場所
晚饗,,台北市信義區忠孝東路5段492巷18號,A-202331407-00001-0,餐飲場所
邱家包子店,38579966,台北市信義區福德街209號1樓,A-202331459-00001-7,餐飲場所
禧園素食,,台北市信義區忠孝東路5段423巷2號1樓,A-202331482-00001-3,餐飲場所
香香,,台北市信義區永吉路278巷30號,A-200151333-00001-6,餐飲場所
萬蓮小吃店,,台北市信義區林口街74號,A-200151353-00001-8,餐飲場所
戴記獨臭之家小吃店,48844789,台北市信義區永吉路120巷3弄2號,A-200151421-00001-4,餐飲場所
早到堡餐飲店,,台北市信義區永吉路326巷38號,A-200151508-00001-0,餐飲場所
信義新高軒有限公司,82885844,台北市信義區松壽路11號地下二樓,A-200151563-00001-1,餐飲場所
捌捌陸食堂,76390231,台北市信義區吳興街118巷26弄15號1樓,A-200151632-00001-8,餐飲場所
呼嚕咕嚕企業社,75927312,台北市信義區永吉路30巷79號,A-200151672-00001-2,餐飲場所
禾裔商行,,台北市信義區忠孝東路4段559巷16弄1號1樓,A-200151825-00001-2,餐飲場所
煦夏坊,25579507,台北市信義區基隆路一段101巷15號1樓,A-200151923-00001-1,餐飲場所
紅磨坊小吃店,,台北市信義區大道路43號,A-200151968-00001-0,餐飲場所
竣程商行,76362354,台北市信義區虎林街82巷27之1號,A-200152114-00001-4,餐飲場所
飴品商行,,台北市信義區莊敬路302號,A-200152134-00001-6,餐飲場所
御品小館,,台北市信義區莊敬路391巷1弄1號,A-200152202-00001-2,餐飲場所
乾脆點餐飲店,72995168,台北市信義區松隆路343號,A-200183679-00001-4,餐飲場所
極品光復素食包子店,48843228,台北市信義區光復南路419巷95號,A-200183892-00001-1,餐飲場所
大方牛肉麵店,42423488,台北市信義區吳興街60號1樓,A-200184396-00001-1,餐飲場所
永春雞二哥好吃雞肉,,台北市信義區虎林街132巷2號1樓,A-200184531-00001-2,餐飲場所
豬豬鬆餅早午餐,,台北市信義區福德街34號,A-200184820-00001-3,餐飲場所
協合商行,48842712,台北市信義區中坡南路24號2樓,A-200184993-00001-4,餐飲場所
舜發餐飲企業社,88146310,台北市信義區松山路531號,A-200185173-00001-5,餐飲場所
浩勝有限公司,24775685,台北市信義區莊敬路208號,A-200185842-00001-8,餐飲場所
快樂屋,,台北市信義區吳興街107號,A-200185971-00001-1,餐飲場所
冠品粥麵店,75415353,台北市信義區莊敬路209號1樓,A-200185974-00001-4,餐飲場所
上禾池上便當店,,台北市信義區忠孝東路5段47號1樓,A-200185988-00001-9,餐飲場所
明記小吃店,,台北市信義區忠孝東路5段435之2號,A-200186115-00001-2,餐飲場所
老皮商號,42515563,台北市信義區忠孝東路5段17之3號,A-200186675-00001-3,餐飲場所
三號茶苑,79856009,台北市信義區台北市松仁路249號1樓,A-200186874-00001-4,餐飲場所
宏元麵食店,88163133,台北市信義區松仁路168號,A-200213366-00001-1,餐飲場所
有心上班雞蛋糕,88216618,台北市信義區崇德街100號,A-200213461-00001-7,餐飲場所
瑞苖媽媽廚房,76424295,台北市信義區永吉路30巷157弄13號,A-200214234-00001-6,餐飲場所
珍香鍋貼,18102140,台北市信義區松光里松山路５４１巷２９號,A-200214274-00001-0,餐飲場所
威美餐飲店,13467471,台北市信義區三張里莊敬路３７７號１樓,A-200214780-00001-2,餐飲場所
營業名稱：齋心坊素食,,台北市信義區松山路170號1樓,A-200215096-00001-3,餐飲場所
一心素食,,台北市信義區虎林街82巷50號,A-200215440-00001-6,餐飲場所
食貳月企業社,88208238,台北市信義區基隆路2段199號1樓,A-200215727-00001-4,餐飲場所
揚州冶春淮揚美食股份有限公司,25122418,台北市信義區松壽路11號B2,A-125122418-00003-6,餐飲場所
藝甸園有限公司,25127595,台北市信義區菸廠路88號2樓,A-125127595-00002-6,餐飲場所
大盈若沖餐飲有限公司,25137094,台北市信義區忠孝東路四段500之3  500之4  500之5,A-125137094-00001-0,餐飲場所
榮榛餐飲有限公司,25141724,台北市信義區忠孝東路五段524巷26號,A-125141724-00001-5,餐飲場所
沅忠和食品行,25536183,台北市信義區永吉路30巷73之1號,A-125536183-00001-2,餐飲場所
天人企業社,25551402,台北市信義區吳興街154號,A-125551402-00001-3,餐飲場所
橙色威爾手烘咖啡店,42286148,台北市信義區吳興街52號,A-142286148-00003-6,餐飲場所
真芳行,42287717,台北市信義區忠孝東路4段559巷16弄17號,A-142287717-00001-7,餐飲場所
五分埔魯肉飯館,42289779,台北市信義區松山路152號,A-142289779-00001-7,餐飲場所
嘉南小吃店,42291120,台北市信義區信義路5段150巷315弄12號1樓,A-142291120-00001-0,餐飲場所
一嘉一素食園,42304321,台北市信義區莊敬路268號,A-142304321-00001-8,餐飲場所
鶴呷食堂,42337060,台北市信義區吳興街281巷51號,A-142337060-00001-4,餐飲場所
晨間美味坊,42339861,台北市信義區虎林街191號,A-142339861-00001-5,餐飲場所
仁菊實業社,42340255,台北市信義區崇德街101號,A-142340255-00001-4,餐飲場所
達柏浩斯健康廚房,42350464,台北市信義區吳興街38號1樓,A-142350464-00001-7,餐飲場所
饌中坡商行,42350936,台北市信義區中坡南路26號1樓,A-142350936-00001-1,餐飲場所
傢啡工作室,42351787,台北市信義區虎林街202巷25號1樓,A-142351787-00001-6,餐飲場所
丸九食品行,42355860,台北市信義區文昌街326號,A-142355860-00001-2,餐飲場所
握客咖啡館,42360792,台北市信義區松勤街5號1樓,A-142360792-00001-2,餐飲場所
象廚泰式料理餐廳,42362969,台北市信義區基隆路1段147巷9號1樓,A-142362969-00001-0,餐飲場所
嗨咖咖啡,42403574,台北市信義區虎林街164巷78號1樓,A-142403574-00001-8,餐飲場所
七盞茶股份有限公司,50840541,台北市信義區莊敬路415號1樓,A-150840541-00009-4,餐飲場所
盛合國際餐飲股份有限公司,50841561,台北市信義區松智路17號,A-150841561-00001-9,餐飲場所
邁兆食品有限公司,50848993,台北市信義區松高路12號B2,A-150848993-00019-4,餐飲場所
超級鐵支餐飲管理顧問有限公司,50859251,台北市信義區松壽路28號,A-150859251-00001-4,餐飲場所
智信涮涮鍋有限公司,50860291,台北市信義區忠孝東路5段613號,A-150860291-00001-0,餐飲場所
津樂道股份有限公司,50864536,台北市信義區松智路17號B2F,A-150864536-00002-7,餐飲場所
南庭餐飲股份有限公司,50869069,台北市信義區松廉路3號,A-150869069-00001-2,餐飲場所
饗印實業有限公司,50872970,台北市信義區基隆路1段366號,A-150872970-00001-7,餐飲場所
翊展四季餐飲有限公司,50874268,台北市信義區崇德街2號,A-150874268-00001-9,餐飲場所
瑞記海南雞飯有限公司,50875082,台北市信義區永吉路30巷145號1樓,A-150875082-00001-4,餐飲場所
汌源事業有限公司,50876287,台北市信義區松山路459號,A-150876287-00001-2,餐飲場所
傑克兄弟牛排股份有限公司,50878270,台北市信義區基隆路2段7號,A-150878270-00001-6,餐飲場所
Bettino Pizza,,台北市信義區信義路6段32號1樓,A-202256308-00001-6,餐飲場所
胗品味泰式炭烤,48898567,台北市信義區吳興街269巷10號,A-202256980-00001-2,餐飲場所
雞原麵屋,93162134,台北市信義區松山路162號,A-202257182-00001-7,餐飲場所
小韓鍋餐飲店,93121958,台北市信義區永吉路180巷67弄2號1樓,A-202257219-00001-8,餐飲場所
味萊樹,88391853,台北市信義區吳興街220巷35號,A-202257289-00002-6,餐飲場所
雪夫瑪莉企業社,91563915,台北市信義區基隆路二段131之24號3樓,A-202257535-00002-0,餐飲場所
祥合飲食店,78060432,台北市信義區吳興街269巷14號,A-202257803-00001-7,餐飲場所
祥和小吃店,13834053,台北市信義區吳興街２６９巷８號１樓,A-202257811-00001-6,餐飲場所
阿雪小吃店,,台北市信義區信安街143號,A-202257836-00001-3,餐飲場所
黎忠小吃店,26275290,台北市信義區黎忠里和平東路３段３９１巷６―１號,A-202257927-00001-4,餐飲場所
８８茶餐廳,38585307,台北市信義區三張里吳興街２６９巷１８弄２號１樓,A-202257968-00001-9,餐飲場所
味家魯肉店,81689491,台北市信義區忠孝東路4段559巷18之1號,A-202257975-00001-7,餐飲場所
鰻將餐飲有限公司,24934282,台北市信義區松高路19號5樓,A-124934282-00001-3,餐飲場所
百兆股份有限公司,24942712,台北市信義區松仁路90號1樓,A-124942712-00003-2,餐飲場所
海底撈火鍋股份有限公司,24944747,台北市信義區松智路17號B2海底撈,A-124944747-00001-0,餐飲場所
一口鐘情餐飲有限公司,24946007,台北市信義區松壽路11號B2F041,A-124946007-00002-2,餐飲場所
夜上海餐飲有限公司,,台北市信義區松高路19號新天地A4館5樓,A-124946490-00001-7,餐飲場所
街口味股份有限公司,24948618,台北市信義區松壽路12號1樓ATT 櫃號14057,A-124948618-00004-4,餐飲場所
街口味股份有限公司,24948618,台北市信義區松壽路17號2樓,A-124948618-00005-5,餐飲場所
阿克米餐飲有限公司,24957046,台北市信義區信義路5段16號之1,A-124957046-00001-6,餐飲場所
鐵邦國際事業股份有限公司,24959277,台北市信義區基隆路二段131-5號,A-124959277-00003-6,餐飲場所
鐵邦國際事業股份有限公司,24959277,台北市信義區松壽路11號B2,A-124959277-00006-9,餐飲場所
晶旺餐飲股份有限公司,28704682,台北市信義區松山路11號2F,A-128704682-00008-3,餐飲場所
晶旺餐飲股份有限公司,28704682,台北市信義區松壽路20號2F,A-128704682-00012-8,餐飲場所
晶旺餐飲股份有限公司,28704682,台北市信義區松山路11號2樓,A-128704682-00027-4,餐飲場所
創味家餐飲有限公司,28706372,台北市信義區松高路11號地下二樓1904櫃,A-128706372-00001-4,餐飲場所
王長發產業股份有限公司,28728517,台北市信義區信義路6段121號,A-128728517-00003-1,餐飲場所
東極國際企業有限公司,28782167,台北市信義區松高路11號4樓,A-128782167-00005-4,餐飲場所
森邦股份有限公司,28813605,台北市信義區吳興街284巷3-1號,A-128813605-04096-0,餐飲場所
森邦股份有限公司,28813605,台北市信義區虎林街57-17號,A-128813605-04113-0,餐飲場所
森邦股份有限公司,28813605,台北市信義區基隆路二段161號,A-128813605-04191-6,餐飲場所
森邦股份有限公司,28813605,台北市信義區莊敬路229號,A-128813605-04206-3,餐飲場所
翠寶國際股份有限公司,28822442,台北市信義區松仁路28號1F,A-128822442-00001-1,餐飲場所
翠寶國際股份有限公司,28822442,台北市信義區松仁路28號B2樓,A-128822442-00002-2,餐飲場所
翠寶國際股份有限公司,28822442,台北市信義區松仁路28號B2,A-128822442-00004-4,餐飲場所
翠寶國際股份有限公司,28822442,台北市信義區松仁路28號B2,A-128822442-00005-5,餐飲場所
翠寶國際股份有限公司,28822442,台北市信義區松仁路28號1樓,A-128822442-00007-7,餐飲場所
震欣股份有限公司,28832856,台北市信義區松仁路28號5樓,A-128832856-00001-1,餐飲場所
震欣股份有限公司,28832856,台北市信義區松仁路28號3樓,A-128832856-00002-2,餐飲場所
人杰老四川餐飲管理顧問股份有限公司,28836494,台北市信義區市府路45號B1,A-128836494-00026-0,餐飲場所
豆府股份有限公司,28841757,台北市信義區松山路11號2樓,A-128841757-00008-8,餐飲場所
豆府股份有限公司,28841757,台北市信義區忠孝東路五段8號B2,A-128841757-00024-6,餐飲場所
豆府股份有限公司,28841757,台北市信義區忠孝東路五段8號7F,A-128841757-00058-3,餐飲場所
豆府股份有限公司,28841757,台北市信義區松壽路11號B2,A-128841757-00059-4,餐飲場所
豆府股份有限公司,28841757,台北市信義區松高路12號B1,A-128841757-00096-5,餐飲場所
豆府股份有限公司,28841757,台北市信義區市府路45號B1,A-128841757-00103-4,餐飲場所
豆府股份有限公司,28841757,台北市信義區松智路17號5樓,A-128841757-00116-8,餐飲場所
北方七漢堡店,92743079,台北市信義區基隆路2段131之24號,F-202288978-00001-9,餐飲場所
棲地工作室,87538416,台北市信義區松隆路119號1樓,F-202289613-00001-6,餐飲場所
義哥叻沙小館,,台北市信義區莊敬路405號,A-200155486-00001-9,餐飲場所
饗初麵坊,75629600,台北市信義區崇德街24號,A-200155554-00001-5,餐飲場所
阿胖師小吃店,98905141,台北市信義區莊敬路325巷10號1樓,A-200155811-00001-1,餐飲場所
大一沙茶魷魚羹,,台北市信義區永吉路180巷67弄2號1樓,A-200155909-00001-9,餐飲場所
尚品食館,,台北市信義區忠孝東路４段５５３巷６弄９號,A-200156101-00001-4,餐飲場所
新味股份有限公司,47097856,台北市信義區松高路16號1樓,F-147097856-00001-0,餐飲場所
朝鮮閣韓風小吃店,80985353,台北市信義區吳興街220巷29號,A-180985353-00001-0,餐飲場所
蔡老師素食小吃店,81618617,台北市信義區基隆路二段151-8號1樓,A-181618617-00001-7,餐飲場所
周胖子餃子麵食店,81621319,台北市信義區忠孝東路五段429號,A-181621319-00004-3,餐飲場所
釜山食品行,81644869,台北市信義區松智路17號B2,A-181644869-00001-5,餐飲場所
九焙商行,88279612,台北市信義區信義路4段415之2號,A-188279612-00001-2,餐飲場所
韓饗食堂,88284024,台北市信義區忠孝東路5段492巷26號1樓,A-188284024-00001-5,餐飲場所
沐沂飲品,88286141,台北市信義區基隆路二段131之24號,A-188286141-00001-7,餐飲場所
森哥小吃店,88294183,台北市信義區和平東路三段371號,A-188294183-00001-2,餐飲場所
裏喬珈琲商行,88297105,台北市信義區松山路333號1樓,A-188297105-00001-9,餐飲場所
覓樂廚房行號,88297750,台北市信義區忠孝東路五段165巷5號,A-188297750-00001-5,餐飲場所
誠丼商行,88298266,台北市信義區國業里信義路6段113號,A-188298266-00001-8,餐飲場所
勇伯餐飲店,88298646,台北市信義區福德街53號,A-188298646-00001-0,餐飲場所
聚泉閣餐飲行,88299080,台北市信義區莊敬路410號1樓,A-188299080-00001-3,餐飲場所
孟查查企業社,88299928,台北市信義區忠孝東路4段553巷46弄4號1樓,A-188299928-00001-4,餐飲場所
令和陸年小吃店,88301591,台北市信義區忠孝東路5段524巷3弄2號1樓,A-188301591-00001-4,餐飲場所
正虎商行,88301945,台北市信義區虎林街127號1樓,A-188301945-00001-7,餐飲場所
覓樂廚房行號,88305061,台北市信義區忠孝東路五段165巷5號,A-188305061-00001-0,餐飲場所
大本事商行,88306126,台北市信義區忠孝東路4段553巷18號,A-188306126-00001-3,餐飲場所
永吉牛肉麵店,88308573,台北市信義區永吉路120巷83號,A-188308573-00001-1,餐飲場所
肉滋滋迴轉燒肉專門店,88309475,台北市信義區忠孝東路5段153號1樓,A-188309475-00001-3,餐飲場所
粉好饌副標粉餃舍,88310228,台北市信義區莊敬路334號,A-188310228-00001-1,餐飲場所
寅墨餐飲商行,88310395,台北市信義區松山路470號,A-188310395-00001-6,餐飲場所
凱林食品行,,台北市信義區市府路45號B1,A-200022720-00001-3,餐飲場所
鰻都休閒小站,17529364,台北市信義區莊敬路325巷35號1樓,A-200023955-00001-4,餐飲場所
美而美早餐店,,台北市信義區中坡南路22巷4號,A-200024262-00001-6,餐飲場所
文東記國際股份有限公司,,台北市信義區信義路五段7號75樓E室,A-200024278-00001-3,餐飲場所
三右食品行,25665117,台北市信義區崇德街28號1樓,A-200026430-00001-5,餐飲場所
台灣昱珍香有限公司,24309274,台北市信義區忠孝東路五段8號B2,A-200027610-00002-7,餐飲場所
宜威茶飲有限公司,00001314,台北市信義區永吉路382號1樓,A-100001314-00001-8,餐飲場所
亮臻實業股份有限公司台北信義分公司,00009929,台北市信義區松高路11號B2F,A-100009929-00001-8,餐飲場所
好結果蔬果飲品,10351763,台北市信義區忠孝東路4段553巷48號,A-110351763-00001-5,餐飲場所
京宴小館,10358739,台北市信義區松仁路194號,A-110358739-00001-5,餐飲場所
台富小吃店,10377095,台北市信義區松山路321號,A-110377095-00001-1,餐飲場所
益美食品商行,10386876,台北市信義區基隆路2段22號,A-110386876-00001-8,餐飲場所
高林實業股份有限公司,11547230,台北市信義區松高路11號2樓,A-111547230-00005-6,餐飲場所
國賓大飯店股份有限公司,11636802,台北市信義區忠孝東路四段505號8樓,A-111636802-00009-4,餐飲場所
福利麵包食品有限公司,11820764,台北市信義區菸廠路88號B1,A-111820764-00022-1,餐飲場所
欣葉國際餐飲股份有限公司,12107610,台北市信義區松壽路9號8樓,A-112107610-00003-9,餐飲場所
欣葉國際餐飲股份有限公司,12107610,台北市信義區松壽路11號5樓,A-112107610-00005-1,餐飲場所
欣葉國際餐飲股份有限公司,12107610,台北市信義區信義路五段7號85樓之1,A-112107610-00010-7,餐飲場所
黑金珠咖啡館,50657348,台北市信義區基隆路一段156號,A-150657348-00002-8,餐飲場所
辣十九國際開發股份有限公司,50752791,台北市信義區松壽路22號3樓,A-150752791-00001-5,餐飲場所
宸君有限公司,50754263,台北市信義區松壽路11號B2,A-150754263-00002-2,餐飲場所
約翰紅茶股份有限公司,50754720,台北市信義區永吉路30巷123號1樓,A-150754720-00003-1,餐飲場所
睿軒信義股份有限公司,50757509,台北市信義區松高路19號6樓,A-150757509-00001-7,餐飲場所
睿軒信義股份有限公司,50757509,台北市信義區松高路19號B1,A-150757509-00002-8,餐飲場所
塔樂奇股份有限公司,50757917,台北市信義區松高路12號,A-150757917-00001-0,餐飲場所
橘色極品鍋物股份有限公司,50758009,台北市信義區松壽路9號7樓,A-150758009-00001-3,餐飲場所
百杯有限公司,50758752,台北市信義區莊敬路325巷8號,A-150758752-00001-8,餐飲場所
沐木餐飲管理顧問有限公司,50760862,台北市信義區莊敬路178巷10號1樓,A-150760862-00001-3,餐飲場所
大碗餐飲有限公司,50761291,台北市信義區忠孝東路4段553巷6弄16號,A-150761291-00001-0,餐飲場所
凱淇餐飲有限公司,50761692,台北市信義區基隆路2段151號1樓,A-150761692-00001-5,餐飲場所
麵屋千雲股份有限公司,50762072,台北市信義區信義路五段16號1樓,A-150762072-00003-0,餐飲場所
維勝餐飲有限公司,50764142,台北市信義區中坡南路34號,A-150764142-00001-8,餐飲場所
天雅餐飲股份有限公司,50765521,台北市信義區松智路17號 5樓,A-150765521-00002-1,餐飲場所
地球人餐飲有限公司,50768415,台北市信義區忠孝東路五段8號B2,A-150768415-00002-6,餐飲場所
台灣麥姝股份有限公司,50771930,台北市信義區松高路12號2樓,A-150771930-00002-2,餐飲場所
瑪黑家居選物股份有限公司,50772240,台北市信義區松高路11號1樓 櫃位1F-101-1,A-150772240-00010-6,餐飲場所
瑪黑家居選物股份有限公司,50772240,台北市信義區松高路11號3樓 櫃位3F-114-1,A-150772240-00011-7,餐飲場所
偉祥國際有限公司,50772699,台北市信義區基隆路1段147巷5弄7號,A-150772699-00001-4,餐飲場所
富客餐飲股份有限公司,50772852,台北市信義區莊敬路379號,A-150772852-00001-5,餐飲場所
富客餐飲股份有限公司,50772852,台北市信義區松高路19號B1,A-150772852-00003-7,餐飲場所
富客餐飲股份有限公司,50772852,台北市信義區通化街135號1樓,A-150772852-00005-9,餐飲場所
納達吉印度料理有限公司,50773352,台北市信義區基隆路一段127號,A-150773352-00001-1,餐飲場所
同興實業股份有限公司,03625107,台北市信義區菸廠路88號B1-R038A,A-103625107-00002-4,餐飲場所
臺北市信義區興雅國中,,台北市信義區松德路168巷15號,A-103750483-00001-9,餐飲場所
唐威餐飲有限公司,12655637,台北市信義區忠孝東路5段372巷27弄3號1樓,A-112655637-00001-4,餐飲場所
台灣壹番屋股份有限公司,12665635,台北市信義區松高路12號B2,A-112665635-00007-9,餐飲場所
台灣壹番屋股份有限公司,12665635,台北市信義區松山路11號1樓,A-112665635-00013-6,餐飲場所
台灣壹番屋股份有限公司,12665635,台北市信義區松高路16號B2,A-112665635-00029-3,餐飲場所
台灣壹番屋股份有限公司,12665635,台北市信義區松高路11號B2,A-112665635-00035-0,餐飲場所
台灣壹番屋股份有限公司,12665635,台北市信義區松智路17號5樓,A-112665635-00037-2,餐飲場所
台灣壹番屋股份有限公司,12665635,台北市信義區松高路12號B2,A-112665635-00046-2,餐飲場所
台灣壹番屋股份有限公司,12665635,台北市信義區忠孝東路4段505號B區B2樓,A-112665635-00070-9,餐飲場所
欣聖食品有限公司,12756760,台北市信義區松仁路123號,A-112756760-00001-3,餐飲場所
快可立企業有限公司,16327734,台北市信義區永吉路278巷19號,A-116327734-00007-8,餐飲場所
威秀影城股份有限公司信義分公司,16431011,台北市信義區松壽路20號2樓,A-116431011-00001-6,餐飲場所
威秀影城股份有限公司信義分公司,16431011,台北市信義區松壽路18及附2樓,A-116431011-00002-7,餐飲場所
宋廚企業有限公司,16589201,台北市信義區忠孝東路5段15巷14號,A-116589201-00001-1,餐飲場所
天使國際雲端顧問股份有限公司,83183130,台北市信義區忠孝東路5段524巷1弄2號1樓,A-183183130-00001-6,餐飲場所
安吉日本料理屋,42411201,台北市信義區松信路219號一樓,A-200192206-00001-0,餐飲場所
潁川號,42510238,台北市信義區和平東路3段391巷8弄8號1樓,A-200192228-00001-4,餐飲場所
方寸本室有限公司,50753686,台北市信義區信義路4段132號,A-200192276-00001-7,餐飲場所
熊二拉麵製作所,75926708,台北市信義區虎林街164巷11號1樓,A-200192278-00001-9,餐飲場所
津野食品行,10397260,台北市信義區中坡南路18號,A-200192358-00001-8,餐飲場所
窩牛排館,76860633,台北市信義區敦厚里永吉路３０巷１０１弄１８號,A-200192417-00001-4,餐飲場所
台南虱目魚粥店,,台北市信義區中坡北路27號,A-200192419-00001-6,餐飲場所
傲天國際有限公司,,台北市信義區仁愛路四段462號,A-200192500-00001-7,餐飲場所
亮萌私房料理,26355224,台北市信義區逸仙路42巷15號1樓,A-200192609-00001-7,餐飲場所
星期五股份有限公司,23932928,台北市信義區松高路16號3樓,A-123932928-00023-1,餐飲場所
台灣萊雅股份有限公司,23991432,台北市信義區松壽路11號1F,A-123991432-00001-2,餐飲場所
隨意鳥地方股份有限公司,23996788,台北市信義區信義路5段7號85樓,A-123996788-00001-1,餐飲場所
隨意鳥地方股份有限公司,23996788,台北市信義區信義路五段7號36樓,A-123996788-00002-2,餐飲場所
元加治食品有限公司,24237595,台北市信義區松壽路12號,A-124237595-00012-8,餐飲場所
四海遊龍食品股份有限公司,24293977,台北市信義區忠孝東路五段462號,A-124293977-00024-7,餐飲場所
荷禾股份有限公司,24300392,台北市信義區逸仙路32巷17號1樓,A-124300392-00003-4,餐飲場所
貳樓美食股份有限公司,24314831,台北市信義區松智路17號7樓,A-124314831-00019-4,餐飲場所
雪坊志業股份有限公司,24329659,台北市信義區松壽路11號B2(新光三越A11),A-124329659-00004-2,餐飲場所
雪坊志業股份有限公司,24329659,台北市信義區松高路19號B2樓,A-124329659-00016-5,餐飲場所
財團法人伊甸社會福利基金會附設伊甸如新咖啡工坊,42519110,台北市信義區忠孝東路4段557號1樓,A-200112969-00001-8,餐飲場所
吶祈咖啡工場,26208954,台北市信義區吳興街15號,A-200113479-00001-5,餐飲場所
徠多企業有限公司,28198496,台北市信義區忠孝東路5段524巷1弄6號,A-200113563-00001-9,餐飲場所
六一企業社,,台北市信義區永吉路278巷61號,A-200132639-00001-4,餐飲場所
楊羊餐廳有限公司,,台北市信義區信義路六段22號,A-200132647-00001-3,餐飲場所
羊家將餐飲,,台北市信義區松隆路208號,A-200132842-00001-0,餐飲場所
雅荃有限公司,,台北市信義區忠孝東路五段68號2樓,A-200132854-00001-3,餐飲場所
和平企業社,,台北市信義區和平東路3段243號1樓,A-200132962-00001-3,餐飲場所
松德企業社,,台北市信義區松德路56號1樓,A-200132966-00001-7,餐飲場所
廣誠素食,10320376,台北市信義區信義路六段116號,A-200133373-00001-0,餐飲場所
蒸味鮮肉包,,台北市信義區崇德街18號,A-200133768-00001-8,餐飲場所
翟九餐飲事業有限公司,42762352,台北市信義區松仁路58號4樓,A-200134404-00003-8,餐飲場所
欣葉國際餐飲股份有限公司,12107610,台北市信義區松智路17號,A-112107610-00059-0,餐飲場所
欣葉國際餐飲股份有限公司,12107610,台北市信義區松高路12號7樓,A-112107610-00066-8,餐飲場所
和德昌股份有限公司,12411160,台北市信義區忠孝東路5段289號,A-112411160-00852-9,餐飲場所
和德昌股份有限公司,12411160,台北市信義區忠孝東路5段522號1樓,A-112411160-00899-0,餐飲場所
和德昌股份有限公司,12411160,台北市信義區莊敬路475號1樓,A-112411160-01086-9,餐飲場所
和德昌股份有限公司,12411160,台北市信義區松高路12號B2,A-112411160-01105-1,餐飲場所
和德昌股份有限公司,12411160,台北市信義區市府路45號B1F,A-112411160-01159-0,餐飲場所
和德昌股份有限公司,12411160,台北市信義區松高路11號B2,A-112411160-01164-6,餐飲場所
和德昌股份有限公司,12411160,台北市信義區松壽路12號1F & B2F,A-112411160-01165-7,餐飲場所
和德昌股份有限公司,12411160,台北市信義區松山路11號1F,A-112411160-01200-7,餐飲場所
品記商行,,台北市信義區松山路540巷16號,A-200150150-00001-2,餐飲場所
麵有南色,,台北市信義區虎林街82巷28號,A-200150277-00001-2,餐飲場所
再不吃麵就等死企業社,75913725,台北市信義區永吉路30巷157弄14號,A-200150376-00001-2,餐飲場所
秋霸子燒臘館,,台北市信義區松山路140號,A-200150488-00001-6,餐飲場所
寶樂咩海苔飯捲,42386435,台北市信義區福德街221巷1號之1(旁邊),A-200150671-00001-0,餐飲場所
老上海包子,85167162,台北市信義區信義區虎林街108巷4號,A-200150755-00002-4,餐飲場所
真麻辣鍋底麵,,台北市信義區吳興街8巷5號,A-200150865-00001-5,餐飲場所
我愛希臘捲餅,88135947,台北市信義區松信路70號1樓,A-200150903-00001-8,餐飲場所
梅心小吃店,,台北市信義區吳興街284巷11之2號,A-200150973-00001-5,餐飲場所
鴻圓小吃店,,台北市信義區嘉興街179之36號,A-200150988-00002-2,餐飲場所
叁食有限公司,50884575,台北市信義區仁愛路四段440號1樓,A-200151011-00001-9,餐飲場所
真味肉圓,,台北市信義區莊敬路456號,A-200151119-00001-8,餐飲場所
真味肉圓,,台北市信義區永吉路30巷157弄1號,A-200151119-00002-9,餐飲場所
遊茶食品有限公司,16148583,台北市信義區和平東路3段179號2樓之7,A-200151167-00001-1,餐飲場所
極品鹽水雞（台北永春店）,,台北市信義區忠孝東路5段472號,A-200151252-00001-6,餐飲場所
南北合小館,72933473,台北市信義區永吉路30巷158弄15號,A-200167474-00001-9,餐飲場所
丰品貿易有限公司,,台北市信義區市府路45號,A-200167493-00003-2,餐飲場所
亞首商行,88221773,台北市信義區崇德街103號,A-200167586-00001-3,餐飲場所
嚐鮮蚵小吃店,73044336,台北市信義區忠孝東路5段1之10號1樓,A-200167588-00001-5,餐飲場所
嚐鮮蚵小吃店,73044336,台北市信義區永吉路180巷67弄5號1樓,A-200167588-00008-2,餐飲場所
集盛企業社,,台北市信義區松高路12號B2,A-200168003-00003-0,餐飲場所
川佬精緻料理餐盒店,88094397,台北市信義區松仁路190號1樓,A-200168063-00001-4,餐飲場所
芊葉精力湯店,38568790,台北市信義區松山路305號,A-200168203-00001-0,餐飲場所
三胖子商號,,台北市信義區基隆路1段155號5樓之9,A-200168420-00001-1,餐飲場所
府城蘭香排骨飯館,21753552,台北市信義區崇德街5號,A-200168501-00001-1,餐飲場所
呷本丸,,台北市信義區吳興街29號,A-200168642-00001-7,餐飲場所
豐餃子食品商行,,台北市信義區吳興街281巷43號1樓,A-200169195-00001-1,餐飲場所
頂威企業有限公司,21265322,台北市信義區市府路45號B1,A-121265322-00001-2,餐飲場所
豬員外豬脚飯,21716157,台北市信義區虎林街132巷35號,A-121716157-00001-9,餐飲場所
佳信自助餐,21738883,台北市信義區松山路617號,A-121738883-00001-9,餐飲場所
巨洲股份有限公司,22175159,台北市信義區松高路19號B2,A-122175159-00003-3,餐飲場所
巨洲股份有限公司,22175159,台北市信義區松壽路11號B2,A-122175159-00004-4,餐飲場所
永吉巷弄食品坊,25602606,台北市信義區敦厚里永吉路３０巷１０２弄３號１樓,A-200177025-00001-2,餐飲場所
永吉涼麵正老店,,台北市信義區虎林街82巷56號,A-200177111-00001-8,餐飲場所
沛綺創意食堂,76476814,台北市信義區莊敬路325巷32號,A-200177348-00001-0,餐飲場所
重慶抄手面館,38496086,台北市信義區莊敬路289巷3弄47號1樓,A-200177891-00001-3,餐飲場所
正軒小吃店,,台北市信義區永吉路278巷10號1樓,A-200178301-00001-0,餐飲場所
蓮花素食坊,25691375,台北市信義區永吉路30巷102弄18號1樓,A-200178421-00003-5,餐飲場所
阿肥黑輪,,台北市信義區松山路119巷33號,A-200178603-00001-5,餐飲場所
黑膠漢堡,,台北市信義區基隆路一段145號,A-200178677-00001-6,餐飲場所
圓桌舞士茶坊,48714104,台北市信義區吳興街220巷31號1樓,A-200179737-00001-4,餐飲場所
站食餐館,79819841,台北市信義區忠孝東路5段484號,A-200179891-00001-5,餐飲場所
小王子早餐店,,台北市信義區信義路五段150巷401弄29號,A-200208277-00001-6,餐飲場所
新巴黎食品坊,26759577,台北市信義區忠孝東路五段6號1樓,F-126759577-00003-4,餐飲場所
圻陽餐飲股份有限公司,82798877,台北市信義區忠孝東路4段553巷34號1樓,F-182798877-00001-0,餐飲場所
統一超商股份有限公司,22555003,台北市信義區仁愛路四段507號B1,A-122555003-57888-6,餐飲場所
統一超商股份有限公司,22555003,台北市信義區松德路157.159號,A-122555003-58239-7,餐飲場所
統一超商股份有限公司,22555003,台北市信義區松高路11號B2,A-122555003-58421-0,餐飲場所
統一超商股份有限公司,22555003,台北市信義區吳興街220巷33號,A-122555003-58743-7,餐飲場所
統一超商股份有限公司,22555003,台北市信義區信安街29號,A-122555003-58812-4,餐飲場所
統一超商股份有限公司,22555003,台北市信義區忠孝東路五段236巷6號.6-1號1樓,A-122555003-58865-2,餐飲場所
萊爾富國際股份有限公司,23285582,台北市信義區市府路1號 B2便利生活空間-,A-123285582-94399-7,餐飲場所
萊爾富國際股份有限公司,23285582,台北市信義區虎林街242巷50號、52號,A-123285582-95082-7,餐飲場所
萊爾富國際股份有限公司,23285582,台北市信義區福德街268巷18號、268巷4弄1號,A-123285582-95193-0,餐飲場所
萊爾富國際股份有限公司,23285582,台北市信義區台北市信義區永吉路278巷27弄34、36號,A-123285582-95238-0,餐飲場所
萊爾富國際股份有限公司,23285582,台北市信義區忠孝東路五段63號1樓,A-123285582-95579-8,餐飲場所
萊爾富國際股份有限公司,23285582,台北市信義區忠孝東路五段423巷9號、11號、13號1樓,A-123285582-95817-3,餐飲場所
萊爾富國際股份有限公司,23285582,台北市信義區忠孝東路五段524巷1弄1號、1-1號1樓,A-123285582-95825-2,餐飲場所
萊爾富國際股份有限公司,23285582,台北市信義區莊敬路393號1樓,A-123285582-95887-0,餐飲場所
萊爾富國際股份有限公司,23285582,台北市信義區和平東路三段355號1樓及地下室,A-123285582-96050-3,餐飲場所
萊爾富國際股份有限公司,23285582,台北市信義區吳興街388號、390號,A-123285582-96067-1,餐飲場所
都城實業股份有限公司,23309091,台北市信義區松高路 12 號 B2F(台北新光三越A8 B2F),A-123309091-00013-9,餐飲場所
都城實業股份有限公司,23309091,台北市信義區松壽路11號B1,A-123309091-00089-2,餐飲場所
台鋼漢堡王股份有限公司,23309178,台北市信義區松壽路20號2樓,A-123309178-00006-7,餐飲場所
台鋼漢堡王股份有限公司,23309178,台北市信義區松智路17號 地下2樓,A-123309178-00075-3,餐飲場所
味泰國際餐飲股份有限公司,24970174,台北市信義區松智路17號B2,A-124970174-00003-5,餐飲場所
味泰國際餐飲股份有限公司,24970174,台北市信義區松高路12號B2,A-124970174-00012-5,餐飲場所
豐達食品有限公司,24977367,台北市信義區市府路45號b1,A-124977367-00002-5,餐飲場所
豐達食品有限公司,24977367,台北市信義區松高路16號B2,A-124977367-00005-8,餐飲場所
豐達食品有限公司,24977367,台北市信義區復興南路一段39號B2,A-124977367-00008-1,餐飲場所
漢來美食股份有限公司台北敦南分公司,24982729,台北市信義區忠孝東路4段505號8F,A-124982729-00004-5,餐飲場所
漢來美食股份有限公司台北敦南分公司,24982729,台北市信義區忠孝東路4段505號8F,A-124982729-00005-6,餐飲場所
漢來美食股份有限公司台北敦南分公司,24982729,台北市信義區忠孝東路4段505號B2,A-124982729-00006-7,餐飲場所
永心鳳茶有限公司,24986112,台北市信義區忠孝東路五段68號,A-124986112-00003-4,餐飲場所
永心鳳茶有限公司,24986112,台北市信義區松智路17號二樓,A-124986112-00005-6,餐飲場所
阿官國際餐飲股份有限公司,25003736,台北市信義區市府路45號B1F.B21,A-125003736-00054-3,餐飲場所
四季甜煮食品有限公司,25035815,台北市信義區莊敬路240,A-125035815-00007-4,餐飲場所
高平摩志股份有限公司,25103117,台北市信義區松仁路58號B3,A-125103117-00001-9,餐飲場所
長沅國際實業有限公司,25119125,台北市信義區忠孝東路5段423巷64號,A-125119125-00003-7,餐飲場所
豆府股份有限公司,28841757,台北市信義區忠孝東路四段515號B2,A-128841757-00132-6,餐飲場所
豆府股份有限公司,28841757,台北市信義區松高路11號5樓,A-128841757-00149-4,餐飲場所
豆府股份有限公司,28841757,台北市信義區松高路11號B2樓,A-128841757-00150-6,餐飲場所
台灣銘物企業股份有限公司,28845748,台北市信義區菸廠路88號(B2/R008櫃位),A-128845748-00004-8,餐飲場所
台灣銘物企業股份有限公司,28845748,台北市信義區松山路11號1樓,A-128845748-00030-7,餐飲場所
台灣銘物企業股份有限公司,28845748,台北市信義區松山路11號1樓,A-128845748-00031-8,餐飲場所
台灣薩莉亞餐飲股份有限公司,28854801,台北市信義區松壽路12號4F,A-128854801-00026-2,餐飲場所
黑堂有限公司,28869972,台北市信義區永吉路30巷122號,A-128869972-00132-5,餐飲場所
晨間廚房國際餐飲股份有限公司,28890222,台北市信義區永吉路30巷17號1樓,A-128890222-01530-0,餐飲場所
晨間廚房國際餐飲股份有限公司,28890222,台北市信義區莊敬路357號,A-128890222-01569-2,餐飲場所
正藝興業有限公司,28899624,台北市信義區松高路11號B2,A-128899624-00001-7,餐飲場所
迷客夏國際股份有限公司,28949151,台北市信義區永吉路30巷114號1樓,A-128949151-00097-3,餐飲場所
迷客夏國際股份有限公司,28949151,台北市信義區莊敬路319號,A-128949151-00100-8,餐飲場所
迷客夏國際股份有限公司,28949151,台北市信義區虎林街125號,A-128949151-00185-1,餐飲場所
迷客夏國際股份有限公司,28949151,台北市信義區忠孝東路五段8號B2,A-128949151-00376-3,餐飲場所
迷客夏國際股份有限公司,28949151,台北市信義區莊敬路260號,A-128949151-00683-4,餐飲場所
迷客夏國際股份有限公司,28949151,台北市信義區虎林街125號,A-128949151-00744-2,餐飲場所
迷客夏國際股份有限公司,28949151,台北市信義區信義路五段7號89樓,A-128949151-00802-7,餐飲場所
商邦餐飲有限公司,53913146,台北市信義區莊敬路182號,A-153913146-00003-3,餐飲場所
商邦餐飲有限公司,53913146,台北市信義區莊敬路205號,A-153913146-00010-1,餐飲場所
商邦餐飲有限公司,53913146,台北市信義區市府路45號B1樓,A-153913146-00043-7,餐飲場所
薄多義餐飲有限公司,53914855,台北市信義區松壽路12號5樓,A-153914855-00005-3,餐飲場所
薄多義餐飲有限公司,53914855,台北市信義區松智路17號5樓,A-153914855-00019-8,餐飲場所
翰那有限公司,53916381,台北市信義區北市松高路11號b2,A-153916381-00001-5,餐飲場所
翰那有限公司,53916381,台北市信義區松壽路11號b2,A-153916381-00002-6,餐飲場所
台灣東利多股份有限公司,53919541,台北市信義區松高路12號B2,A-153919541-00009-4,餐飲場所
台灣東利多股份有限公司,53919541,台北市信義區菸廠路88號B2,A-153919541-00037-5,餐飲場所
台灣東利多股份有限公司,53919541,台北市信義區忠孝東路五段8號B2,A-153919541-00049-8,餐飲場所
台灣東利多股份有限公司,53919541,台北市信義區松山路11號2樓,A-153919541-00058-8,餐飲場所
台灣東利多股份有限公司,53919541,台北市信義區松壽路11號B2(A11),A-153919541-00069-0,餐飲場所
初衣食午股份有限公司,53919649,台北市信義區松仁路28號2樓,A-153919649-00003-7,餐飲場所
初衣食午股份有限公司,53919649,台北市信義區忠孝東路四段505號1樓,A-153919649-00005-9,餐飲場所
養心餐飲股份有限公司,53922052,台北市信義區信義區松高路11號4樓108之1,A-153922052-00008-4,餐飲場所
養心餐飲股份有限公司,53922052,台北市信義區松高路11號4樓107-1,A-153922052-00009-5,餐飲場所
東門鴨莊有限公司,53923215,台北市信義區松山路439號,A-153923215-00002-0,餐飲場所
杰立餐飲股份有限公司,53925311,台北市信義區松高路16號B2,A-153925311-00006-3,餐飲場所
杰立餐飲股份有限公司,53925311,台北市信義區松壽路11號一樓,A-153925311-00013-1,餐飲場所
杰立餐飲股份有限公司,53925311,台北市信義區松高路12號B2,A-153925311-00024-3,餐飲場所
杰立餐飲股份有限公司,53925311,台北市信義區松高路12號B2,A-153925311-00025-4,餐飲場所
杰立餐飲股份有限公司,53925311,台北市信義區市府路45號B1F,A-153925311-00029-8,餐飲場所
首侖創意有限公司,53928128,台北市信義區忠孝東路五段68號4F,A-153928128-00004-0,餐飲場所
首侖創意有限公司,53928128,台北市信義區忠孝東路五段8號B2,A-153928128-00005-1,餐飲場所
珠寶盒法式食品有限公司,53930567,台北市信義區莊敬路239巷1弄1號,A-153930567-00005-1,餐飲場所
誠品旅館事業股份有限公司,53931593,台北市信義區菸廠路98號、2樓、3樓及14樓,A-153931593-00001-7,餐飲場所
誠品旅館事業股份有限公司,53931593,台北市信義區菸廠路98號、2樓、3樓及14樓,A-153931593-00002-8,餐飲場所
誠品旅館事業股份有限公司,53931593,台北市信義區菸廠路98號、2樓、3樓及14樓,A-153931593-00003-9,餐飲場所
歡喜創意有限公司,53935465,台北市信義區松德路153號,A-153935465-00001-9,餐飲場所
台灣吉野家股份有限公司,22662664,台北市信義區忠孝東路五段155號,A-122662664-00037-2,餐飲場所
台灣吉野家股份有限公司,22662664,台北市信義區莊敬路441號1樓,A-122662664-00173-3,餐飲場所
鬍鬚張股份有限公司,22721208,台北市信義區吳興街251號,A-122721208-00025-9,餐飲場所
鬍鬚張股份有限公司,22721208,台北市信義區松壽路11號A11館B2,A-122721208-00056-3,餐飲場所
鬍鬚張股份有限公司,22721208,台北市信義區松高路11號B2,A-122721208-00101-4,餐飲場所
鬍鬚張股份有限公司,22721208,台北市信義區吳興街26號1樓,A-122721208-00170-0,餐飲場所
一之軒食品有限公司,22751743,台北市信義區忠孝東路五段472號,A-122751743-00096-4,餐飲場所
一之軒食品有限公司,22751743,台北市信義區莊敬路322號,A-122751743-00115-6,餐飲場所
富達零售股份有限公司,22853565,台北市信義區松山路465巷3號1樓,A-122853565-43115-8,餐飲場所
富達零售股份有限公司,22853565,台北市信義區忠孝東路５段725號1樓,A-122853565-43130-5,餐飲場所
富達零售股份有限公司,22853565,台北市信義區吳興街600巷94號1樓,A-122853565-43255-3,餐飲場所
富達零售股份有限公司,22853565,台北市信義區富陽街65、67號1樓,A-122853565-43303-7,餐飲場所
富達零售股份有限公司,22853565,台北市信義區吳興街284巷21弄2號,A-122853565-43464-5,餐飲場所
富達零售股份有限公司,22853565,台北市信義區吳興街110號1樓,A-122853565-43502-8,餐飲場所
富達零售股份有限公司,22853565,台北市信義區莊敬路393號,A-122853565-43733-4,餐飲場所
富達零售股份有限公司,22853565,台北市信義區吳興街220巷33號,A-122853565-43806-5,餐飲場所
富達零售股份有限公司,22853565,台北市信義區松仁路32號7樓,A-122853565-43864-9,餐飲場所
富達零售股份有限公司,22853565,台北市信義區松仁路158巷1號,A-122853565-43895-3,餐飲場所
富達零售股份有限公司,22853565,台北市信義區東興路47號1樓,A-122853565-43919-0,餐飲場所
富達零售股份有限公司,22853565,台北市信義區松山路655號,A-122853565-43933-6,餐飲場所
富達零售股份有限公司,22853565,台北市信義區松高路1號18樓,A-122853565-43936-9,餐飲場所
全家便利商店股份有限公司,23060248,台北市信義區永吉路３０巷１１８號１樓,A-123060248-06860-3,餐飲場所
全家便利商店股份有限公司,23060248,台北市信義區忠孝東路四段５５３巷６弄１７號１樓,A-123060248-07175-3,餐飲場所
全家便利商店股份有限公司,23060248,台北市信義區信義路四段４０７號壹樓,A-123060248-07568-9,餐飲場所
全家便利商店股份有限公司,23060248,台北市信義區松德路２８３號,A-123060248-07669-1,餐飲場所
全家便利商店股份有限公司,23060248,台北市信義區虎林街６１－４號,A-123060248-07675-8,餐飲場所
全家便利商店股份有限公司,23060248,台北市信義區忠孝東路五段７１巷８號壹樓,A-123060248-07684-8,餐飲場所
全家便利商店股份有限公司,23060248,台北市信義區松仁路２４０巷２號,A-123060248-07835-6,餐飲場所
全家便利商店股份有限公司,23060248,台北市信義區中坡南路２２９號,A-123060248-07861-5,餐飲場所
全家便利商店股份有限公司,23060248,台北市信義區光復南路５０５號、５０７號及文昌街３２,A-123060248-07920-1,餐飲場所
全家便利商店股份有限公司,23060248,台北市信義區莊敬路３０７號,A-123060248-07960-5,餐飲場所
全家便利商店股份有限公司,23060248,台北市信義區莊敬路３７４號,A-123060248-07961-6,餐飲場所
全家便利商店股份有限公司,23060248,台北市信義區信義路五段１５０巷４０１弄３１號,A-123060248-07962-7,餐飲場所
全家便利商店股份有限公司,23060248,台北市信義區吳興街３３４號,A-123060248-07963-8,餐飲場所
全家便利商店股份有限公司,23060248,台北市信義區崇德街２９號,A-123060248-08031-5,餐飲場所
全家便利商店股份有限公司,23060248,台北市信義區虎林街１３２巷８１號１樓,A-123060248-08280-1,餐飲場所
全家便利商店股份有限公司,23060248,台北市信義區松壽路２４號,A-123060248-08436-4,餐飲場所
全家便利商店股份有限公司,23060248,台北市信義區松德路２００巷１３號１樓,A-123060248-08477-9,餐飲場所
全家便利商店股份有限公司,23060248,台北市信義區虎林街１２０巷１６５號,A-123060248-08542-2,餐飲場所
全家便利商店股份有限公司,23060248,台北市信義區松山路１５３號,A-123060248-08549-9,餐飲場所
全家便利商店股份有限公司,23060248,台北市信義區信義路六段７８號,A-123060248-08556-7,餐飲場所
全家便利商店股份有限公司,23060248,台北市信義區信義路５段１５０巷２２１號,A-123060248-08557-8,餐飲場所
全家便利商店股份有限公司,23060248,台北市信義區忠孝東路五段４２５號１樓及地下室,A-123060248-08726-6,餐飲場所
全家便利商店股份有限公司,23060248,台北市信義區虎林街１６６號１樓及地下室,A-123060248-08727-7,餐飲場所
艾丘洛有限公司,83190343,台北市信義區忠孝東路4段553巷46弄8號1樓,A-183190343-00001-0,餐飲場所
洋日盛國際有限公司,83190619,台北市信義區忠孝東路5段71巷18號,A-183190619-00001-6,餐飲場所
捌伍添第股份有限公司,83194642,台北市信義區信義路五段7號85樓,A-183194642-00001-6,餐飲場所
仟業有限公司,83196698,台北市信義區松智路17號B1,A-183196698-00001-9,餐飲場所
漫步藍有限公司,83200089,台北市信義區松勤街5號,A-183200089-00001-9,餐飲場所
昌榮活水事業有限公司,83250685,台北市信義區忠孝東路五段8號B2,A-183250685-00001-6,餐飲場所
牙齒肉圓有限公司,83255268,台北市信義區莊敬路330號,A-183255268-00004-1,餐飲場所
藝廚學學股份有限公司,83266504,台北市信義區忠孝東路4段512號12樓,A-183266504-00001-3,餐飲場所
茗晨有限公司,83266960,台北市信義區永吉路30巷117號1樓,A-183266960-00001-9,餐飲場所
二次會股份有限公司,83281821,台北市信義區光復南路575號,A-183281821-00001-2,餐飲場所
得利影視股份有限公司,89398566,台北市信義區忠孝東路5段8號5樓,A-189398566-00001-3,餐飲場所
米哥食品有限公司,89455989,台北市信義區松山路11號,A-189455989-00047-6,餐飲場所
米哥食品有限公司,89455989,台北市信義區忠孝東路4段515號D棟B2,A-189455989-00049-8,餐飲場所
韓鶴亭食品有限公司,89468529,台北市信義區市府路45號B1,A-189468529-00001-0,餐飲場所
貴族世家企業股份有限公司,89496779,台北市信義區信義路六段94號,A-189496779-00191-8,餐飲場所
泰竑有限公司,90422255,台北市信義區松壽路11號B2,A-190422255-00002-9,餐飲場所
吉夯國際有限公司,90456326,台北市信義區松仁路58號(A13信義遠百B3大食代),A-190456326-00001-4,餐飲場所
吉夯國際有限公司,90456326,台北市信義區菸廠路88號B1 (松菸誠品),A-190456326-00002-5,餐飲場所
宇駿餐飲有限公司,90465578,台北市信義區忠孝東路5段697、699號,A-190465578-00001-3,餐飲場所
芬翔食代有限公司,90467386,台北市信義區忠孝東路5段137號1樓,A-190467386-00001-2,餐飲場所
威太郎有限公司,90472682,台北市信義區松壽路12號1F戶外餐車,A-190472682-00004-0,餐飲場所
威太郎有限公司,90472682,台北市信義區松壽路11號B2,A-190472682-00006-2,餐飲場所
威太郎有限公司,90472682,台北市信義區松壽路20號1F,A-190472682-00007-3,餐飲場所
威太郎有限公司,90472682,台北市信義區菸廠路88號B1,A-190472682-00008-4,餐飲場所
威太郎有限公司,90472682,台北市信義區菸廠路88號B1,A-190472682-00009-5,餐飲場所
威太郎有限公司,90472682,台北市信義區松壽路20號2F,A-190472682-00010-7,餐飲場所
小馬飲夢股份有限公司,90480682,台北市信義區松仁路36號1樓之1,A-190480682-00001-6,餐飲場所
小馬飲夢股份有限公司,90480682,台北市信義區基隆路一段206號,A-190480682-00002-7,餐飲場所
怡繕有限公司,90481155,台北市信義區虎林街132巷35號,A-190481155-00001-2,餐飲場所
日商樂比亞股份有限公司,90488039,台北市信義區忠孝東路四段505號B2F,A-190488039-00031-3,餐飲場所
陳食餐飲有限公司松隆分公司,90492337,台北市信義區松隆路333號1樓,A-190492337-00002-7,餐飲場所
樂子國際股份有限公司台中分公司,90501390,台北市信義區松壽路12號,A-190501390-00001-6,餐飲場所
辛巴適餐飲有限公司,90503735,台北市信義區松壽路12號5樓,A-190503735-00001-1,餐飲場所
柏元商行,88297029,台北市信義區永吉路30巷92號1樓,A-200240808-00001-2,餐飲場所
陳記小吃店,25611909,台北市信義區景勤里吳興街１５０號１樓,A-200241267-00001-2,餐飲場所
一娘子小吃店,88214750,台北市信義區忠孝東路5段41號1樓,A-200241911-00001-8,餐飲場所
拎菜杯,,台北市信義區光復南路415巷84號,A-200242180-00001-7,餐飲場所
好點創意有限公司,50991723,台北市信義區松高路11號B2,A-200242222-00003-6,餐飲場所
新新餐飲店,88333221,台北市中正區台北市信義區基隆路二段131-24號，台北市信義區基隆路二段131-25號,A-200242256-00001-1,餐飲場所
卷卷商行,91695459,台北市信義區松仁路58號B3,A-200242489-00001-9,餐飲場所
品誠素餅店,13845328,台北市信義區永吉路278巷57弄9號1樓,A-200242633-00001-0,餐飲場所
東方美早餐店,,台北市信義區信義區福德街224號,A-200242718-00001-4,餐飲場所
松山小吃店,10353039,台北市信義區松山路540巷1號,A-200251376-00001-4,餐飲場所
泰東泱小吃店,79871347,台北市信義區永吉路278巷1弄1號,A-200251402-00001-4,餐飲場所
即食網美食館,88305442,台北市信義區福德街84巷21號1樓,A-200252129-00001-1,餐飲場所
良食魯肉飯,93187830,台北市信義區吳興街64號,A-200252512-00001-7,餐飲場所
利齊早餐店,88215998,台北市信義區光復南路473巷29號,A-200252726-00001-4,餐飲場所
彭身正早餐店,13472679,台北市信義區松仁路２０３號１樓,A-200253103-00001-4,餐飲場所
晶饌蒸煮世家行,48968275,台北市信義區中坡南路24號,A-200253582-00001-5,餐飲場所
琳達食品股份有限公司,90672979,台北市信義區吳興街7巷3號,A-200253678-00001-1,餐飲場所
營業名稱：棒棒噠義麵屋,,台北市信義區松山路615巷11號1樓,A-200253923-00001-4,餐飲場所
再一杯小吃店,38473128,台北市信義區信義路6段56號(1樓),A-200253932-00001-4,餐飲場所
肚子餓吃宵夜店,88292713,台北市信義區忠孝東路5段429號1樓,A-200254003-00001-4,餐飲場所
津香小吃店,,台北市信義區吳興街121號1樓,A-200254214-00001-8,餐飲場所
天心坊湯包虎林店,93109841,台北市信義區四育里虎林街１１―２號,A-200254372-00001-3,餐飲場所
外送合約平台,,台北市信義區基隆路二段39巷23號,A-200254424-00038-1,餐飲場所
艾可軒早餐,50659134,台北市信義區吳興街44-1號,F-150659134-00003-9,餐飲場所
龍家薑母鴨小吃店,,台北市信義區6段89號1樓,A-200208720-00001-9,餐飲場所
大雅餐飲有限公司,50898450,台北市信義區忠孝東路4段553巷22弄2號,A-200209076-00001-4,餐飲場所
Authentic Brazilian Food,,台北市信義區紫雲街53號3樓,A-200209628-00001-7,餐飲場所
欣盛烘食坊,,台北市信義區松山路551號,A-200209810-00001-0,餐飲場所
職人丼深夜食堂,75934518,台北市信義區莊敬路258號,A-200209818-00001-8,餐飲場所
吾倆食堂,,台北市信義區虎林街52號,A-200209923-00001-5,餐飲場所
幸福燒雞蛋糕世貿１０１店,00515968,台北市信義區莊敬路325巷48號,A-200210169-00001-9,餐飲場所
寅瑞餐飲股份有限公司,90243957,台北市信義區忠孝東路4段559巷16弄2號1樓,A-200229383-00001-7,餐飲場所
巧之味水餃,42540839,台北市信義區敦厚里松隆路４２號,A-200229478-00001-2,餐飲場所
京暘企業社,73143309,台北市信義區基隆路1段147巷19號1樓,A-200229538-00001-9,餐飲場所
蔬食の便當,,台北市信義區永吉路180巷53弄2號1樓,A-200229619-00001-9,餐飲場所
王亮景,,台北市信義區松隆路286號5樓,A-200229621-00001-2,餐飲場所
上席小館,31956850,台北市信義區富陽街83號1樓,A-200229695-00001-3,餐飲場所
馬小姐時尚甜點工作室,82649639,台北市信義區虎林街100巷193號1樓,A-200229726-00001-8,餐飲場所
梅門養生館股份有限公司,54875845,台北市信義區松仁路28號B2F,A-200229796-00001-5,餐飲場所
大大力海南雞飯,42337028,台北市信義區吳興街284巷11之1號,A-200229830-00001-4,餐飲場所
楓川小吃店,48809024,台北市信義區信義路5段150巷14弄10號,A-200229874-00001-2,餐飲場所
紅燈籠快炒,15636748,台北市信義區吳興街１４７號,A-200229947-00001-3,餐飲場所
儂舍有限公司,83603885,台北市信義區光復南路587號,A-200230097-00001-1,餐飲場所
美味土魠魚羹店,88220866,台北市信義區莊敬路244號1樓,A-200230126-00001-4,餐飲場所
小辣椒滷味吳興店,88234593,台北市信義區景聯里吳興街８１號,A-200230129-00001-7,餐飲場所
一心便當店,81633912,台北市信義區四維里松山路２２６號1樓,A-200230357-00001-0,餐飲場所
旭璞小食坊,88207879,台北市信義區嘉興街216巷14號1樓,A-200230419-00001-9,餐飲場所
政欣小吃店,79839699,台北市信義區忠孝東路4段559巷16弄2之1號,A-200230421-00001-2,餐飲場所
嘉原小吃館,88214246,台北市信義區基隆路1段378之2號1樓,A-200230458-00001-2,餐飲場所
勝牛日式餐館,79188611,台北市信義區忠孝東路5段412之6號,A-200230690-00001-0,餐飲場所
興興小吃店,38485497,台北市信義區四育里虎林街５３―１號１樓,A-200230845-00001-2,餐飲場所
豆麻麻雞排店,,台北市信義區虎林街82巷54號,A-200230926-00001-2,餐飲場所
歡喜魯肉飯小吃店,25551450,台北市信義區吳興街156巷22弄2號1樓,A-202291797-00001-7,餐飲場所
東一區特製涼麵,15630239,台北市信義區忠孝東路四段216巷31號,A-202292323-00001-3,餐飲場所
豐富餐飲股份有限公司,00192088,台北市信義區忠孝東路五段6號1樓,A-202292391-00005-2,餐飲場所
豐富餐飲股份有限公司,00192088,台北市信義區松山路11號,A-202292391-00010-8,餐飲場所
豐富餐飲股份有限公司,00192088,台北市信義區忠孝東路五段2號/捷運市府站2號出口,A-202292391-00011-9,餐飲場所
豐富餐飲股份有限公司,00192088,台北市信義區忠孝東路五段71巷口/捷運市府4號出口,A-202292391-00012-0,餐飲場所
溫智商行,75110991,台北市信義區松信路85號1樓,A-202292403-00001-2,餐飲場所
老墨廚房,,台北市信義區虎林街132巷51號1樓,A-202292668-00001-5,餐飲場所
福多多有限公司,,台北市信義區福多路123號,A-202292925-00001-1,餐飲場所
統一編號：北投紅茶,,台北市信義區林口街28號1樓,A-202292991-00001-4,餐飲場所
劉家潤餅,,台北市信義區忠孝東路五段790巷68弄2-2號,A-202293379-00001-5,餐飲場所
哇,,台北市信義區東興路43號,A-202293388-00001-5,餐飲場所
富達零售股份有限公司,22853565,台北市信義區基隆路２段99號,A-122853565-43958-3,餐飲場所
富達零售股份有限公司,22853565,台北市信義區福德街221巷15號,A-122853565-43959-4,餐飲場所
富達零售股份有限公司,22853565,台北市信義區松德路168巷15號,A-122853565-43960-6,餐飲場所
富達零售股份有限公司,22853565,台北市信義區吳興街600巷107號,A-122853565-43961-7,餐飲場所
富達零售股份有限公司,22853565,台北市信義區松仁路36號13樓,A-122853565-43972-9,餐飲場所
富達零售股份有限公司,22853565,台北市信義區忠孝東路５段68號39樓,A-122853565-43997-6,餐飲場所
富達零售股份有限公司,22853565,台北市信義區松高路11號1樓,A-122853565-44003-5,餐飲場所
富達零售股份有限公司,22853565,台北市信義區松德路97號bB1,A-122853565-44023-7,餐飲場所
富達零售股份有限公司,22853565,台北市信義區忠孝東路５段297號B1、B2、B3(愛買忠孝店_客服中心),A-122853565-44085-5,餐飲場所
富達零售股份有限公司,22853565,台北市信義區台北市信義區信義路５段106號12樓,A-122853565-45357-8,餐飲場所
富達零售股份有限公司,22853565,台北市信義區松德路40號(台安藥局),A-122853565-45567-1,餐飲場所
銜隆股份有限公司,50777195,台北市信義區松高路12號B2,A-150777195-00001-0,餐飲場所
唐仟豪股份有限公司,50779721,台北市信義區忠孝東路四段505號7樓,A-150779721-00005-1,餐飲場所
王鍋屋餐飲國際有限公司,50787362,台北市信義區逸仙路50巷20號1樓,A-150787362-00002-8,餐飲場所
乘五貳點零版有限公司,50787454,台北市信義區忠孝東路4段553巷22弄51之1號,A-150787454-00001-9,餐飲場所
品品企業有限公司,50789972,台北市信義區松高路12號B2,A-150789972-00004-9,餐飲場所
巧啡國際事業股份有限公司市府分公司,50790845,台北市信義區忠孝東路5段71巷38號1樓,A-150790845-00001-7,餐飲場所
傳于膳食品股份有限公司,50791464,台北市信義區吳興街239號,A-150791464-00001-5,餐飲場所
威爾貝克有限公司,50792490,台北市信義區吳興街52號、52之1號,A-150792490-00001-5,餐飲場所
伍弄股份有限公司,50792914,台北市信義區松山路514號,A-150792914-00001-6,餐飲場所
珍煮丹股份有限公司,50796101,台北市信義區忠孝東路五段17號之1,A-150796101-00005-2,餐飲場所
甘心股份有限公司,50798656,台北市信義區市府路45號B1,A-150798656-00001-5,餐飲場所
史密斯華倫斯基餐飲股份有限公司,50799970,台北市信義區松智路17號,A-150799970-00001-5,餐飲場所
聚禾豐股份有限公司,50824845,台北市信義區松高路12號B2,A-150824845-00106-1,餐飲場所
聚禾豐股份有限公司,50824845,台北市信義區信義路五段7號89樓,A-150824845-00107-2,餐飲場所
聚禾豐股份有限公司,50824845,"台北市信義區市府路45號4F,11櫃",A-150824845-00113-9,餐飲場所
小山堂餐飲股份有限公司,53545918,台北市信義區光復南路133號,A-153545918-00001-9,餐飲場所
創意飲食股份有限公司,53546374,台北市信義區松壽路12號5樓,A-153546374-00001-6,餐飲場所
創意飲食股份有限公司,53546374,台北市信義區松壽路12號5樓,A-153546374-00003-8,餐飲場所
鼎王國際餐飲股份有限公司,53546917,台北市信義區松壽路22號2樓,A-153546917-00038-9,餐飲場所
鼎王國際餐飲股份有限公司,53546917,台北市信義區松壽路12號6樓,A-153546917-00042-4,餐飲場所
韓本家有限公司,53555957,台北市信義區松仁路58號B3,A-153555957-00007-9,餐飲場所
天成飯店股份有限公司信義分公司,53557266,台北市信義區信義路五段1號,A-153557266-00001-8,餐飲場所
太平興業有限公司,53599907,台北市信義區松壽路9號B1,A-153599907-00001-6,餐飲場所
統一超商股份有限公司,22555003,台北市信義區松勤街100號1樓,D-122555003-54101-4,餐飲場所
老家烘焙有限公司,24741671,台北市信義區吳興街49號,A-124741671-00002-2,餐飲場所
昕殿有限公司,24743426,台北市信義區松壽路12號1樓,A-124743426-00001-1,餐飲場所
昕殿有限公司,24743426,台北市信義區松壽路28號1樓,A-124743426-00002-2,餐飲場所
鈺饗國際有限公司,24743832,台北市信義區忠孝東路四段505號B2,A-124743832-00002-3,餐飲場所
哈囉有限公司,24747909,台北市信義區松隆路35號,A-124747909-00001-1,餐飲場所
有民餐飲事業股份有限公司,24750100,台北市信義區松高路19號5樓,A-124750100-00001-8,餐飲場所
有民餐飲事業股份有限公司,24750100,台北市信義區松高路19號B2,A-124750100-00002-9,餐飲場所
有民餐飲事業股份有限公司,24750100,台北市信義區松高路19號B2,A-124750100-00003-0,餐飲場所
有民餐飲事業股份有限公司,24750100,台北市信義區松壽路9號6樓,A-124750100-00004-1,餐飲場所
哈尼皮克餐飲有限公司,24751001,台北市信義區信義路4段415號之3,A-124751001-00001-9,餐飲場所
宜大立餐飲事業有限公司,24754422,台北市信義區逸仙路50巷22號,A-124754422-00002-0,餐飲場所
院子餐飲有限公司,24755484,台北市信義區基隆路1段163之1號1樓,A-124755484-00001-8,餐飲場所
傑米小館有限公司,24756049,台北市信義區信義路五段7號89樓,A-124756049-00002-7,餐飲場所
遇月全餐飲有限公司,,台北市信義區基隆路1段147巷5弄44號1樓,A-124756575-00001-0,餐飲場所
好食國際文化股份有限公司,24763442,台北市信義區松智路17號B2F,A-124763442-00008-8,餐飲場所
老家啤酒吧有限公司,24766927,台北市信義區吳興街49號,A-124766927-00001-2,餐飲場所
咖啡伴股份有限公司,24768919,台北市信義區松德路153號,A-124768919-00064-4,餐飲場所
伊藤有限公司,24772174,台北市信義區菸廠路88號二樓,A-124772174-00003-5,餐飲場所
大春事業股份有限公司,28479989,台北市信義區松壽路22號5樓,A-128479989-00001-5,餐飲場所
庭茂農業生技股份有限公司,28483007,台北市信義區松仁路28號B2,A-128483007-00015-6,餐飲場所
庭茂農業生技股份有限公司,28483007,台北市信義區松仁路58號B3,A-128483007-00070-7,餐飲場所
庭茂農業生技股份有限公司,28483007,台北市信義區菸廠路88號B1F,A-128483007-00074-1,餐飲場所
品香園企業有限公司,28506992,台北市信義區光復南路574號,A-128506992-00002-1,餐飲場所
小南門食品有限公司,28544068,台北市信義區菸廠路88號b2,A-128544068-00032-0,餐飲場所
小南門食品有限公司,28544068,台北市信義區松高路11號B2,A-128544068-00038-6,餐飲場所
小南門食品有限公司,28544068,台北市信義區松高路11號B2,A-128544068-00039-7,餐飲場所
成一餐飲有限公司,28607008,台北市信義區市府路45號B1,A-128607008-00002-1,餐飲場所
希望創造事業股份有限公司,28664730,台北市信義區松山路484號1樓,A-128664730-00223-1,餐飲場所
一森企業股份有限公司,28684187,台北市信義區忠孝東路四段505號B2,A-128684187-00002-4,餐飲場所
晶旺餐飲股份有限公司,28704682,台北市信義區松壽路20號2F,A-128704682-00002-7,餐飲場所
九鬼魚屋,38465859,台北市信義區吳興街289巷12號1樓,A-200053624-00001-0,餐飲場所
池上飯包店,95887871,台北市信義區松山路491號,A-200054913-00011-3,餐飲場所
小吃店（麵）,99164216,台北市信義區永吉路30巷158弄14號1樓,A-200055186-00002-6,餐飲場所
臺北市中山市場-63號攤-溪龍漁號,,台北市信義區莊敬路287號,A-200055832-00002-4,餐飲場所
祥麟小吃店,,台北市信義區永吉路181-2號,A-200055949-00001-2,餐飲場所
雞掌櫃餐坊,,台北市信義區松山路269號1樓,A-200121983-00002-5,餐飲場所
雞掌櫃餐坊,,台北市信義區基隆路二段131-14號1樓,A-200121983-00003-6,餐飲場所
杏果橙小吃店,,台北市信義區松仁路258號,A-200122459-00001-3,餐飲場所
悠旅生活事業股份有限公司,16097091,台北市信義區松壽路11號,A-116097091-00116-9,餐飲場所
悠旅生活事業股份有限公司,16097091,台北市信義區市府路45號1樓B&C室,A-116097091-00117-0,餐飲場所
悠旅生活事業股份有限公司,16097091,台北市信義區松高路11號1樓,A-116097091-00118-1,餐飲場所
悠旅生活事業股份有限公司,16097091,台北市信義區松仁路7號1樓,A-116097091-00119-2,餐飲場所
悠旅生活事業股份有限公司,16097091,台北市信義區莊敬路168號1樓,A-116097091-00120-4,餐飲場所
悠旅生活事業股份有限公司,16097091,台北市信義區吳興街252號1樓(第三醫療大樓),A-116097091-00121-5,餐飲場所
悠旅生活事業股份有限公司,16097091,台北市信義區松仁路28號,A-116097091-00122-6,餐飲場所
悠旅生活事業股份有限公司,16097091,台北市信義區信義路五段7號35樓-1,A-116097091-00123-7,餐飲場所
悠旅生活事業股份有限公司,16097091,台北市信義區松壽路12號1樓(人行徒步區),A-116097091-00124-8,餐飲場所
悠旅生活事業股份有限公司,16097091,台北市信義區吳興街220巷1號,A-116097091-00125-9,餐飲場所
悠旅生活事業股份有限公司,16097091,台北市信義區信義路六段1號,A-116097091-00126-0,餐飲場所
悠旅生活事業股份有限公司,16097091,台北市信義區基隆路二段99之1號,A-116097091-02066-5,餐飲場所
悠旅生活事業股份有限公司,16097091,台北市信義區松高路11號B2,A-116097091-02124-0,餐飲場所
悠旅生活事業股份有限公司,16097091,台北市信義區市府路45號B1,A-116097091-02221-8,餐飲場所
悠旅生活事業股份有限公司,16097091,台北市信義區松仁路100號2樓,A-116097091-02259-9,餐飲場所
悠旅生活事業股份有限公司,16097091,台北市信義區忠孝東路5段8號B2,A-116097091-02292-6,餐飲場所
悠旅生活事業股份有限公司,16097091,台北市信義區信義路五段5號1樓,A-116097091-02355-6,餐飲場所
悠旅生活事業股份有限公司,16097091,台北市信義區信義路五段106號1樓,A-116097091-02371-4,餐飲場所
悠旅生活事業股份有限公司,16097091,台北市信義區松智路17號一樓,A-116097091-02423-2,餐飲場所
悠旅生活事業股份有限公司,16097091,台北市信義區松仁路58號B2,A-116097091-02435-5,餐飲場所
悠旅生活事業股份有限公司,16097091,台北市信義區東興路37號,A-116097091-02507-5,餐飲場所
悠旅生活事業股份有限公司,16097091,台北市信義區松高路11號6F,A-116097091-02680-7,餐飲場所
悠旅生活事業股份有限公司,16097091,台北市信義區忠孝東路四段505號B2（遠東大巨蛋商場）,A-116097091-02789-7,餐飲場所
三澧企業股份有限公司,16098275,台北市信義區松壽路22號2樓 (C06 Neo 19 2樓),A-116098275-00012-9,餐飲場所
三澧企業股份有限公司,16098275,台北市信義區忠孝東路五段8號7樓 C19,A-116098275-00031-0,餐飲場所
香港商赫士盟食品企業有限公司信義分公司,,台北市信義區民生東路三段135號7樓,A-127928848-00001-7,餐飲場所
誠品生活股份有限公司,27952966,台北市信義區松高路11號3F,A-127952966-00002-6,餐飲場所
誠品生活股份有限公司,27952966,台北市信義區菸廠路88號3樓,A-127952966-00035-2,餐飲場所
誠品生活股份有限公司,27952966,台北市信義區菸廠路88號3樓,A-127952966-00036-3,餐飲場所
柯旅天閣股份有限公司,27965126,台北市信義區忠孝東路5段297號1至6樓,A-127965126-00002-8,餐飲場所
鎮饌股份有限公司,27973174,台北市信義區忠孝東路五段297號5.6樓,A-127973174-00001-9,餐飲場所
鎮饌股份有限公司,27973174,台北市信義區忠孝東路5段297號5樓,A-127973174-00003-1,餐飲場所
勝成餐飲股份有限公司,27980512,台北市信義區松壽路9號6樓,A-127980512-00002-4,餐飲場所
勝成餐飲股份有限公司,27980512,台北市信義區松山路11號2樓,A-127980512-00022-6,餐飲場所
勝成餐飲股份有限公司,27980512,台北市信義區松高路12號3樓,A-127980512-00042-8,餐飲場所
吉比鮮釀股份有限公司,27981688,台北市信義區松壽路11號2F,A-127981688-00001-8,餐飲場所
台灣國際天屋有限公司,27990384,台北市信義區松智路17號B1F,A-127990384-00004-4,餐飲場所
魂麵股份有限公司,27994467,台北市信義區松智路17號B2,A-127994467-00014-1,餐飲場所
林家傳統小吃坊,00571308,台北市信義區忠孝東路5段423巷66號1樓,A-202295687-00001-9,餐飲場所
連苑小吃店,72917467,台北市信義區吳興街284巷1號,A-202295792-00001-6,餐飲場所
上品客家小館,88376419,台北市信義區松仁路269號,A-202296077-00001-3,餐飲場所
大發福德商行,00542732,台北市信義區福德街270號1樓,A-202296392-00001-3,餐飲場所
永和樓中華料理店信義分店,93190379,台北市信義區莊敬路292號,A-202296690-00001-4,餐飲場所
品冠小吃有限公司忠孝分公司,00570075,台北市信義區忠孝東路5段47號1樓,A-202296896-00001-2,餐飲場所
品冠小吃有限公司忠孝分公司,00570075,台北市信義區忠孝東路5段47號1樓,A-202296896-00002-3,餐飲場所
食厘米蒸烤餐坊,00542917,台北市信義區基隆路二段22之1號1樓,A-202297079-00001-6,餐飲場所
泰香泰式料理餐廳,88286108,台北市信義區忠孝東路5段524巷16號,A-202327653-00001-8,餐飲場所
甜Q甜不辣,,台北市信義區永吉路30巷100號,A-202328257-00001-9,餐飲場所
咘咚星球茶作商行,00626269,台北市信義區崇德街2號,A-202328583-00001-1,餐飲場所
燒好食.食堂,,台北市信義區永吉路180巷44號,A-202328601-00001-2,餐飲場所
徐記古早味水煎包店,93146260,台北市信義區吳興街8巷5號1樓,A-202328652-00001-8,餐飲場所
鄧家越南麵館,,台北市信義區松山路183號1樓,A-202328669-00001-6,餐飲場所
眾旺餐飲股份有限公司永春分公司,00603343,台北市信義區忠孝東路五段423巷61號1樓,A-202328692-00001-2,餐飲場所
好湯研究所(台北信義店),,台北市信義區忠孝東路五段423巷61號1樓,A-202328693-00001-3,餐飲場所
韓溫餐飲有限公司,60437452,台北市信義區松隆路73巷2號1樓,A-202328904-00001-8,餐飲場所
三霹實業股份有限公司信義分公司,00146629,台北市信義區忠孝東路五段486號,A-202329005-00001-1,餐飲場所
百雁小吃店,93121893,台北市信義區松隆路82號,A-202329056-00001-7,餐飲場所
星展複合式餐飲有限公司,94080245,台北市信義區松山路132號2樓,A-202329157-00001-9,餐飲場所
一零一健康餐盒專賣店,00623299,台北市信義區吳興街44之1號1樓,A-202329207-00001-5,餐飲場所
李邢眨摳泰式料理,00626824,台北市信義區吳興街284巷24弄1之1號1樓,A-202329397-00001-5,餐飲場所
鮮滿園台南虱目魚店,00625254,台北市信義區吳興街26號1樓,A-202329509-00001-0,餐飲場所
多點肉健康鍋專賣 信義通化店,,台北市信義區基隆路二段199號,A-299998986-00001-7,餐飲場所
STUDIO CHOW,,台北市信義區松山路606號,A-299999005-00001-0,餐飲場所
永潤小吃店,88214386,台北市信義區莊敬路319號,A-299999599-00001-8,餐飲場所
醫願診所,93216933,台北市信義區信義路四段456號3樓,A-302287309-00001-2,餐飲場所
拾伍階工作室,38463206,台北市信義區三犁里信義路5段150巷14弄2號1樓,A-138463206-00001-1,餐飲場所
喝一杯新食坊,38465507,台北市信義區松高路11號4樓,A-138465507-00001-7,餐飲場所
饌宥實麵包館,38497711,台北市信義區莊敬路391巷5號,A-138497711-00001-9,餐飲場所
糖姐姐小舖,38500835,台北市信義區莊敬路349號,A-138500835-00001-1,餐飲場所
旅憩咖啡工作坊,38503452,台北市信義區黎平里崇德街10號,A-138503452-00001-9,餐飲場所
烤食煮盒便當屋,38504804,台北市信義區永吉路30巷157弄9號1樓,A-138504804-00001-1,餐飲場所
滿溢小吃店,,台北市信義區松山路441號1樓,A-138515226-00001-1,餐飲場所
廷寶國際企業股份有限公司,54166061,台北市信義區松仁路28號3~4樓,A-154166061-00001-8,餐飲場所
廷寶國際企業股份有限公司,54166061,台北市信義區松仁路28號4樓,A-154166061-00002-9,餐飲場所
福德滿股份有限公司,54173035,台北市信義區松壽路12號5樓,A-154173035-00007-3,餐飲場所
正記美食有限公司,54173133,台北市信義區松高路11號B2,A-154173133-00005-0,餐飲場所
正記美食有限公司,54173133,台北市信義區忠孝東路四段505號B2,A-154173133-00006-1,餐飲場所
鈜景食品企業股份有限公司,54180161,台北市信義區松高路19號,A-154180161-00006-0,餐飲場所
台灣善商股份有限公司,54181892,台北市信義區市民大道6段312號1樓,A-154181892-00224-4,餐飲場所
台灣善商股份有限公司,54181892,台北市信義區忠孝東路五段135號1樓,A-154181892-00420-2,餐飲場所
台灣善商股份有限公司,54181892,台北市信義區松智路17號B2 (29、30、31櫃),A-154181892-00484-2,餐飲場所
富美佳貿易股份有限公司,54182674,台北市信義區松仁路28號B2,A-154182674-00014-0,餐飲場所
奕豐實業有限公司,54185503,台北市信義區松高路12號2樓(新天地A8),A-154185503-00001-0,餐飲場所
好丘樂生活股份有限公司,60352159,台北市信義區忠孝東路五段8號B2,A-160352159-00004-3,餐飲場所
好丘樂生活股份有限公司,60352159,台北市信義區菸廠路88號B1,A-160352159-00006-5,餐飲場所
東亞麵夫有限公司,60358908,台北市信義區市府路45號B1.06櫃位,A-160358908-00001-8,餐飲場所
卡住綠洲餐飲有限公司,60359337,台北市信義區忠孝東路4段553巷22弄49之1號1樓,A-160359337-00001-5,餐飲場所
富眾多有限公司,60367913,台北市信義區松壽路12號No,A-160367913-00001-4,餐飲場所
發靓國際有限公司,60387652,台北市信義區松壽路11號B1日日裝茶專櫃,A-160387652-00032-0,餐飲場所
義宴餐飲有限公司,60410904,台北市信義區光復南路419巷66號1樓,A-160410904-00001-3,餐飲場所
即興食刻有限公司,60414922,台北市信義區基隆路二段39巷6號一樓,A-160414922-00001-7,餐飲場所
達利餐飲有限公司信義莊敬分公司,60426075,台北市信義區莊敬路231號(1樓),A-160426075-00001-9,餐飲場所
營控健康餐飲有限公司,60451496,台北市信義區忠孝東路5段392號1樓,A-160451496-00001-4,餐飲場所
肚肚商業有限公司,60480979,台北市信義區光復南路473巷29號,A-160480979-00001-2,餐飲場所
兆一心餐飲有限公司,60487966,台北市信義區逸仙路42巷9號,A-160487966-00001-5,餐飲場所
達利餐飲有限公司信義崇德分公司,60506957,台北市信義區崇德街95號(1樓),A-160506957-00001-7,餐飲場所
笙豔有限公司,60511311,台北市信義區基隆路2段181號,A-160511311-00001-7,餐飲場所
晶富裕股份有限公司,60541390,台北市信義區松壽路11號B2樓,A-160541390-00001-7,餐飲場所
凱娜克咖啡股份有限公司,60542623,台北市信義區松壽路11號,A-160542623-00002-8,餐飲場所
渡股份有限公司,60549962,台北市信義區忠孝東路4段553巷22弄12號1樓,A-160549962-00001-0,餐飲場所
鍋集院食坊,72984599,台北市信義區和平東路3段269號1樓,A-172984599-00001-2,餐飲場所
大台北便當,72985400,台北市信義區和平東路3段391巷7弄9號1樓,A-172985400-00001-4,餐飲場所
新海食堂,72988949,台北市信義區吳興街589號1樓,A-172988949-00001-5,餐飲場所
千泰餐飲,72989145,台北市信義區永吉路30巷157弄4號1樓,A-172989145-00001-4,餐飲場所
紅石小茶甜品專賣店,72989481,台北市信義區信義路4段450巷3號1樓,A-172989481-00001-7,餐飲場所
偉柏商行,72994787,台北市信義區莊敬路410號1樓,A-172994787-00001-2,餐飲場所
漫步藍餐飲,73040107,台北市信義區松勤街5號,A-173040107-00001-1,餐飲場所
九一八商號,73292840,台北市信義區忠孝東路5段492巷26號1樓,A-173292840-00001-4,餐飲場所
鼎胜小館,73675939,台北市信義區松仁路262號,A-173675939-00001-8,餐飲場所
向軒有限公司,82967633,台北市信義區忠孝東路4段553巷6弄3號,A-182967633-00001-3,餐飲場所
向軒有限公司,82967633,台北市信義區松高路11號B2F,A-182967633-00002-4,餐飲場所
向軒有限公司,82967633,台北市信義區松壽路11號B2樓,A-182967633-00003-5,餐飲場所
永珍食品有限公司,82968416,台北市信義區110台北市信義區忠孝東路五段17-1號,A-182968416-00001-3,餐飲場所
恆躍餐飲股份有限公司,82976529,台北市信義區永吉路30巷178弄1號1樓,A-182976529-00001-7,餐飲場所
滋立有限公司,82977219,台北市信義區松仁路58號4樓,A-182977219-00006-9,餐飲場所
新格食品有限公司,83020919,台北市信義區基隆路二段131之24號,A-183020919-00002-2,餐飲場所
喜想生機有限公司,83029931,"台北市信義區信義路五段7號, B1",A-183029931-00003-6,餐飲場所
吃你豆腐股份有限公司,83031021,台北市信義區六段74號1樓,A-183031021-00002-8,餐飲場所
吃你豆腐股份有限公司,83031021,台北市信義區松壽路11號(B2F006),A-183031021-00003-9,餐飲場所
規則王股份有限公司,83041560,台北市信義區松壽路12號10樓之2,A-183041560-00001-6,餐飲場所
同賞宴股份有限公司,83041787,台北市信義區市府路45號B1,A-183041787-00007-3,餐飲場所
同賞宴股份有限公司,83041787,台北市信義區新仁里忠孝東路四段515號(D棟地下2層 B2200、B2201,A-183041787-00020-8,餐飲場所
同賞宴股份有限公司,83041787,臺北市信義區松高路11號(櫃號B2-117),A-183041787-00025-3,餐飲場所
同賞宴股份有限公司,83041787,台北市信義區市府路45號B1,A-183041787-00029-7,餐飲場所
同賞宴股份有限公司,83041787,臺北市信義區松壽路12號2樓,A-183041787-00032-1,餐飲場所
同賞宴股份有限公司,83041787,臺北市信義區忠孝東路四段505號B2,A-183041787-00033-2,餐飲場所
同賞宴股份有限公司,83041787,台北市信義區忠孝東路四段505號B2,A-183041787-00034-3,餐飲場所
黑浮信義餐飲有限公司,83050238,台北市信義區松壽路12號5樓,A-183050238-00001-8,餐飲場所
核心映画有限公司,83051285,台北市信義區松壽路20號,A-183051285-00002-2,餐飲場所
樂多多世界股份有限公司,83053426,台北市信義區忠孝東路四段553巷6弄16號,A-183053426-00061-6,餐飲場所
樂多多世界股份有限公司,83053426,台北市信義區松仁路58號14樓,A-183053426-00088-5,餐飲場所
不然好朋友有限公司,83056113,台北市信義區松壽路１２號２樓,A-183056113-00003-8,餐飲場所
艾克米企業有限公司,83056633,台北市信義區信義路五段7號35樓,A-183056633-00003-5,餐飲場所
鼎豐富餐飲有限公司,83056985,台北市信義區區莊敬路407號,A-183056985-00001-3,餐飲場所
展克有限公司,83057318,台北市信義區嘉興街12號,A-183057318-00001-4,餐飲場所
台灣咖飛實業有限公司,84435063,台北市信義區松高路19號B2樓,A-184435063-00001-2,餐飲場所
新天地國際實業股份有限公司,84435578,台北市信義區松智路17號5樓,A-184435578-00019-2,餐飲場所
常春藤企業有限公司,84460392,台北市信義區松高路12號B2,A-184460392-00002-6,餐飲場所
怡客咖啡股份有限公司,84501598,台北市信義區逸仙路50巷12號,A-184501598-00206-6,餐飲場所
王品餐飲股份有限公司,84630426,台北市信義區忠孝東路五段789號,A-184630426-00239-5,餐飲場所
王品餐飲股份有限公司,84630426,台北市信義區松山路11號,A-184630426-00487-0,餐飲場所
王品餐飲股份有限公司,84630426,台北市信義區松壽路11號5樓,A-184630426-00613-1,餐飲場所
上城糕餅小舖股份有限公司,84743385,台北市信義區松高路11號B2,A-184743385-00004-4,餐飲場所
八方雲集餐飲股份有限公司,54036645,台北市信義區忠孝東路五段236巷6號,A-154036645-00037-1,餐飲場所
八方雲集餐飲股份有限公司,54036645,台北市信義區忠孝東路五段49號,A-154036645-00044-9,餐飲場所
八方雲集餐飲股份有限公司,54036645,台北市信義區永吉路282號,A-154036645-00079-7,餐飲場所
八方雲集餐飲股份有限公司,54036645,台北市信義區永吉路30巷157弄2號,A-154036645-00100-2,餐飲場所
八方雲集餐飲股份有限公司,54036645,台北市信義區信安街149號,A-154036645-00101-3,餐飲場所
八方雲集餐飲股份有限公司,54036645,台北市信義區信義路六段90號,A-154036645-00104-6,餐飲場所
八方雲集餐飲股份有限公司,54036645,台北市信義區信義路四段375號,A-154036645-00118-1,餐飲場所
玉軒餐飲有限公司,54037503,台北市信義區永吉路30巷158弄7號1樓,A-154037503-00001-6,餐飲場所
萬源整銷股份有限公司,54041773,台北市信義區松仁路58號4樓,A-154041773-00006-5,餐飲場所
萬源整銷股份有限公司,54041773,台北市信義區忠孝東路五段8號B2,A-154041773-00008-7,餐飲場所
荃鴻股份有限公司,54055473,台北市信義區松壽路20號1樓,A-154055473-00002-3,餐飲場所
荃鴻股份有限公司,54055473,台北市信義區松壽路20號1樓,A-154055473-00009-0,餐飲場所
荃鴻股份有限公司,54055473,台北市信義區松高路11號B2,A-154055473-00040-5,餐飲場所
荃鴻股份有限公司,54055473,台北市信義區松高路12號B2,A-154055473-00045-0,餐飲場所
萃茶風國際有限公司,54056661,台北市信義區吳興街63號,A-154056661-00222-7,餐飲場所
木犀齋有限公司,54139092,台北市信義區菸廠路88號3樓,A-154139092-00001-2,餐飲場所
無敵搶鍋麵食堂,72917712,台北市信義區忠孝東路5段177號1樓,A-172917712-00001-5,餐飲場所
胡饕米粉湯,72922519,台北市信義區永吉路30巷158弄3號1樓,A-172922519-00001-6,餐飲場所
滿哥甜品坊,72924410,台北市信義區松高路11號B2,A-172924410-00001-8,餐飲場所
泰樂企業社,72926584,台北市信義區松山路540巷3弄1號,A-172926584-00002-3,餐飲場所
逞味軒企業社,72926986,台北市信義區松山路435號1樓,A-172926986-00001-8,餐飲場所
惠惠小吃店,72928387,台北市信義區317號,A-172928387-00001-5,餐飲場所
信義午餐盒店,72930031,台北市信義區永吉路30巷102弄11號,A-172930031-00001-4,餐飲場所
滿粥穗粥麵館,72930270,台北市信義區市府路45號B1樓26號櫃位,A-172930270-00004-2,餐飲場所
一條河粉店,72932447,台北市信義區基隆路2段81之1號1樓,A-172932447-00001-7,餐飲場所
美之琳早點,72938982,台北市信義區新仁里忠孝東路４段５５９巷１６弄２―１號１樓,A-172938982-00001-7,餐飲場所
丁丁豆花,72960105,台北市信義區嘉興街216-1號1樓,A-172960105-00001-9,餐飲場所
鳳姐商行,72978338,台北市信義區忠孝東路4段559巷22號1樓,A-172978338-00001-6,餐飲場所
凱昀小吃店,72980030,台北市信義區基隆路一段105號,A-172980030-00001-8,餐飲場所
咕咕先生創意雞排店,72980622,台北市信義區吳興街140號1樓,A-172980622-00001-5,餐飲場所
牛首將小吃店,72981903,台北市信義區忠孝東路5段61號,A-172981903-00001-8,餐飲場所
馥朵有限公司,82887097,台北市信義區台北市信義區松高路19號地下一樓,A-182887097-00002-9,餐飲場所
晨翔餐飲有限公司,82899002,台北市信義區菸廠路88號B2,A-182899002-00001-7,餐飲場所
草蔬宴餐飲有限公司,82900346,台北市信義區忠孝東路4段553巷18號,A-182900346-00001-1,餐飲場所
掬樿苑有限公司,82900351,台北市信義區莊敬路391巷10號,A-182900351-00003-9,餐飲場所
億兆國際餐飲有限公司,82907093,台北市信義區市府路45號B1,A-182907093-00004-0,餐飲場所
恆香餐飲有限公司,82908889,台北市信義區菸廠路88號B2,A-182908889-00001-1,餐飲場所
穆記國際有限公司,82910490,台北市信義區吳興街239號,A-182910490-00001-2,餐飲場所
尚飲饗樂有限公司,82912981,台北市信義區嘉興街181巷11號,A-182912981-00001-9,餐飲場所
六星泰國際有限公司,82916115,台北市信義區松仁路58號4樓,A-182916115-00005-6,餐飲場所
雪里夫有限公司,82921068,台北市信義區松壽路9號三樓,A-182921068-00004-8,餐飲場所
歐嬤德式美食有限公司,82949278,台北市信義區忠孝東路五段68號24樓,A-182949278-00004-1,餐飲場所
信遠國際開發股份有限公司,82954573,台北市信義區台北市信義區松仁路58號14樓、遠東百貨櫃號-1402號,A-182954573-00001-2,餐飲場所
聚唱文化有限公司,82960131,台北市信義區松壽路12號9樓,A-182960131-00001-9,餐飲場所
聚唱文化有限公司,82960131,台北市信義區忠孝東路五段297-1號,A-182960131-00002-0,餐飲場所
思倍客壯餐飲服務有限公司,90011886,台北市信義區松仁路58號4樓,A-190011886-00001-2,餐飲場所
誠邦食品股份有限公司永春分公司,90020267,台北市信義區忠孝東路5段538號1樓,A-190020267-00001-5,餐飲場所
漢唐股份有限公司,90039054,台北市信義區莊敬路343號,A-190039054-00008-6,餐飲場所
明煬四方有限公司,90049428,台北市信義區信義路四段393號,A-190049428-00004-8,餐飲場所
璐璐國際有限公司,90056594,台北市信義區松壽路11號B2,A-190056594-00004-0,餐飲場所
香港商呷哺呷哺餐飲管理香港控股有限公司,90060675,台北市信義區松壽路12號1樓,A-190060675-00002-3,餐飲場所
香港商呷哺呷哺餐飲管理香港控股有限公司,90060675,台北市信義區忠孝東路4段515號1樓D-1024,A-190060675-00003-4,餐飲場所
初嶼有限公司,90072052,台北市信義區莊敬路391巷22號,A-190072052-00001-4,餐飲場所
初嶼有限公司,90072052,台北市信義區忠孝東路五段68號4樓,A-190072052-00002-5,餐飲場所
鼎耀餐廳股份有限公司,90073566,台北市信義區逸仙路36號,A-190073566-00001-5,餐飲場所
菜鳥書蒔有限公司,90077140,台北市信義區信義路五段7號35F,A-190077140-00001-7,餐飲場所
小樹苗家庭教育股份有限公司,90083522,台北市信義區信安街47巷37號,A-190083522-00001-8,餐飲場所
拾汣茶屋股份有限公司,90083966,台北市信義區莊敬路264號1樓,A-190083966-00002-1,餐飲場所
肉研所有限公司,90086056,台北市信義區忠孝東路五段153號,A-190086056-00001-3,餐飲場所
麒欣餐飲事業有限公司,90118851,台北市信義區忠孝東路5段71巷20號1樓,A-190118851-00001-2,餐飲場所
朝美料行,00549340,台北市信義區忠孝東路5段71巷28號1樓,A-100549340-00001-4,餐飲場所
月海計劃工作室,00549502,台北市信義區忠孝東路5段790巷70弄12號,A-100549502-00001-4,餐飲場所
菜根香自助坊,00552230,台北市信義區信義路4段405號1樓,A-100552230-00001-6,餐飲場所
你說漢堡,00552323,台北市信義區基隆路1段147巷5弄44號1樓,A-100552323-00001-9,餐飲場所
鉅金冰品,00552885,台北市信義區松山路574號,A-100552885-00001-2,餐飲場所
金多多巨蛋企業社,00554259,台北市信義區忠孝東路4段553巷6弄11號1樓,A-100554259-00001-9,餐飲場所
御寶商行,00554764,台北市信義區永吉路321巷16號,A-100554764-00001-0,餐飲場所
凱琳桑企業社,00556159,台北市信義區信義路6段93號1樓,A-100556159-00001-0,餐飲場所
甲四方水餃專賣店,00558446,台北市信義區吳興街156巷1號1樓,A-100558446-00001-1,餐飲場所
艾爾莫梭工作室,00560442,台北市信義區吳興街345巷10號,A-100560442-00001-0,餐飲場所
播客吧,00561358,台北市信義區松德路153號1樓,A-100561358-00001-7,餐飲場所
元食商行,00564405,台北市信義區忠孝東路5段423巷50號1樓,A-100564405-00001-3,餐飲場所
星羽早午餐,00564910,台北市信義區忠孝東路5段423巷3弄2號1樓,A-100564910-00001-4,餐飲場所
任食鍋物,00565191,台北市信義區忠孝東路五段731號,A-100565191-00001-6,餐飲場所
虎林街早餐店,00578858,台北市信義區虎林街56巷1號1樓,A-100578858-00001-0,餐飲場所
鴨香寶廚坊,00611701,台北市信義區吳興街284巷20弄29號,A-100611701-00001-5,餐飲場所
鎮溢小吃店,00612271,台北市信義區信安街153號1樓,A-100612271-00001-8,餐飲場所
米莎廚房,00614186,台北市信義區吳興街284巷11之5號,A-100614186-00001-5,餐飲場所
茗品茶行,00614236,台北市信義區松德路3號,A-100614236-00001-1,餐飲場所
杰登食堂,00619886,台北市信義區莊敬路325巷52號1樓,A-100619886-00001-7,餐飲場所
奕饗天開甜點烘焙,,台北市信義區基隆路一段350-17號1樓,F-200167107-00001-7,餐飲場所
誼和早餐,,台北市信義區吳興街561號1樓,A-200156492-00001-7,餐飲場所
餐飲業,,台北市信義區忠孝東路5段524巷20號,A-200156679-00001-4,餐飲場所
新東興小吃店,76431155,台北市信義區忠孝東路4段553巷2弄11號1樓,A-200156734-00001-6,餐飲場所
旭日楊有限公司,,台北市信義區信義路四段395巷6弄8號,A-200156862-00001-8,餐飲場所
威爾的健康餐廚,76423248,台北市信義區基隆路一段350-23號1樓,A-200156968-00001-5,餐飲場所
鴻昌滷味店,95469890,台北市信義區永吉路278巷32號,A-200173781-00001-7,餐飲場所
御桓水餃店,82153257,台北市信義區忠孝東路五段8號B2F,A-200173844-00003-9,餐飲場所
漁韻飯館,42438089,台北市信義區吳興街220巷21號,A-200174075-00001-4,餐飲場所
柏客雞肉飯,31867858,台北市信義區吳興街69號,A-200174140-00001-7,餐飲場所
有饌便當,88134378,台北市信義區永吉路30巷112號1樓,A-200218876-00001-2,餐飲場所
肝豐富商行,88221318,台北市信義區基隆路二段131-24號,A-200219106-00001-9,餐飲場所
三月虎有限公司信義分公司,83516812,台北市信義區基隆路二段117號1樓,A-200219182-00001-3,餐飲場所
來順食品行,91403185,台北市信義區市府路1號B2,A-200219425-00001-3,餐飲場所
馬記小吃店,99330221,台北市信義區和平東路3段393號1樓,A-200219650-00001-3,餐飲場所
台灣樂天皇朝有限公司,42653354,台北市信義區忠孝東路五段68號4樓,A-142653354-00001-1,餐飲場所
台灣樂天皇朝有限公司,42653354,台北市信義區忠孝東路四段505號7樓7003櫃位,A-142653354-00010-1,餐飲場所
角窩國際餐飲有限公司,42655769,台北市信義區基隆路2段10號,A-142655769-00001-3,餐飲場所
王莆餐飲股份有限公司,42672887,台北市信義區光復南路165巷8號,A-142672887-00031-6,餐飲場所
胖老爹炸雞有限公司,42675890,台北市信義區松山路501號1樓,A-142675890-00003-2,餐飲場所
胖老爹炸雞有限公司,42675890,台北市信義區吳興街359-1號,A-142675890-00093-1,餐飲場所
新銳國際餐飲股份有限公司,42676413,台北市信義區松高路16號B1.02.03櫃,A-142676413-00005-6,餐飲場所
馡曄國際股份有限公司,42680303,台北市信義區松壽路20號2樓,A-142680303-00009-3,餐飲場所
千綾國際管理顧問有限公司,42726716,台北市信義區菸廠路88號B2,A-142726716-00001-4,餐飲場所
強尼兄弟股份有限公司,42737592,台北市信義區忠孝東路5段448號,A-142737592-00005-2,餐飲場所
享靚餐飲股份有限公司,42738852,台北市信義區松山路540巷22號,A-142738852-00008-5,餐飲場所
王座國際餐飲股份有限公司,42756204,台北市信義區忠孝東路五段68號4樓,A-142756204-00011-0,餐飲場所
王座國際餐飲股份有限公司,42756204,台北市信義區松壽路20號2F 07櫃,A-142756204-00014-3,餐飲場所
王座國際餐飲股份有限公司,42756204,台北市信義區松山路11號,A-142756204-00068-2,餐飲場所
王座國際餐飲股份有限公司,42756204,台北市信義區松壽路11號B2-011,A-142756204-00106-5,餐飲場所
王座國際餐飲股份有限公司,42756204,台北市信義區松高路11號B3,A-142756204-00139-1,餐飲場所
王座國際餐飲股份有限公司,42756204,台北市信義區松壽路20號2樓,A-142756204-00140-3,餐飲場所
王座國際餐飲股份有限公司,42756204,台北市信義區松壽路11號B2-011,A-142756204-00155-9,餐飲場所
王座國際餐飲股份有限公司,42756204,台北市信義區松壽路20號2F,A-142756204-00167-2,餐飲場所
王座國際餐飲股份有限公司,42756204,台北市信義區市府路45號B1,A-142756204-00173-9,餐飲場所
王座國際餐飲股份有限公司,42756204,台北市信義區市府路45號B1F,A-142756204-00175-1,餐飲場所
王座國際餐飲股份有限公司,42756204,台北市信義區松壽路11號B2F,A-142756204-00176-2,餐飲場所
王座國際餐飲股份有限公司,42756204,台北市信義區松高路11號B2,A-142756204-00187-4,餐飲場所
想想國際股份有限公司,42759027,台北市信義區松壽路11號B2,A-142759027-00019-4,餐飲場所
想想國際股份有限公司,42759027,台北市信義區基隆路二段131-24號2樓,A-142759027-00021-7,餐飲場所
想想國際股份有限公司,42759027,台北市信義區基隆路二段131-24號2樓,A-142759027-00022-8,餐飲場所
想想國際股份有限公司,42759027,台北市信義區基隆路二段131-24號2樓,A-142759027-00023-9,餐飲場所
想想國際股份有限公司,42759027,台北市信義區基隆路二段131-24號2樓,A-142759027-00024-0,餐飲場所
想想國際股份有限公司,42759027,台北市信義區基隆路二段131-25號2樓,A-142759027-00029-5,餐飲場所
想想國際股份有限公司,42759027,台北市信義區基隆路二段131-25號2樓,A-142759027-00030-7,餐飲場所
想想國際股份有限公司,42759027,台北市信義區基隆路二段131-25號2樓,A-142759027-00031-8,餐飲場所
想想國際股份有限公司,42759027,台北市信義區基隆路二段131-25號2樓,A-142759027-00032-9,餐飲場所
想想國際股份有限公司,42759027,台北市信義區松高路19號B2,A-142759027-00055-4,餐飲場所
想想國際股份有限公司,42759027,台北市信義區松高路19號B2,A-142759027-00056-5,餐飲場所
泓菖有限公司,42811733,台北市信義區永吉路30巷125號1樓,A-142811733-00002-9,餐飲場所
秋賢有限公司,52942024,台北市信義區忠孝東路5段396號地下,A-152942024-00001-7,餐飲場所
蒸荐康國際餐飲股份有限公司,53044484,台北市信義區莊敬路330號,A-153044484-00002-2,餐飲場所
大品國際聯合餐飲股份有限公司,53082536,台北市信義區松高路11號B2,A-153082536-00019-0,餐飲場所
東區粉圓有限公司,53088139,台北市信義區信義路四段258號,A-153088139-00002-7,餐飲場所
全家國際餐飲股份有限公司,53089762,台北市信義區松山路11號1樓,A-153089762-00013-2,餐飲場所
全家國際餐飲股份有限公司,53089762,台北市信義區忠孝東路五段8號B2,A-153089762-00021-1,餐飲場所
全家國際餐飲股份有限公司,53089762,台北市信義區松智路17號5樓,A-153089762-00046-8,餐飲場所
全家國際餐飲股份有限公司,53089762,台北市信義區松山路435號1樓,A-153089762-00072-7,餐飲場所
全家國際餐飲股份有限公司,53089762,台北市信義區基隆路二段131-24、131-25號二樓,A-153089762-00073-8,餐飲場所
全家國際餐飲股份有限公司,53089762,台北市信義區基隆路二段131-24、131-25號二樓,A-153089762-00074-9,餐飲場所
全家國際餐飲股份有限公司,53089762,台北市信義區松高路12號B1,A-153089762-00097-4,餐飲場所
全家國際餐飲股份有限公司,53089762,台北市信義區台北市信義區松智路17號B2,A-153089762-00102-1,餐飲場所
食趣國際有限公司,53089876,台北市信義區忠孝東路四段553巷28號1樓,A-153089876-00005-9,餐飲場所
食趣國際有限公司,53089876,台北市信義區松高路12號B1,A-153089876-00008-2,餐飲場所
食趣國際有限公司,53089876,台北市信義區忠孝東路四段505號7樓,A-153089876-00042-0,餐飲場所
本格咖啡有限公司,53095075,台北市信義區忠孝東路5段430號,A-153095075-00001-3,餐飲場所
漢記股份有限公司,53095716,台北市信義區松山路11號2樓,A-153095716-00035-2,餐飲場所
漢記股份有限公司,53095716,台北市信義區松仁路58號4樓,A-153095716-00057-6,餐飲場所
富順樓有限公司,53096378,台北市信義區光復南路443巷2號,A-153096378-00001-0,餐飲場所
寒舍國際酒店股份有限公司,53098740,台北市信義區松高路18號,A-153098740-00001-5,餐飲場所
寒舍國際酒店股份有限公司,53098740,台北市信義區松高路18號,A-153098740-00002-6,餐飲場所
寒舍國際酒店股份有限公司,53098740,台北市信義區松高路18號,A-153098740-00003-7,餐飲場所
三統好食品有限公司,53100540,台北市信義區松山路315之5號,A-153100540-00001-7,餐飲場所
大吉股份有限公司,90138147,台北市信義區基隆路2段74號,A-190138147-00001-2,餐飲場所
天空興波有限公司,90143346,台北市信義區信義路五段7號88樓,A-190143346-00001-9,餐飲場所
結茶緣企業股份有限公司,90156340,台北市信義區信義區菸廠路88號 松菸誠品 B1,A-190156340-00003-9,餐飲場所
結茶緣企業股份有限公司,90156340,台北市信義區信義路五段7號(水舞廣場),A-190156340-00007-3,餐飲場所
全伍吉餐飲有限公司,90175888,台北市信義區松高路11號B2 907,A-190175888-00001-5,餐飲場所
雞二哥有限公司,90199988,台北市信義區松仁路58號4樓,A-190199988-00003-4,餐飲場所
瓦器股份有限公司,90209965,台北市信義區基隆路一段206號2樓,A-190209965-00001-9,餐飲場所
瓦器股份有限公司,90209965,台北市信義區基隆路一段206號1樓,A-190209965-00003-1,餐飲場所
瓦器股份有限公司,90209965,台北市信義區臺北市中正區汀州路３段６２號,A-190209965-00004-2,餐飲場所
奧肯股份有限公司,90210323,台北市信義區松仁路100號,A-190210323-00001-9,餐飲場所
府宴有限公司,90212954,台北市信義區市府路1號B1,A-190212954-00001-1,餐飲場所
假裝清醒股份有限公司,90256930,台北市信義區松壽路20號1樓,A-190256930-00001-3,餐飲場所
毛毛月股份有限公司,90266732,台北市信義區仁愛路4段462號,A-190266732-00001-4,餐飲場所
巧軒商事有限公司,90269230,台北市信義區虎林街119-17號1樓,A-190269230-00001-0,餐飲場所
麗游光復股份有限公司,90272050,台北市信義區光復南路423號1樓,A-190272050-00001-4,餐飲場所
瑞客來飲料店,18400302,台北市信義區中坡南路32號,A-200043249-00001-2,餐飲場所
瑞客來飲料店,18400302,台北市信義區福德街270號,A-200043249-00003-4,餐飲場所
二毛餃子館,31858464,台北市信義區虎林街121巷4號,A-200044810-00001-7,餐飲場所
美義麵店,48706913,台北市信義區忠孝東路5段181號1樓,A-200045096-00001-4,餐飲場所
鈺饌小吃店,,台北市信義區忠孝東路五段169.171號1樓,A-200045148-00001-2,餐飲場所
建忠牛肉麵店,31864584,台北市信義區莊敬路423巷8弄2號,A-200045346-00001-2,餐飲場所
柏客雞肉飯,,台北市信義區吳興街69號,A-200045374-00001-3,餐飲場所
拾玖小吃店,38506612,台北市信義區光復南路417號之2,A-200045650-00001-0,餐飲場所
興松便當店,,台北市信義區松仁路176號,A-200046296-00001-7,餐飲場所
興松便當店,,台北市信義區松仁路176號,A-200046296-00002-8,餐飲場所
興一小吃店,,台北市信義區松仁路206號,A-200046648-00001-8,餐飲場所
台灣山崎股份有限公司,22522307,台北市信義區忠孝東路五段8號B2,A-122522307-00005-6,餐飲場所
台灣山崎股份有限公司,22522307,台北市信義區松高路11號B2,A-122522307-00243-0,餐飲場所
台灣山崎股份有限公司,22522307,台北市信義區忠孝東路四段505號B2,A-122522307-00245-2,餐飲場所
兩班家有限公司,27332404,台北市信義區松壽路9號6樓,A-127332404-00001-4,餐飲場所
兩班家有限公司,27332404,台北市信義區松仁路58號4樓,A-127332404-00015-9,餐飲場所
統一多拿滋股份有限公司,27359304,台北市信義區松仁路58號B3,A-127359304-00271-1,餐飲場所
統一多拿滋股份有限公司,27359304,台北市信義區忠孝東路5段8號B2,A-127359304-00321-7,餐飲場所
統一多拿滋股份有限公司,27359304,台北市信義區忠孝東路5段6號,A-127359304-00322-8,餐飲場所
統一多拿滋股份有限公司,27359304,台北市信義區松山路11號1樓,A-127359304-00334-1,餐飲場所
統一多拿滋股份有限公司,27359304,台北市信義區市府路45號B1,A-127359304-00368-8,餐飲場所
統一多拿滋股份有限公司,27359304,台北市信義區信義路5段20號,A-127359304-00461-2,餐飲場所
統一多拿滋股份有限公司,27359304,台北市信義區忠孝東路四段505號B2,A-127359304-00504-0,餐飲場所
金愛有限公司,53748408,台北市信義區信義路4段30巷5號1樓,A-153748408-00001-8,餐飲場所
德朗飲食企業股份有限公司,53751114,台北市信義區信義路五段18-1號,A-153751114-00004-9,餐飲場所
順石餐飲有限公司,,台北市信義區松壽路11號4樓,A-153755863-00001-1,餐飲場所
豪宬企業股份有限公司,53762843,台北市信義區松壽路9號2樓,A-153762843-00014-1,餐飲場所
酒樂有限公司,53767050,台北市信義區松壽路18號,A-153767050-00002-3,餐飲場所
富錦樹文創科技股份有限公司,53769515,台北市信義區松壽路20號2樓,A-153769515-00007-6,餐飲場所
富錦樹文創科技股份有限公司,53769515,台北市信義區市府路45號5樓,A-153769515-00011-1,餐飲場所
富錦樹文創科技股份有限公司,53769515,台北市信義區松壽路30號1樓 Aa109櫃位,A-153769515-00016-6,餐飲場所
富錦樹文創科技股份有限公司,53769515,台北市信義區忠孝東路五段8號  B2  櫃位號312-103,A-153769515-00020-1,餐飲場所
富錦樹文創科技股份有限公司,53769515,台北市信義區忠孝東路四段505號B2樓#櫃號007,A-153769515-00037-9,餐飲場所
義麵坊股份有限公司,53774833,台北市信義區菸廠路88號B2,A-153774833-00001-9,餐飲場所
巧琥股份有限公司,53782051,台北市信義區永吉路30巷118號,A-153782051-00013-3,餐飲場所
巧琥股份有限公司,53782051,台北市信義區東興路45號,A-153782051-00018-8,餐飲場所
巧琥股份有限公司,53782051,台北市信義區菸廠路88號B2 (R009B櫃),A-153782051-00039-1,餐飲場所
巧琥股份有限公司,53782051,台北市信義區松高路11號B2,A-153782051-00044-7,餐飲場所
食逸股份有限公司,53804148,台北市信義區松仁路28號4樓,A-153804148-00001-2,餐飲場所
食逸股份有限公司,53804148,台北市信義區市府路45號4樓,A-153804148-00002-3,餐飲場所
這一鍋餐飲股份有限公司,53830589,台北市信義區光復南路487、489號,A-153830589-00013-3,餐飲場所
凱禾騰國際股份有限公司,53841919,台北市信義區莊敬路357號,A-153841919-00070-5,餐飲場所
台灣大食代餐飲有限公司,53216578,台北市信義區松仁路58號B3,C-153216578-00016-4,餐飲場所
饌前輕食,,台北市信義區嘉興街260號,C-200152395-00001-7,餐飲場所
御茶殿餐飲有限公司,25191603,台北市信義區松隆路70號,D-125191603-00021-1,餐飲場所
福圓號食品有限公司,54355725,台北市信義區信義路四段151號,A-154355725-00003-7,餐飲場所
福圓號食品有限公司,54355725,台北市信義區忠孝東路五段510號1F,A-154355725-00006-0,餐飲場所
福圓號食品有限公司,54355725,台北市信義區莊敬路476號1F,A-154355725-00009-3,餐飲場所
司派客有限公司,54359855,台北市信義區松壽路12號7樓,A-154359855-00001-3,餐飲場所
韓川館有限公司,54363416,台北市信義區忠孝東路4段559巷26號1樓,A-154363416-00001-1,餐飲場所
薩摩亞商味軒股份有限公司,54381408,台北市信義區松壽路18號,A-154381408-00003-4,餐飲場所
薩摩亞商皇盛國際商務有限公司,54384398,台北市信義區基隆路一段163之2號1樓,A-154384398-00010-3,餐飲場所
辣王忠麻辣乾麵店,75940624,台北市信義區吳興街118巷25弄12號,A-175940624-00001-6,餐飲場所
木島屋小吃店,75948837,台北市信義區福德街220號,A-175948837-00001-0,餐飲場所
紛思波可餐館,76359301,台北市信義區莊敬路341巷4弄4號1樓,A-176359301-00001-3,餐飲場所
宜琪霜小吃店,76367739,台北市信義區信安街127號,A-176367739-00001-7,餐飲場所
洁米坊,76382041,台北市信義區松信路126號1樓,A-176382041-00001-0,餐飲場所
旨淬餐飲,76385336,台北市信義區忠孝東路4段553巷16弄9號,A-176385336-00001-0,餐飲場所
食分之一餐館,76391230,台北市信義區仁愛路4段458號,A-176391230-00001-0,餐飲場所
高大上湯舖,76394742,台北市信義區莊敬路325巷15號1樓,A-176394742-00001-1,餐飲場所
樂謙元店,76404256,台北市信義區台北市信義區基隆路二段131之24號,A-176404256-00002-4,餐飲場所
仧泵咖啡工作室,76406450,台北市信義區松德路119號,A-176406450-00001-1,餐飲場所
有意樹桿咖啡坊,76413353,台北市信義區富陽街28號,A-176413353-00001-1,餐飲場所
有意樹桿咖啡坊,76413353,台北市信義區菸廠路88號,A-176413353-00002-2,餐飲場所
陸壹參飲食坊,76415768,台北市信義區虎林街132巷78號1樓,A-176415768-00001-3,餐飲場所
米堤米堤茶飲店,76416513,台北市信義區莊敬路305號1樓,A-176416513-00001-2,餐飲場所
麵江湖餐廳,76425908,台北市信義區基隆路1段147巷21號1樓,A-176425908-00001-0,餐飲場所
鑽馬國際有限公司,42994331,台北市信義區松高路19號B1,A-142994331-00003-6,餐飲場所
祐昇國際股份有限公司,42994965,台北市信義區永吉路263號,A-142994965-00001-7,餐飲場所
皇家巴斯特餐飲有限公司,42995900,台北市信義區基隆路2段12號,A-142995900-00001-7,餐飲場所
繫笑有限公司,42996576,台北市信義區忠孝東路五段8號2樓,A-142996576-00001-7,餐飲場所
圓宇宙披薩專賣有限公司,42996703,台北市信義區松勤街1號1樓,A-142996703-00001-9,餐飲場所
美利安達餐飲有限公司,43439500,台北市信義區菸廠路88號B2F,A-143439500-00002-8,餐飲場所
旺利國際有限公司,43825778,台北市信義區永吉路30巷115號,A-143825778-00001-3,餐飲場所
小紅點飲食有限公司,43843179,台北市信義區松壽路11號,A-143843179-00002-9,餐飲場所
惠惠小吃店,,台北市信義區松山路317號一樓,A-200233502-00001-5,餐飲場所
晨曦美味廚房,,台北市信義區松信路83號,A-200233777-00001-9,餐飲場所
木島屋小吃店,75948837,台北市信義區福德街220號,A-200233794-00001-8,餐飲場所
潭星台南虱目魚店,88211775,台北市信義區松山路466號,A-200233867-00002-0,餐飲場所
涼麵鋪子-信義永春,,台北市信義區忠孝東路5段423巷63號,A-200233907-00001-4,餐飲場所
極之味商行,87470443,台北市信義區松智路17號B2,A-200234216-00001-8,餐飲場所
咖雞窩咖哩專賣店,88137564,台北市信義區松高路12號 新光三越A8美食街,A-200234323-00001-7,餐飲場所
品味刀削麵,88239823,台北市信義區三張里吳興街２８１巷５０號,A-200234557-00001-6,餐飲場所
炒飯炒麵,,台北市信義區永吉路278巷27弄3號1樓,A-200234574-00001-5,餐飲場所
周家麵館,,台北市信義區嘉興街133號,A-200234916-00001-5,餐飲場所
咖啡那斯有限公司,90144923,台北市信義區忠孝東路5段423巷50號1樓,A-200234983-00001-9,餐飲場所
湞味廚房,,台北市信義區虎林街56巷1-3號,A-278965121-00001-9,餐飲場所
琥虎有限公司,90157214,台北市信義區吳興街19號,A-278965174-00001-7,餐飲場所
囍鍋小吃,88286395,台北市信義區基隆路2段39巷16號,A-278965341-00001-3,餐飲場所
信義海鮮粥舖,79845215,台北市信義區信義路6段32號,A-278965395-00001-2,餐飲場所
豆花森豆花店,88357068,台北市信義區吳興街156巷2弄6號1樓,A-278965529-00001-1,餐飲場所
環南市場-蔬菜107號,,台北市信義區松德路255號,A-278966137-00001-7,餐飲場所
玩味食茶慢活坊,88300592,台北市信義區文昌街322號,A-278966372-00001-8,餐飲場所
全家福素食自助餐店,75607704,台北市信義區林口街13號,A-278966573-00001-1,餐飲場所
大甲?雞,,台北市信義區松山路294號(永春市場19號攤),A-278966655-00002-3,餐飲場所
臺北市立聯合醫院,99958172,台北市信義區松德路309號,A-400126705-00003-5,餐飲場所
臺北市立聯合醫院,99958172,台北市信義區松德路309號,A-400126705-00009-1,餐飲場所
台灣中油股份有限公司油品行銷事業部台北營業處,04279821,台北市信義區忠孝東路五段69號,A-400147893-00087-8,餐飲場所
泰富展業有限公司,28030482,台北市信義區吳興街220巷9號,A-128030482-00015-1,餐飲場所
湛盧實業股份有限公司,28187097,台北市信義區忠孝東路4段553巷6弄4號,A-128187097-00015-6,餐飲場所
顓陽實業有限公司,28192021,台北市信義區大道路116號2樓之2,A-128192021-00006-9,餐飲場所
布朗尼咖啡餐飲有限公司,28198117,台北市信義區逸仙路42巷3號,A-128198117-00001-6,餐飲場所
順成食品實業有限公司,28200887,台北市信義區松山路11號B1,A-128200887-00041-8,餐飲場所
順成食品實業有限公司,28200887,台北市信義區松高路11號B2樓,A-128200887-00063-2,餐飲場所
家樂喜有限公司,28201627,台北市信義區松仁路90號1樓,A-128201627-00001-7,餐飲場所
香味股份有限公司,28210689,台北市信義區忠孝東路五段68號四樓,A-128210689-00005-9,餐飲場所
珍茂涮羊肉有限公司,28216136,台北市信義區虎林街132巷21號,A-128216136-00002-9,餐飲場所
迷客夏國際股份有限公司,28949151,台北市信義區松壽路11號2樓,A-128949151-00835-3,餐飲場所
珍鼎記茶飲股份有限公司,28962490,台北市信義區吳興街531號,A-128962490-00295-4,餐飲場所
珍鼎記茶飲股份有限公司,28962490,台北市信義區吳興街21號,A-128962490-00297-6,餐飲場所
寒舍餐旅管理顧問股份有限公司信義分公司,28999882,台北市信義區松仁路38號1F,A-128999882-00001-4,餐飲場所
寒舍餐旅管理顧問股份有限公司信義分公司,28999882,台北市信義區松仁路38號1F,A-128999882-00002-5,餐飲場所
寒舍餐旅管理顧問股份有限公司信義分公司,28999882,台北市信義區松仁路38號2F,A-128999882-00003-6,餐飲場所
寒舍餐旅管理顧問股份有限公司信義分公司,28999882,台北市信義區松仁路38號3F,A-128999882-00005-8,餐飲場所
寒舍餐旅管理顧問股份有限公司信義分公司,28999882,台北市信義區松仁路38號1F,A-128999882-00006-9,餐飲場所
寒舍餐旅管理顧問股份有限公司信義分公司,28999882,台北市信義區松仁路38號1樓,A-128999882-00015-9,餐飲場所
撩雲有限公司,29004032,台北市信義區松仁路58號4樓,A-129004032-00004-2,餐飲場所
哈肯舖股份有限公司,29036421,台北市信義區松山路11號,A-129036421-00006-1,餐飲場所
菊乃屋股份有限公司,29037499,台北市信義區市府路45號B1,A-129037499-00001-2,餐飲場所
菊乃屋股份有限公司,29037499,台北市信義區忠孝東路五段8號(統一時代百貨B2),A-129037499-00003-4,餐飲場所
蘇室設計股份有限公司,29061639,台北市信義區信義路5段16號之2,A-129061639-00001-5,餐飲場所
京盛宇現代食茶股份有限公司,29067606,台北市信義區菸廠路88號3樓,A-129067606-00002-6,餐飲場所
都一處有限公司,29072066,台北市信義區仁愛路4段506號,A-129072066-00001-1,餐飲場所
非凡品樂有限公司,42825498,台北市信義區松仁路28號B1櫃,A-142825498-00004-4,餐飲場所
老爹涼麵,38510411,台北市信義區忠孝東路5段488號,A-200047590-00001-5,餐飲場所
傳鼎小吃店,,台北市信義區莊敬路419號,A-200047768-00001-2,餐飲場所
耀樺早餐店,38557442,台北市信義區松信路152號,A-200047891-00001-9,餐飲場所
環球美食有限公司,,台北市信義區忠孝東路五段422號,A-200048375-00005-1,餐飲場所
清香排骨王快餐店,48944366,台北市信義區光復南路473巷7號1樓,A-200049004-00001-7,餐飲場所
班氏國際有限公司,27739092,台北市信義區忠孝東路5段372巷27弄73-1號1樓,A-200073403-00001-7,餐飲場所
隨意鳥地方股份有限公司,,台北市信義區信義路五段7號85樓,A-200073474-00001-5,餐飲場所
福德早餐店,,台北市信義區福德街268巷2號,A-200073884-00002-1,餐飲場所
東大將有限公司,,台北市信義區光復南路447-24號,A-200120792-00001-1,餐飲場所
掌廚小吃店,26301207,台北市信義區虎林街121巷6號1樓,A-200120845-00001-0,餐飲場所
香廚小吃,21716163,台北市信義區虎林街121巷5號1樓,A-200120847-00001-2,餐飲場所
小溫州大餛飩,,台北市信義區吳興街104號1樓,A-200120984-00001-4,餐飲場所
京華小吃店,26370512,台北市信義區忠孝東路5段43號1樓,A-200120985-00001-5,餐飲場所
立康商行,,台北市信義區中坡南路28號,A-200121133-00001-1,餐飲場所
天天廚房,,台北市信義區中坡南路211號,A-200137876-00001-2,餐飲場所
廣東粥,,台北市信義區吳興街196號,A-200137893-00001-1,餐飲場所
花御亭餐廳,,台北市信義區松隆路76號,A-200137947-00001-1,餐飲場所
市府海鮮麵疙瘩,38593637,台北市信義區國業里松德路55號1樓,A-200137975-00001-2,餐飲場所
餃翻天食品行,72648196,台北市信義區市府路1號B2,A-200138002-00002-5,餐飲場所
金鑽雞排,,台北市信義區永吉路30巷75號,A-200138050-00001-7,餐飲場所
圓宇宙披薩店,38499653,台北市信義區松勤街1號1樓,A-200138079-00001-8,餐飲場所
古著咖啡館,,台北市信義區莊敬路３９１巷１弄２號１樓,A-200138080-00001-0,餐飲場所
政咖啡,72999214,台北市信義區信義路4段450巷5號,A-200138097-00001-8,餐飲場所
桶神滷味,,台北市信義區松山路541巷2號,A-200138130-00001-6,餐飲場所
簡記黃燜雞米飯,,台北市信義區永吉路30巷167弄1號,A-200138188-00001-9,餐飲場所
呂舖手作料理坊,38571275,台北市信義區吳興街281巷41號,A-200138415-00001-2,餐飲場所
金泰商行,17519719,台北市信義區光復南路419巷98號,A-200138419-00001-6,餐飲場所
正老牌焿大王小吃店,26349461,台北市信義區虎林街132巷7號,A-200138475-00001-8,餐飲場所
大吉漢堡食堂,38501258,台北市信義區富陽街44巷23號1樓,A-200138527-00001-6,餐飲場所
王曹商行,,台北市信義區光復南路419巷103號1樓,A-200138530-00001-0,餐飲場所
阿三麵線小吃店,26251564,台北市信義區林口街58號1樓,A-200138548-00001-9,餐飲場所
一個女生鹽水雞,,台北市信義區莊敬路423巷6弄10號1樓,A-200138558-00001-0,餐飲場所
一個女生鹽水雞,,台北市信義區永吉路119號,A-200138558-00002-1,餐飲場所
延吉紅樓小吃店,,台北市信義區忠孝東路五段486號,A-200138598-00001-4,餐飲場所
陳記小吃店,,台北市信義區吳興街150號,A-200138600-00001-8,餐飲場所
倆人初餐工作室,73410608,台北市信義區吳興街62號,A-200138655-00001-8,餐飲場所
水魯饌麻辣滷味,,台北市信義區松隆路66號,A-200138840-00001-4,餐飲場所
C造杯鮮奶果汁,,台北市信義區吳興街195號,A-200138843-00001-7,餐飲場所
荊竹泰式料理,,台北市信義區松山路465巷27弄20號1樓,A-200138881-00001-9,餐飲場所
怪獸炸雞店,,台北市信義區林口街36-1號,A-200138994-00001-4,餐飲場所
查記商行,88354674,台北市信義區吳興街37號,A-200139043-00001-0,餐飲場所
藍寶小吃店,29240084,台北市信義區永吉路30巷167弄1號,A-200139071-00001-1,餐飲場所
光一國際有限公司,24538163,台北市信義區光復南路133號,A-124538163-00004-4,餐飲場所
飯樂股份有限公司,,台北市信義區松壽路20號3樓,A-124553086-00002-3,餐飲場所
達永餐飲事業有限公司,24562698,台北市信義區信義路五段150巷310號,A-124562698-00001-1,餐飲場所
泰精選實業有限公司,24563937,台北市信義區松仁路58號四樓 409櫃,A-124563937-00001-8,餐飲場所
百伯股份有限公司,24567032,台北市信義區嘉興街30、32、34、36號(1樓),A-124567032-00001-8,餐飲場所
台灣金爸爸餐飲股份有限公司,24568356,台北市信義區松壽路9號7樓,A-124568356-00002-9,餐飲場所
凱閎食品有限公司,24574483,台北市信義區松壽路20號2樓,A-124574483-00001-6,餐飲場所
臺虎精釀股份有限公司,24575504,台北市信義區忠孝東路五段68號,A-124575504-00006-6,餐飲場所
齋聖彥有限公司,86307107,台北市信義區基隆路二段131之6號,A-186307107-00007-7,餐飲場所
齋聖彥有限公司,86307107,台北市信義區逸仙路42巷13號1樓,A-186307107-00028-0,餐飲場所
齋聖彥有限公司,86307107,台北市信義區永吉路142號1樓,A-186307107-00148-3,餐飲場所
大市食品股份有限公司,86381062,台北市信義區松高路9號,A-186381062-00002-4,餐飲場所
頂聖企業有限公司,86381210,台北市信義區忠孝東路5段8號B2,A-186381210-00001-8,餐飲場所
台灣通用磨坊股份有限公司,86384960,台北市信義區松高路12號B2【新光三越 A8館】,A-186384960-00085-5,餐飲場所
台灣通用磨坊股份有限公司,86384960,台北市信義區忠孝東路五段8號B2(哈根達斯統一時代店),A-186384960-00155-3,餐飲場所
台灣通用磨坊股份有限公司,86384960,台北市信義區信義區忠孝東路四段505號B2,A-186384960-00158-6,餐飲場所
達美樂披薩股份有限公司,86385187,台北市信義區莊敬路230號,A-186385187-00008-2,餐飲場所
達美樂披薩股份有限公司,86385187,台北市信義區松信路156號,A-186385187-00014-9,餐飲場所
達美樂披薩股份有限公司,86385187,台北市信義區基隆路一段141號,A-186385187-00156-6,餐飲場所
為祥餐廳有限公司,86696577,台北市信義區信義路四段199巷4號,A-186696577-00001-3,餐飲場所
金楹布納有限公司,90829938,台北市信義區信義路四段415號之三,A-190829938-00001-7,餐飲場所
福桂旺餐飲股份有限公司,90837085,台北市信義區忠孝東路五段8號B2,A-190837085-00002-0,餐飲場所
山有春有限公司,90869277,台北市信義區松壽路12號1樓32-1櫃位,A-190869277-00002-8,餐飲場所
碧洋有限公司,90875382,台北市信義區基隆路二段143號1F,A-190875382-00001-1,餐飲場所
我樂餐飲管理顧問有限公司,90884615,台北市信義區松壽路28號,A-190884615-00001-0,餐飲場所
貳玖安和有限公司,90885902,台北市信義區松仁路58號B3,A-190885902-00003-2,餐飲場所
聚泰食品有限公司,90888458,台北市信義區松壽路20號2樓,A-190888458-00001-9,餐飲場所
寶林餐飲事業股份有限公司,91011694,台北市信義區松仁路58號B3,A-191011694-00005-4,餐飲場所
寶林餐飲事業股份有限公司,91011694,台北市信義區松壽路11號B2,A-191011694-00006-5,餐飲場所
聚序餐飲股份有限公司,91015538,台北市信義區忠孝東路5段372巷29弄2號1樓,A-191015538-00001-1,餐飲場所
有飲創意飲品有限公司,91017162,台北市信義區永吉路30巷95號,A-191017162-00005-0,餐飲場所
元饗生活股份有限公司,96780834,台北市信義區莊敬路387號,A-196780834-00009-2,餐飲場所
旭穗股份有限公司,96801958,台北市信義區松隆路327號地下1樓,A-196801958-00001-5,餐飲場所
可樂乃股份有限公司,96808609,台北市信義區基隆路2段131之11號1樓,A-196808609-00001-5,餐飲場所
鳥貴成股份有限公司,96809282,台北市信義區松壽路12號3樓,A-196809282-00003-5,餐飲場所
樂津餐飲有限公司,96811132,台北市信義區信義路5段150巷14弄2之1號1樓,A-196811132-00001-0,餐飲場所
卓越環球控股有限公司,96813390,台北市信義區逸仙路32巷7號1樓,A-196813390-00001-8,餐飲場所
雞優股養生餐飲有限公司,96829098,台北市信義區吳興街269巷1之1號1樓,A-196829098-00001-0,餐飲場所
烏拉拉有限公司,96838414,台北市信義區松壽路28號1樓,A-196838414-00001-2,餐飲場所
太平洋商務中心股份有限公司,96929646,台北市信義區光復南路495號11樓之4,A-196929646-00001-0,餐飲場所
東惠企業有限公司,96949087,台北市信義區松高路12號B2,A-196949087-00003-3,餐飲場所
香港商赫士盟豚王拉麵股份有限公司,53658314,台北市信義區松壽路22號2樓,A-153658314-00007-0,餐飲場所
誠品股份有限公司松菸第一分公司,53674763,台北市信義區菸廠路80號B2樓,A-153674763-00002-1,餐飲場所
英屬維京群島商優意餐飲股份有限公司,53677065,台北市信義區松高路19號新光三越A4館5樓,A-153677065-00001-8,餐飲場所
百毅高股份有限公司,53687676,台北市信義區基隆路1段147巷5弄13號1樓,A-153687676-00001-7,餐飲場所
統鮮美食股份有限公司,53691897,台北市信義區松山路287巷5號,A-153691897-00040-0,餐飲場所
統鮮美食股份有限公司,53691897,台北市信義區基隆路二段99號,A-153691897-00043-3,餐飲場所
台灣一風堂股份有限公司,53697365,台北市信義區市府路45號B1F,A-153697365-00021-5,餐飲場所
台灣一風堂股份有限公司,53697365,台北市信義區忠孝東路四段515號(櫃號D_1033),A-153697365-00028-2,餐飲場所
亞米得實業有限公司,53698575,台北市信義區菸廠路88號2樓,A-153698575-00004-0,餐飲場所
詩偕有限公司,53717587,台北市信義區市府路45號B1,A-153717587-00010-2,餐飲場所
詩學有限公司,53718045,台北市信義區松高路12號B2,A-153718045-00003-4,餐飲場所
小南門餐飲有限公司,53740476,台北市信義區忠孝東路5段8號B2,A-153740476-00007-1,餐飲場所
小南門餐飲有限公司,53740476,台北市信義區松仁路58號b308櫃,A-153740476-00008-2,餐飲場所
黛比澍股份有限公司,53743332,台北市信義區吳興街33號,A-153743332-00004-2,餐飲場所
好膳企業股份有限公司,42826026,台北市信義區松高路12號B2樓(新光三越信義A8),A-142826026-00005-3,餐飲場所
好膳企業股份有限公司,42826026,台北市信義區松壽路11號地下2樓,A-142826026-00006-4,餐飲場所
好膳企業股份有限公司,42826026,台北市信義區市府路45號B1樓(台北101),A-142826026-00011-0,餐飲場所
好膳企業股份有限公司,42826026,台北市信義區松高路12號1樓(新光三越信義A8),A-142826026-00014-3,餐飲場所
好膳企業股份有限公司,42826026,台北市信義區松高路19號B2樓,A-142826026-00047-9,餐飲場所
好膳企業股份有限公司,42826026,台北市信義區松壽路11號2樓,A-142826026-00048-0,餐飲場所
好膳企業股份有限公司,42826026,台北市信義區忠孝東路四段515號Preserve大巨蛋店,A-142826026-00049-1,餐飲場所
好膳企業股份有限公司,42826026,台北市信義區松壽路11號B2樓,A-142826026-00051-4,餐飲場所
好膳企業股份有限公司,42826026,台北市信義區市府路45 號B1樓,A-142826026-00053-6,餐飲場所
好膳企業股份有限公司,42826026,台北市信義區松壽路11號2樓,A-142826026-00061-5,餐飲場所
好膳企業股份有限公司,42826026,台北市信義區松高路19號2樓,A-142826026-00065-9,餐飲場所
好膳企業股份有限公司,42826026,台北市信義區忠孝東路四段505號7樓,A-142826026-00071-6,餐飲場所
好膳企業股份有限公司,42826026,台北市信義區松高路12號B2樓,A-142826026-00072-7,餐飲場所
唯椿企業股份有限公司,42826031,台北市信義區松壽路11號2樓,A-142826031-00001-5,餐飲場所
康饎餐飲有限公司,42834861,台北市信義區虎林街202巷66號1樓,A-142834861-00002-6,餐飲場所
卡通尼文創事業有限公司,42839486,台北市信義區松高路11號b2,A-142839486-00010-3,餐飲場所
健柏有限公司,42850329,台北市信義區忠孝東路4段553巷46弄4號,A-142850329-00001-2,餐飲場所
三統好食品有限公司,53100540,台北市信義區市府路45號B1,A-153100540-00010-7,餐飲場所
台灣福代克思股份有限公司,53116923,台北市信義區松高路12號B2,A-153116923-00002-0,餐飲場所
上品國際流通股份有限公司,53120525,台北市信義區孝東路4段553巷6弄9號1樓,A-153120525-00006-7,餐飲場所
台灣小當家餐飲股份有限公司,53124711,台北市信義區忠孝東路5段396號地下,A-153124711-00004-6,餐飲場所
瓦城泰統股份有限公司台中二分公司,53128575,台北市信義區忠孝東路5段68號B1,A-153128575-00005-9,餐飲場所
聖巴黎食品有限公司,53202568,台北市信義區松山路11號(松山火車站),A-153202568-00023-4,餐飲場所
川理有限公司,,台北市信義區松壽路11號b2,A-153207260-00001-4,餐飲場所
台灣大食代餐飲有限公司,53216578,台北市信義區松仁路58號B3,A-153216578-00012-8,餐飲場所
台灣大食代餐飲有限公司,53216578,台北市信義區松仁路58號B3,A-153216578-00013-9,餐飲場所
台灣大食代餐飲有限公司,53216578,台北市信義區松仁路58號B3,A-153216578-00014-0,餐飲場所
台灣大食代餐飲有限公司,53216578,台北市信義區松仁路58號B3,A-153216578-00015-1,餐飲場所
台灣大食代餐飲有限公司,53216578,台北市信義區松仁路58號B3,A-153216578-00017-3,餐飲場所
台灣大食代餐飲有限公司,53216578,台北市信義區松仁路58號B3,A-153216578-00018-4,餐飲場所
雲理餐飲股份有限公司,56937634,台北市信義區基隆路一段378之2號,O-156937634-00001-6,餐飲場所
橘園小吃店,48684360,台北市信義區虎林街132巷63號,A-200139127-00001-3,餐飲場所
日正商行,72929702,台北市信義區松山路241號1樓,A-200139155-00001-4,餐飲場所
婕瑜商行,,台北市信義區松山路465巷2號,A-200139185-00001-7,餐飲場所
永春臭臭鍋店,42495454,台北市信義區忠孝東路5段729號1樓,A-200139345-00001-5,餐飲場所
信義黃金麵線行,42442534,台北市信義區吳興街40號1樓,A-200139346-00001-6,餐飲場所
榮業餐飲店,48694640,台北市信義區忠孝東路5段508號之7 1樓,A-200139418-00001-6,餐飲場所
福德來早餐店,,台北市信義區福德街270號,A-200139444-00001-5,餐飲場所
永慶堂,42555874,台北市信義區永吉路524號,A-200139550-00001-3,餐飲場所
朝鮮閣韓風小吃店,,台北市信義區吳興街220巷29號,A-200139626-00001-7,餐飲場所
巧悅食坊,,台北市信義區松山路287巷21號1樓,A-200139906-00001-8,餐飲場所
闊葉嶺素食自助餐店,,台北市信義區臺北市信義區松光里林口街１３號,A-200139912-00001-5,餐飲場所
阿三的義大利麵店,99623330,台北市信義區松光里忠孝東路５段５２４巷１0號,A-200140029-00001-6,餐飲場所
威力小火鍋,,台北市信義區松山路164號,A-200140233-00001-3,餐飲場所
武運餐飲店,,台北市信義區松仁路287號1樓,A-200140240-00001-1,餐飲場所
台灣第一棧雞排店,,台北市信義區松山路519號,A-200140566-00001-2,餐飲場所
宇王企業有限公司,,台北市信義區永吉路30巷157弄12號,A-200140583-00001-1,餐飲場所
小食商號,73625426,台北市信義區景聯里基隆路二段３９巷１６號,A-200140651-00002-8,餐飲場所
信義雞排店,,台北市信義區松山路552-1號,A-200153954-00001-7,餐飲場所
宸岑好物商行,75711426,台北市信義區崇德街25號,A-200154024-00001-6,餐飲場所
莎莎堡早餐吧,48864074,台北市信義區永吉路446號1樓,A-200154291-00001-2,餐飲場所
展宏美式炸雞,76866046,台北市信義區吳興街359之1號,A-200154378-00001-8,餐飲場所
御皇商行,73173696,台北市信義區吳興街83號1樓,A-200154432-00001-9,餐飲場所
紛思波可餐館,,台北市信義區莊敬路341巷4弄4號,A-200154457-00001-6,餐飲場所
旭烽茶行,,台北市信義區永吉路195之1號,A-200155016-00001-8,餐飲場所
米粉湯專賣店,,台北市信義區基隆路一段147巷8號旁,A-200190797-00001-3,餐飲場所
旨王開發有限公司,,台北市信義區逸仙路50巷20號1樓,A-200191059-00002-6,餐飲場所
火燄山企業社,38580112,台北市信義區信義路六段73號,A-200191127-00001-1,餐飲場所
毛琪來初工作室,88187634,台北市信義區虎林街60巷2號,A-200191180-00001-0,餐飲場所
泰泰茶水攤,,台北市信義區永吉路443巷20號之1,A-200191316-00001-1,餐飲場所
城翔早午餐,88195867,台北市信義區虎林街132巷51號,A-200191407-00001-2,餐飲場所
友情歲月早餐店,88173293,台北市信義區吳興街284巷5之8號,A-200191485-00001-8,餐飲場所
甜芋堂商行,88151354,台北市信義區永吉路30巷106號1樓,A-200191579-00001-2,餐飲場所
林口街清蒸肉圓,31888930,台北市信義區林口街79號旁,A-200191930-00001-3,餐飲場所
上海市餃子館,25619233,台北市信義區忠孝東路５段７１巷７號１樓,A-200192038-00001-3,餐飲場所
籌學費美食坊,48886078,台北市信義區光復南路417巷37號,A-200192051-00001-8,餐飲場所
厚呷小吃店,42382579,台北市信義區基隆路二段39巷29號1樓,A-200192098-00001-9,餐飲場所
正常鮮肉小湯包,25568071,台北市信義區虎林街53-1號1樓,A-200192141-00001-8,餐飲場所
魚饌日式鮮料理店,48815840,台北市信義區松山路464號,A-200192186-00001-7,餐飲場所
郭家小館,76867018,台北市信義區忠孝東路5段711號,A-200153118-00001-9,餐飲場所
南門口意麵,,台北市信義區吳興街136號,A-200153176-00001-3,餐飲場所
享入啡啡豆行,98894475,台北市信義區基隆路二段19-1號,A-200153283-00001-2,餐飲場所
湘約小吃店,79853170,台北市信義區信安街135號,A-200153305-00001-7,餐飲場所
黑醮小吃店,,台北市信義區基隆路一段378-2號1樓,A-200153444-00001-1,餐飲場所
有香齋食堂,,台北市信義區永吉路200巷81弄15號1樓,A-200153475-00001-5,餐飲場所
饗饌股份有限公司,63732518,台北市信義區松壽路12號4樓,A-200153504-00002-9,餐飲場所
瑪迪有限公司,42657963,台北市信義區松山路562號1樓,A-200153534-00002-2,餐飲場所
高氏食品行,,台北市信義區永吉路120巷86號1樓,A-200153594-00001-7,餐飲場所
沈家涼麵魚丸店,26317377,台北市信義區忠孝東路5段470號之1,A-200153626-00001-3,餐飲場所
良美生活創意有限公司,,台北市信義區忠孝東路5段8號B2,A-200153715-00002-3,餐飲場所
惠惠小吃店,,台北市信義區松山路317號,A-200153907-00001-5,餐飲場所
欣食旅股份有限公司,52543119,台北市信義區光復南路133號,A-152543119-00001-9,餐飲場所
亨利客有限公司,52543928,台北市信義區和平東路3段215號1樓,A-152543928-00001-7,餐飲場所
酷橘子有限公司,52551270,台北市信義區虎林街57號,A-152551270-00001-6,餐飲場所
酷橘子有限公司,52551270,台北市信義區和平東路三段253號,A-152551270-00003-8,餐飲場所
聯陞國際有限公司,52557984,台北市信義區逸仙路32巷7號,A-152557984-00001-4,餐飲場所
囍馥有限公司,52562543,台北市信義區光復南路421巷9號,A-152562543-00001-1,餐飲場所
若然有限公司,52568259,台北市信義區信義路5段150巷14弄16號(1樓),A-152568259-00001-1,餐飲場所
嘉家實業股份有限公司,52575955,台北市信義區松仁路91號B1,A-152575955-00002-3,餐飲場所
二吉軒豆乳飲料有限公司,52600434,台北市信義區忠孝東路五段8號B2,A-152600434-00004-6,餐飲場所
銘坤國際實業有限公司,52601187,台北市信義區松高路11號B2,A-152601187-00005-3,餐飲場所
爵士碼頭有限公司,52609174,台北市信義區基隆路2段115號,A-152609174-00001-3,餐飲場所
穀果國際股份有限公司,52609717,台北市信義區西村里市府路1號B1,A-152609717-00003-8,餐飲場所
捌圓餐飲有限公司,52619790,台北市信義區松壽路12號3樓,A-152619790-00001-8,餐飲場所
周照子國際餐飲股份有限公司,52635145,台北市信義區松壽路11號(新光三越A11館)B2F020櫃位,A-152635145-00007-6,餐飲場所
樂檸鮮事股份有限公司,53301384,台北市信義區松仁路58號B3,A-153301384-00016-2,餐飲場所
風和日麗好生活有限公司,53309718,台北市信義區菸廠路88號B2,A-153309718-00001-5,餐飲場所
風和日麗好生活有限公司,53309718,台北市信義區松壽路11號B2,A-153309718-00003-7,餐飲場所
萬國國際食品有限公司,53331937,台北市信義區忠孝東路四段505號7樓（7011櫃號）,A-153331937-00003-5,餐飲場所
橘焱胡同國際股份有限公司,53352952,台北市信義區松壽路22號2樓-2,A-153352952-00006-8,餐飲場所
橘焱胡同國際股份有限公司,53352952,台北市信義區松壽路26號1樓,A-153352952-00018-1,餐飲場所
橘焱胡同國際股份有限公司,53352952,台北市信義區松壽路30號1樓,A-153352952-00025-9,餐飲場所
橘焱胡同國際股份有限公司,53352952,台北市信義區基隆路二段131-24、25號 3F,A-153352952-00040-6,餐飲場所
橘焱胡同國際股份有限公司,53352952,台北市信義區基隆路二段131之24、25號3F,A-153352952-00041-7,餐飲場所
橘焱胡同國際股份有限公司,53352952,台北市信義區基隆路二段131之24、25號3F,A-153352952-00042-8,餐飲場所
橘焱胡同國際股份有限公司,53352952,台北市信義區忠孝東路五段68號4樓,A-153352952-00052-9,餐飲場所
橘焱胡同國際股份有限公司,53352952,台北市信義區忠孝東路5段515號1樓,A-153352952-00053-0,餐飲場所
頂極餐飲有限公司,54837456,台北市信義區市府路1號 B2,A-154837456-00002-2,餐飲場所
御首國際有限公司,54848828,台北市信義區基隆路一段378之2號1樓,A-154848828-00001-6,餐飲場所
台灣吉豚屋餐飲股份有限公司,54849869,台北市信義區松高路11號B2,A-154849869-00003-4,餐飲場所
宏宇食品國際股份有限公司,54849925,台北市信義區松壽路12號4F,A-154849925-00001-5,餐飲場所
百將合有限公司,54850653,台北市信義區台北市松壽路11號B2,A-154850653-00001-5,餐飲場所
路易莎職人咖啡股份有限公司,54857699,台北市信義區忠孝東路四段515號C區B2F-B2213,A-154857699-00015-7,餐飲場所
路易莎職人咖啡股份有限公司,54857699,台北市信義區基隆路二段7號,A-154857699-00040-5,餐飲場所
羅義生活有限公司,54866825,台北市信義區忠孝東路4段553巷16號,A-154866825-00003-5,餐飲場所
金御賞股份有限公司,54889524,台北市信義區松高路12號B2,A-154889524-00004-7,餐飲場所
金御賞股份有限公司,54889524,台北市信義區忠孝東路四段505號B2,A-154889524-00019-3,餐飲場所
威秀影城股份有限公司松仁分公司,54915305,台北市信義區松仁路58號10、11、12、13樓,A-154915305-00001-1,餐飲場所
威秀影城股份有限公司松仁分公司,54915305,台北市信義區松仁路58號10、11、12、13樓,A-154915305-00003-3,餐飲場所
阿發布雷克股份有限公司吳興分公司,54928723,台北市信義區吳興街8巷2號1樓,A-154928723-00001-9,餐飲場所
屹澧股份有限公司,54938525,台北市信義區虎林街57-2號,A-154938525-00002-1,餐飲場所
新加坡商海底撈國際食品有限公司,54964001,台北市信義區忠孝東路五段43號1樓,A-154964001-00002-9,餐飲場所
新加坡商海底撈國際食品有限公司,54964001,台北市信義區松智路17號B2,A-154964001-00025-4,餐飲場所
日商特麗樹股份有限公司,54964620,台北市信義區松高路19號B2,A-154964620-00016-1,餐飲場所
新津泰實業有限公司,54986687,台北市信義區吳興街18號,A-154986687-00002-3,餐飲場所
樂芽永續股份有限公司,55106891,台北市信義區和平東路三段341巷5號,A-155106891-00001-4,餐飲場所
樂芽永續股份有限公司,55106891,台北市信義區和平東路三段341巷3號,A-155106891-00005-8,餐飲場所
台灣佳勝餐飲管理顧問有限公司,55630122,台北市信義區松智路17號7樓5鋪,A-155630122-00001-3,餐飲場所
台灣成佳餐飲有限公司,55632923,台北市信義區松智路17號五樓11鋪,A-155632923-00001-4,餐飲場所
張本商事有限公司,55665986,台北市信義區基隆路一段428號,A-155665986-00002-0,餐飲場所
土星咖啡事業有限公司,55675598,台北市信義區逸仙路42巷19號1樓,A-155675598-00001-9,餐飲場所
清心福全股份有限公司,80582719,台北市信義區永吉路30巷73-2號,A-180582719-00423-7,餐飲場所
清心福全股份有限公司,80582719,台北市信義區忠孝東路五段743巷5號,A-180582719-00587-8,餐飲場所
清心福全股份有限公司,80582719,台北市信義區莊敬路325巷28號,A-180582719-00610-5,餐飲場所
清心福全股份有限公司,80582719,台北市信義區松山路158-1號,A-180582719-00881-5,餐飲場所
休閒國聯股份有限公司,80617317,台北市信義區忠孝東路四段553巷10號,A-180617317-00040-5,餐飲場所
休閒國聯股份有限公司,80617317,台北市信義區松高路12號,A-180617317-00042-7,餐飲場所
休閒國聯股份有限公司,80617317,台北市信義區松壽路11號B2,A-180617317-00043-8,餐飲場所
休閒國聯股份有限公司,80617317,台北市信義區松智路17號 B2 (櫃號B2-27),A-180617317-00050-6,餐飲場所
六角國際事業股份有限公司,80671769,台北市信義區松壽路20號2F,A-180671769-00024-8,餐飲場所
六角國際事業股份有限公司,80671769,台北市信義區松智路17號,A-180671769-00272-3,餐飲場所
六角國際事業股份有限公司,80671769,台北市信義區市府路45號B1樓,A-180671769-00287-9,餐飲場所
六角國際事業股份有限公司,80671769,台北市信義區忠孝東路五段8號3樓,A-180671769-00321-8,餐飲場所
聯發國際餐飲事業股份有限公司,80676602,台北市信義區虎林街133號,A-180676602-00078-8,餐飲場所
聯發國際餐飲事業股份有限公司,80676602,台北市信義區永吉路30巷114號,A-180676602-00079-9,餐飲場所
聯發國際餐飲事業股份有限公司,80676602,台北市信義區忠孝東路四段515號,A-180676602-00083-4,餐飲場所
興葉企業有限公司,80691126,台北市信義區忠孝東路4段505號B2(遠東Garden City),A-180691126-00005-6,餐飲場所
金點實業股份有限公司,80695761,台北市信義區松菸路88號-B1,A-180695761-00025-7,餐飲場所
日常時光小吃店,88205540,台北市信義區忠孝東路5段177號,A-188205540-00001-1,餐飲場所
辰希商行,88206415,台北市信義區永吉路326巷42號,A-188206415-00001-3,餐飲場所
萬中選一工作室,88206528,台北市信義區永吉路30巷158弄18號1樓,A-188206528-00001-8,餐飲場所
優越商行,88207370,台北市信義區永吉路344號,A-188207370-00001-4,餐飲場所
全家便利商店股份有限公司,23060248,台北市信義區中坡南路３８號１Ｆ,A-123060248-08792-9,餐飲場所
全家便利商店股份有限公司,23060248,台北市信義區光復南路４４７之２號,A-123060248-08994-3,餐飲場所
全家便利商店股份有限公司,23060248,台北市信義區基隆路１段１４７巷７號,A-123060248-09020-4,餐飲場所
全家便利商店股份有限公司,23060248,台北市信義區虎林街８２巷２３號,A-123060248-09051-8,餐飲場所
全家便利商店股份有限公司,23060248,台北市信義區松信路１４５號,A-123060248-09092-3,餐飲場所
全家便利商店股份有限公司,23060248,台北市信義區永吉路２２３號,A-123060248-09095-6,餐飲場所
全家便利商店股份有限公司,23060248,台北市信義區吳興街２６３號,A-123060248-09434-3,餐飲場所
全家便利商店股份有限公司,23060248,台北市信義區和平東路三段３８７號,A-123060248-09536-6,餐飲場所
全家便利商店股份有限公司,23060248,台北市信義區大道路７９號１樓,A-123060248-09776-2,餐飲場所
全家便利商店股份有限公司,23060248,台北市信義區吳興街７號,A-123060248-09932-6,餐飲場所
全家便利商店股份有限公司,23060248,台北市信義區松仁路１００號６樓之１,A-123060248-10397-3,餐飲場所
全家便利商店股份有限公司,23060248,台北市信義區逸仙路４２巷２３號,A-123060248-10583-0,餐飲場所
全家便利商店股份有限公司,23060248,台北市信義區市府路４５號Ｂ１（商場編號５３）,A-123060248-11009-4,餐飲場所
全家便利商店股份有限公司,23060248,台北市信義區忠孝東路五段４９８號１樓及地下１樓,A-123060248-11101-7,餐飲場所
全家便利商店股份有限公司,23060248,台北市信義區光復南路１３３號（一號變電站庫房）,A-123060248-11134-3,餐飲場所
全家便利商店股份有限公司,23060248,台北市信義區吳興街１５６巷１６弄１號１樓,A-123060248-11264-7,餐飲場所
全家便利商店股份有限公司,23060248,台北市信義區松山路１１號,A-123060248-11299-5,餐飲場所
全家便利商店股份有限公司,23060248,台北市信義區莊敬路１９０號１樓及地下室,A-123060248-11549-3,餐飲場所
全家便利商店股份有限公司,23060248,台北市信義區忠孝東路五段４６５號１樓,A-123060248-11660-7,餐飲場所
全家便利商店股份有限公司,23060248,台北市信義區基隆路二段１１３之２號,A-123060248-11842-9,餐飲場所
全家便利商店股份有限公司,23060248,台北市信義區吳興街６００巷５６號,A-123060248-11904-8,餐飲場所
愛倫戴爾食業有限公司,24781568,台北市信義區永吉路30巷101弄10號1樓,A-124781568-00001-0,餐飲場所
香港商莫爾頓有限公司,24794780,台北市信義區忠孝東路五段68號微風信義45樓,A-124794780-00001-0,餐飲場所
薩摩亞商秘密甜點有限公司,24797941,台北市信義區忠孝東路五段8號B2,A-124797941-00005-6,餐飲場所
香港商一幻亞洲股份有限公司,24802640,台北市信義區松壽路30號,A-124802640-00001-5,餐飲場所
香港商巨獅企業有限公司,24812008,台北市信義區中壽路11號A11  3樓,A-124812008-00001-4,餐飲場所
樂尼尼國際股份有限公司,24868065,台北市信義區松壽路12號4樓,A-124868065-00018-6,餐飲場所
樂尼尼國際股份有限公司,24868065,台北市信義區松壽路12號4樓,A-124868065-00020-9,餐飲場所
松園茶飲有限公司,24873721,台北市信義區松壽路11號,A-124873721-00002-4,餐飲場所
彩月有限公司,24929154,台北市信義區松高路11號B2,A-124929154-00006-0,餐飲場所
葫蘆花工作坊,88212303,台北市信義區菸廠路88號B1,A-200159067-00001-8,餐飲場所
侯姐早起鳥食坊,26247788,台北市信義區忠孝東路5段1之8號1樓,A-200159280-00001-5,餐飲場所
三月虎有限公司信義分公司,,台北市信義區基隆路二段117號,A-200159307-00001-5,餐飲場所
牛山麵店,,台北市信義區吳興街345巷9號,A-200159466-00001-1,餐飲場所
野食工作坊,72925190,台北市信義區嘉興街179之24號左側,A-200159605-00001-6,餐飲場所
癮食潮流企業社,,台北市信義區基隆路一段147巷5弄46號,A-200159619-00001-1,餐飲場所
信昌肉品商行,,台北市信義區松山路294號(永春市場4號攤),A-200159859-00002-8,餐飲場所
拾貨,,台北市信義區松隆里福德路79號,F-200212373-00001-3,餐飲場所
ＭＡ　ＨＯＭＥ,88176313,台北市信義區松信路64號1樓,A-200225963-00001-7,餐飲場所
Black & Gold bakery,,台北市信義區基隆路2段151之7號11樓之1,A-200226162-00001-9,餐飲場所
瀟湘緣私家小館,42515780,台北市信義區忠孝東路5段524巷5弄1號,A-200226249-00001-5,餐飲場所
金鳳手工麵疙瘩店,42506207,台北市信義區基隆路1段350之47號,A-200226291-00001-2,餐飲場所
沅鄉台南虱目魚店,88210522,台北市信義區永吉路30巷84號1樓,A-200226406-00001-0,餐飲場所
百家班餐飲管理顧問有限公司基隆路分店,88175686,台北市信義區新仁里基隆路１段１２６號,A-200226469-00001-9,餐飲場所
滿馨樓有限公司,16284947,台北市信義區松仁路186號1樓,A-200226597-00001-1,餐飲場所
韓飯小吃店,76358443,台北市信義區松山路449號1樓,A-200226654-00001-5,餐飲場所
若水金禾餐飲股份有限公司南港營業所,88280717,台北市信義區忠孝東路四段553巷22弄4-1號,A-200226936-00002-9,餐飲場所
小騎士牛排,88165408,台北市信義區松山路538號,A-200227025-00001-8,餐飲場所
隨意食堂,,台北市信義區永吉路278巷25-2號,A-200227200-00001-3,餐飲場所
蔬香素食,76397403,台北市信義區和平東路三段531巷5弄3號3樓,A-200227286-00001-7,餐飲場所
大江戶小吃店,25592662,台北市信義區永吉路30巷77號,A-200227296-00001-8,餐飲場所
真饌商行,31844461,台北市信義區松隆路115號,A-200227346-00001-4,餐飲場所
采睿有限公司,83289339,台北市信義區松仁路58號B3,A-200227378-00003-1,餐飲場所
全家商行,88210733,台北市信義區松山路560號,A-200227461-00001-2,餐飲場所
玉瑄屋,26316834,台北市信義區大道里中坡南路３０號１樓,A-200227547-00001-7,餐飲場所
華統自助餐,,台北市信義區逸仙路50巷26號,A-200187167-00001-0,餐飲場所
林蜀塾川味麵堂,88181370,台北市信義區永吉路257號,A-200187512-00001-4,餐飲場所
信福德義美食坊,42349811,台北市信義區福德街246號1樓,A-200187970-00001-2,餐飲場所
正明小吃店,72932501,台北市信義區菸廠路88號B1,A-200188215-00001-5,餐飲場所
正明小吃店,72932501,台北市信義區松壽路20號2樓,A-200188215-00003-7,餐飲場所
啟佳小坊,88137255,台北市信義區大道路107號1樓,A-200188223-00002-5,餐飲場所
鈺膳園傳統養生美食館,25665321,台北市信義區忠孝東路5段15巷9號,A-200188533-00001-8,餐飲場所
家香豆漿店,,台北市信義區景新里吳興街129號,A-200188983-00001-7,餐飲場所
哈哈羅泰式船麵,,台北市信義區基隆路一段149號後門,A-200189019-00001-8,餐飲場所
芮氏食務行,38559309,台北市信義區光復南路417之3號,A-200189320-00001-3,餐飲場所
亞米小廚,42438200,台北市信義區永吉路30巷101弄16號1樓,A-200189449-00001-5,餐飲場所
明倫十七號咖啡廳,72926233,台北市信義區大道路37號1樓,A-200189591-00001-3,餐飲場所
UnclePaul,,台北市信義區基隆路二段75號,A-200189957-00001-9,餐飲場所
多饌小吃店,79832350,台北市信義區福德街187號,A-200190047-00001-1,餐飲場所
三福素食,,台北市信義區中坡南路166號,A-200216425-00001-0,餐飲場所
姊妹小吃坊,76478762,台北市信義區大道路86號,A-200216449-00001-6,餐飲場所
珍慧茶飲有限公司,90897793,台北市信義區莊敬路369號,A-200216822-00001-1,餐飲場所
巷口麵店,,台北市信義區中坡南路166號部分2,A-200216859-00001-1,餐飲場所
映絨越南小吃店,75936749,台北市信義區松隆路320號1樓,A-200216977-00001-2,餐飲場所
阿牛早餐店,48885850,台北市信義區松山路615巷1號1樓、3號1樓,A-200217102-00001-3,餐飲場所
兆長晴商號,88259860,台北市信義區吳興街269巷13號,A-200217221-00001-5,餐飲場所
蕎捌涼麵坊,,台北市信義區永吉路419號,A-200217429-00001-5,餐飲場所
滿億牛肉麵,93179022,台北市信義區虎林街121巷4號,A-200217668-00001-0,餐飲場所
珍の饌養生膳食,,台北市信義區吳興街58號,A-200217770-00001-4,餐飲場所
年輕有為餐飲商行,91408442,台北市信義區基隆路二段131-24號,A-200218076-00001-4,餐飲場所
京旺麵館,88220423,台北市信義區莊敬路325巷8號1樓,A-200218450-00001-0,餐飲場所
高占食府,88218411,台北市信義區信義路4段413號5樓之1,A-200224409-00002-2,餐飲場所
沅沅魚日商行,88208321,台北市信義區莊敬路305號,A-200224490-00001-1,餐飲場所
昕可堂,79806395,台北市信義區光復南路453之3號,A-200224518-00001-2,餐飲場所
鴻城食堂,88149153,台北市信義區莊敬路423巷2弄1號,A-200224668-00001-8,餐飲場所
御豐國際股份有限公司,90655681,台北市信義區忠孝東路4段553巷46弄14號1樓,A-200224762-00001-3,餐飲場所
品添胡有限公司,90450245,台北市信義區光復南路429號1樓,A-200224770-00001-2,餐飲場所
香德小吃店,88219137,台北市信義區松德路26號1樓,A-200224786-00001-9,餐飲場所
聯合料理工作室,88218947,台北市信義區文昌街316號,A-200224792-00001-6,餐飲場所
興泰麵店,00556019,台北市信義區永吉路30巷158弄4號1樓,A-200224934-00001-4,餐飲場所
呷尚寶,,台北市信義區信義路6段17號1樓,A-200224938-00001-8,餐飲場所
將進酒餐飲店,88202488,台北市信義區信義路6段82之1號1樓,A-200224948-00001-9,餐飲場所
吉滿屋食坊,48583497,台北市信義區忠孝東路4段559巷16弄8號,A-200224980-00001-5,餐飲場所
老兵牛肉麵,,台北市信義區松山路515巷11號,A-200224990-00001-6,餐飲場所
南方漁場小吃店,72988687,台北市信義區松信路208號1樓,A-200225177-00001-4,餐飲場所
帆美火鍋店,88213653,台北市信義區松德路56號1樓,A-200225317-00001-0,餐飲場所
合作小農股份有限公司,,台北市信義區逸仙路50巷18號1樓,A-200225400-00001-3,餐飲場所
新越食堂,38508344,台北市信義區莊敬路190之3號,A-200225430-00001-6,餐飲場所
波丼小吃店,88225784,台北市信義區光復南路473巷29號,A-200225507-00001-1,餐飲場所
飛兆小吃店,38469813,台北市信義區松德路48號1樓,A-200225707-00001-3,餐飲場所
泰煌福泰式料理小吃店,88200524,台北市信義區松勤街2號1樓,A-200225764-00001-6,餐飲場所
寰全有限公司,94013773,台北市信義區松智路17號B2 櫃位17&18 Paneum麵包咖啡,F-194013773-00002-9,餐飲場所
喜諾亞商業開發有限公司,50920713,台北市信義區菸廠路88號B1,A-150920713-00004-9,餐飲場所
御盟建設股份有限公司台北分公司,50928399,台北市信義區松智路17號46樓,A-150928399-00001-4,餐飲場所
麻古有限公司,50951102,台北市信義區忠孝東路五段23號1樓,A-150951102-00002-3,餐飲場所
芭絲特股份有限公司,50985996,台北市信義區忠孝東路五段8號,A-150985996-00001-0,餐飲場所
嶺吉股份有限公司,50996678,台北市信義區忠孝東路5段363號,A-150996678-00001-9,餐飲場所
嶺吉股份有限公司,50996678,台北市信義區台北市信義區忠孝東路五段363號,A-150996678-00002-0,餐飲場所
英屬開曼群島商撈王控股股份有限公司,51199200,台北市信義區松壽路12號九樓,A-151199200-00001-6,餐飲場所
閎麥股份有限公司,52312692,台北市信義區松高路16號4樓,A-152312692-00001-9,餐飲場所
閎麥股份有限公司,52312692,台北市信義區忠孝東路四段515號 D-1035,A-152312692-00006-4,餐飲場所
勝山物產股份有限公司,52332347,台北市信義區基隆路二段131之24號,A-152332347-00003-0,餐飲場所
鰻鄉餐飲股份有限公司,52364369,台北市信義區松山路11號1樓,A-152364369-00004-0,餐飲場所
鰻鄉餐飲股份有限公司,52364369,台北市信義區台北市信義區松壽路13號B2,A-152364369-00007-3,餐飲場所
摩炘餐飲股份有限公司,52366021,台北市信義區光復南路447之48號,A-152366021-00001-4,餐飲場所
欣恬商行,88210234,台北市信義區莊敬路415號1樓,A-188210234-00001-7,餐飲場所
晨挺商行,88210327,台北市信義區虎林街57-2號,A-188210327-00001-0,餐飲場所
沅鄉台南虱目魚店,88210522,台北市信義區永吉路30巷84號1樓,A-188210522-00001-7,餐飲場所
秋生萬企業社,88212079,台北市信義區莊敬路311號1樓,A-188212079-00001-6,餐飲場所
永潤小吃店,88214386,台北市信義區莊敬路319號,A-188214386-00001-9,餐飲場所
一娘子小吃店,88214750,台北市信義區忠孝東路5段41號1樓,A-188214750-00001-4,餐飲場所
不要小黃瓜早餐店,88218475,台北市信義區忠孝東路4段553巷6弄9號,A-188218475-00001-2,餐飲場所
滋誠商行,88218741,台北市信義區基隆路2段39巷4號1樓,A-188218741-00001-8,餐飲場所
純發魯肉飯店,88221366,台北市信義區松山路497號,A-188221366-00001-5,餐飲場所
立志壽司,88222273,台北市信義區永吉路120巷82號,A-188222273-00001-3,餐飲場所
阿波羅早午餐,88223370,台北市信義區景勤里吳興街156巷2弄12號,A-188223370-00001-2,餐飲場所
希克爾工作室,88228895,台北市信義區松山路541巷14弄1號,A-188228895-00001-9,餐飲場所
壯妹子柳州螺螄粉鋪,88229043,台北市信義區基隆路二段131-24、131-25號,A-188229043-00001-5,餐飲場所
永和樓中華料理店,88229894,台北市信義區莊敬路292號,A-188229894-00002-0,餐飲場所
鼎正國際資產管理股份有限公司,93622046,台北市信義區忠孝東路五段297號地下一樓,A-193622046-00001-1,餐飲場所
威盛餐飲股份有限公司,93640516,台北市信義區松壽路11號B2,A-193640516-00001-3,餐飲場所
遊盪人股份有限公司,93648117,台北市信義區基隆路2段71號,A-193648117-00001-8,餐飲場所
柏睿餐飲股份有限公司,93654222,台北市信義區松高路12號B1,A-193654222-00001-2,餐飲場所
老井信義餐飲股份有限公司,93679624,台北市信義區松仁路101號地下一樓,A-193679624-00001-5,餐飲場所
可品餐飲有限公司,93716120,台北市信義區市府路45號B1,A-193716120-00001-8,餐飲場所
宇豐餐飲有限公司,93716439,台北市信義區松壽路12號5樓,A-193716439-00001-1,餐飲場所
鼎盛食客股份有限公司,93740450,台北市信義區莊敬路325巷15號1樓,A-193740450-00001-1,餐飲場所
喜繁喜股份有限公司金山分公司,93741009,台北市信義區忠孝東路5段503號1樓,A-193741009-00001-2,餐飲場所
凱師兄投資股份有限公司,93742871,台北市信義區忠孝東路五段68號4F,A-193742871-00001-0,餐飲場所
凱師兄投資股份有限公司,93742871,台北市信義區松智路17號B2,A-193742871-00002-1,餐飲場所
樂米國際餐飲股份有限公司,93775794,台北市信義區市府路45號B1,A-193775794-00002-1,餐飲場所
辛喬餐飲有限公司,93777239,台北市信義區松仁路182號,A-193777239-00001-6,餐飲場所
打雜搵食有限公司,93788952,台北市信義區基隆路1段182號1樓,A-193788952-00001-0,餐飲場所
小馬辣國際股份有限公司,93789880,台北市信義區松高路11號4F-103-1櫃位(Dream Plaza),A-193789880-00001-1,餐飲場所
睿洋餐飲有限公司,93790583,台北市信義區忠孝東路5段783號,A-193790583-00001-3,餐飲場所
樂三實業股份有限公司,93791210,台北市信義區松壽路22號地下1層,A-193791210-00001-1,餐飲場所
能量永續健康餐飲有限公司,93791719,台北市信義區莊敬路268號1樓,A-193791719-00003-7,餐飲場所
民展國際餐飲股份有限公司,93799894,台北市信義區松高路19號6樓,A-193799894-00002-8,餐飲場所
殷商食品有限公司,93840606,台北市信義區忠孝東路四段553巷5號地下1樓,A-193840606-00001-5,餐飲場所
凱味國際有限公司,70480559,台北市信義區松德路28號,A-200006732-00001-8,餐飲場所
揚昇國際食品股份有限公司,,台北市信義區松高路11號4樓,A-200013784-00001-3,餐飲場所
安立小吃店,26255386,台北市信義區信義路六段104號,A-200067450-00001-2,餐飲場所
安凱企業社,,台北市信義區忠孝東路5段524巷3弄2號,A-200067453-00001-5,餐飲場所
營養多美美早餐店,38635355,台北市信義區吳興街284巷11之4號,A-200104749-00001-5,餐飲場所
快樂早餐店,,台北市信義區吳興街281巷22號,A-200104781-00001-1,餐飲場所
雙和早餐店,,台北市信義區吳興街284巷11-5號,A-200104792-00001-3,餐飲場所
濃泉漢堡,,台北市信義區吳興街284巷17之9號,A-200104945-00001-3,餐飲場所
莊敬早餐店,48952203,台北市信義區莊敬路325巷6號1樓,A-200104964-00001-4,餐飲場所
多加精緻食坊,25659712,台北市信義區莊敬路325巷26號,A-200104985-00001-7,餐飲場所
永吉美早餐店,21756988,台北市信義區永吉路278巷57弄2號1樓,A-200105145-00001-6,餐飲場所
雙林麥香早餐店,26204275,台北市信義區永吉路180巷64號1樓,A-200105341-00001-4,餐飲場所
圓圓屋早餐店,38554992,台北市信義區吳興街284巷18弄5號1樓,A-200105358-00001-2,餐飲場所
靜妤早餐店,42297320,台北市信義區吳興街284巷7之5號,A-200105457-00001-2,餐飲場所
周家豆腐捲,26386633,台北市信義區光復南路419巷106號,A-200105466-00002-3,餐飲場所
阿姨家小吃店,38573317,台北市信義區吳興街284巷5之9號,A-200105491-00002-1,餐飲場所
福堂永和豆漿,,台北市信義區莊敬路317號1樓,A-200105584-00001-3,餐飲場所
三口品股份有限公司,,台北市信義區忠孝東路四段553巷26號,A-200107450-00002-8,餐飲場所
香大王食舖,31997661,台北市信義區新仁里忠孝東路四段５５９巷１６弄２２號,A-200107711-00004-0,餐飲場所
三水江烤肉店,,台北市信義區虎林街82巷29號,A-200107958-00001-0,餐飲場所
北方麵館,,台北市信義區虎林街82巷27號之1,A-200107960-00001-3,餐飲場所
大鮮小吃店,81779850,台北市信義區林口街88號,A-200129277-00001-8,餐飲場所
亞卡默可可松菸有限公司,,台北市信義區菸廠路88號,A-200129289-00001-1,餐飲場所
興城小吃店,31972922,台北市信義區三張里吳興街２６１號１樓,A-200129740-00001-3,餐飲場所
鑫義豆漿店,42509632,台北市信義區信義路6段74號1樓,A-200130076-00001-7,餐飲場所
松德恩早餐店,26223081,台北市信義區松德路223號1樓,A-200130097-00001-0,餐飲場所
周記北平饀餅粥店,14718546,台北市信義區信義路6段82號1樓,A-200130633-00001-6,餐飲場所
韓將國際有限公司,43905239,台北市信義區基隆路1段127號1樓,A-200130803-00001-5,餐飲場所
康園企業社,14721795,台北市信義區虎林街132巷2號,A-200130866-00001-4,餐飲場所
艺禾有限公司,50802011,台北市信義區菸廠路88號B1,A-200130986-00003-9,餐飲場所
瑋哥雞肉館,88352900,台北市信義區吳興街156巷25弄1号1樓,A-200248431-00001-2,餐飲場所
秋記熗鍋麵,,台北市信義區松山路615巷3號,A-200249212-00001-0,餐飲場所
朝日食光食堂,88312605,台北市信義區信安街135號1樓,A-200249332-00001-3,餐飲場所
東之香商行,88310493,台北市信義區松山路315-1號,A-200249510-00001-1,餐飲場所
莊敬飲食小舖,88088521,台北市信義區莊敬路381號1樓,A-200249798-00001-9,餐飲場所
雲山水莊園咖啡民宿,02914184,台北市信義區市府路1號B1,A-200250391-00001-0,餐飲場所
小凱悅南村麵館,25680449,台北市信義區景新里莊敬路１７８巷１４號１樓,A-200250472-00001-0,餐飲場所
老墨廚房（信義店）,,台北市信義區虎林街132巷51號1樓,A-200250741-00001-9,餐飲場所
貝蒂碧瓷演藝經紀有限公司,83225645,台北市信義區松壽路12號7樓、8樓,A-200250845-00001-4,餐飲場所
三山小吃店,88311991,台北市信義區松仁路217號,A-202259379-00001-7,餐飲場所
海肯商行,88376488,台北市信義區和平東路3段291號1樓,A-202259516-00001-0,餐飲場所
元鍋有限公司,27355551,台北市信義區莊敬路178巷12號,A-202259526-00001-1,餐飲場所
昇刻雞肉餐坊,88230029,台北市信義區永吉路326巷17號1樓,A-202259544-00001-1,餐飲場所
延輝有限公司,94130499,台北市信義區基隆路2段131之5號,A-202260020-00001-2,餐飲場所
安童小吃店,25583018,台北市信義區嘉興街216巷3、5號,A-202260138-00001-2,餐飲場所
捌陸玖商號,42277318,台北市信義區松隆路64號,A-202260267-00001-5,餐飲場所
另一邊餐酒館,88289007,台北市信義區松德路12之1號及12之1號2樓,A-202260448-00001-6,餐飲場所
越越南料理,,台北市信義區忠孝東路五段790巷67號,A-202260749-00001-0,餐飲場所
愛魅客股份有限公司,24705176,台北市信義區信義路6段82之1號,A-202260977-00001-3,餐飲場所
魚清小火鍋,76360567,台北市信義區永吉路345號1樓,A-202260980-00001-7,餐飲場所
松隆資訊館,26348483,台北市信義區松隆路90號,A-202261006-00001-7,餐飲場所
綻花暖日商行,88200926,台北市信義區基隆路1段37巷18號,A-202261012-00001-4,餐飲場所
市政府炒飯專賣,,台北市信義區忠孝東路5段15巷155號,A-202261402-00001-7,餐飲場所
頂紅風味小火鍋,76358767,台北市信義區松山路556號,A-202261495-00001-9,餐飲場所
越泰軒,26373264,台北市信義區吳興街269巷24號1樓,A-202261873-00001-9,餐飲場所
阿克米餐飲有限公司,,台北市信義區信義路五段16號-1,A-202280199-00001-1,餐飲場所
花寓設計工作室,42421480,台北市信義區吳興街284巷24弄61號,A-202280378-00001-0,餐飲場所
柏克福股份有限公司信義分店,88397842,台北市信義區信義路６段８９號１樓,A-202280488-00001-2,餐飲場所
羚北國際有限公司,93925479,台北市信義區松山路531號,A-202280528-00001-7,餐飲場所
包美有限公司,54645555,台北市信義區逸仙路32巷9號,A-202280821-00001-3,餐飲場所
醬波滷味,93190286,台北市信義區莊敬路417號,A-202281008-00001-1,餐飲場所
珍珍牛肉麵,42296379,台北市信義區忠孝東路5段743巷11號,A-202281208-00001-3,餐飲場所
湖南麻辣香滷,,台北市信義區莊敬路288號,A-202281696-00001-4,餐飲場所
硯軒咖啡,42351597,台北市信義區松德路51號,A-202281753-00001-8,餐飲場所
蘭丸美食館信義店,93160298,台北市信義區興雅里忠孝東路５段１８３號１樓,A-202281782-00001-0,餐飲場所
府城小食,00509635,台北市信義區松山路541巷24號,A-202281891-00001-1,餐飲場所
伯斯悟有限公司,95487158,台北市信義區市民大道6段108號1樓,A-202281947-00001-3,餐飲場所
藝禪有限公司,96840684,台北市信義區松山路287巷52號,A-202282216-00001-3,餐飲場所
吉米飯有限公司,00104894,台北市信義區吳興街152號1樓,A-202293668-00001-6,餐飲場所
慶林鐵板燒,31895405,台北市信義區大仁里林口街４０號,A-202293782-00001-3,餐飲場所
夏樂食豐鐵板燒,88368760,台北市信義區信義路6段119號,A-202293968-00001-9,餐飲場所
韓吃風味餐館,95133445,台北市信義區忠孝東路5段68號4樓,A-202294160-00001-4,餐飲場所
倆碼子雞湯粥,,台北市信義區吳興街227之3號1樓前面,A-202294996-00001-1,餐飲場所
原食味國際餐飲有限公司,00010876,台北市信義區松壽路11號B2F,A-202295350-00001-6,餐飲場所
聯亭餐飲有限公司台北信義店,95373710,台北市信義區松壽路11號B2F,A-202295482-00001-2,餐飲場所
邱記涼麵,25624600,台北市信義區三張里吳興街２８１巷１號１樓,A-202325715-00001-5,餐飲場所
佳宏韓食有限公司,89186654,台北市信義區和平東路3段367號1樓,A-202325812-00001-3,餐飲場所
旬成食所,00561771,台北市信義區信義路四段450巷3號1樓,A-202325941-00001-6,餐飲場所
極度餐飲國際股份有限公司,60464859,台北市信義區基隆路2段14號1樓,A-202326035-00001-1,餐飲場所
極度餐飲國際股份有限公司,60464859,台北市信義區基隆路2段14號2樓,A-202326035-00002-2,餐飲場所
只要有心食品工作室,00624500,台北市信義區基隆路二段131-24號,A-202326136-00001-3,餐飲場所
丁媽無刺虱目魚店,10319700,台北市信義區三張里莊敬路４２３巷７弄１７號,A-202326207-00001-2,餐飲場所
築田便當,88205773,台北市信義區興雅里忠孝東路5段191號,A-202326303-00001-9,餐飲場所
鵝肉龍小吃店,31887051,台北市信義區大仁里林口街４４號１樓,A-202326714-00001-5,餐飲場所
嘉義傳統豆花店,48826065,台北市信義區永吉路30巷158弄2號,A-202326865-00001-2,餐飲場所
早安大飯糰,,台北市信義區永吉路30巷167弄1號,A-202327159-00001-9,餐飲場所
辰玟貿易有限公司,60351623,台北市信義區松智路17號B2-27櫃,A-202327160-00001-1,餐飲場所
匠人食堂,93200756,台北市信義區莊敬路373號1樓,A-202327161-00001-2,餐飲場所
花路捲捲商行,88221979,台北市信義區忠孝東路4段553巷6弄12號,A-202327402-00001-0,餐飲場所
森豚商行,,台北市信義區莊敬路373號,A-202335849-00001-4,餐飲場所
苑裡榕樹下肉羹小吃部,00651702,台北市信義區吳興街217號1樓,A-202336340-00001-1,餐飲場所
早饗,,台北市信義區忠孝東路5段492巷18號,A-202336931-00001-7,餐飲場所
泰和商行,26338197,台北市信義區莊敬路206號1樓,A-202336995-00001-7,餐飲場所
宜佳意麵店,88206442,台北市信義區永吉路278巷10號1樓,A-202337107-00001-3,餐飲場所
好好吃脆皮燒肉越式法國麵包,,台北市信義區永吉路30巷111號,A-202337289-00001-4,餐飲場所
食轉國際有限公司,60351877,台北市信義區基隆路一段147巷5弄5號1樓,A-202337352-00001-5,餐飲場所
功夫涼麵,,台北市信義區福德街101號,A-202337527-00001-9,餐飲場所
美漾福德商行,00632754,台北市信義區永吉路30巷79號,A-202337894-00001-6,餐飲場所
出外人小吃店,25563152,台北市信義區吳興街100號,A-278963387-00001-1,餐飲場所
玉里傳統小吃店,,台北市信義區廣居里虎林街１２１號,A-278963418-00001-6,餐飲場所
盒你胃手作餐盒,88163181,台北市信義區嘉興街10號,A-278964220-00001-8,餐飲場所
小川珈琲所,93147182,台北市信義區吳興街39號,A-278964986-00001-7,餐飲場所
樂晴咖哩店,88223934,台北市信義區忠孝東路4段559巷16弄19號,A-202278095-00001-3,餐飲場所
泰霖青草茶酸梅湯專賣,,台北市信義區林口街3號,A-202278765-00001-7,餐飲場所
那對夫妻胡椒餅 信義店,,台北市信義區松山路512號,A-202278797-00001-2,餐飲場所
尚甫小舖,38504425,台北市信義區國業里信義路6段121號,A-202278841-00001-2,餐飲場所
金華雞蛋糕,,台北市信義區永吉路134號,A-202279069-00009-3,餐飲場所
金華雞蛋糕,,台北市信義區松信路64號,A-202279069-00010-5,餐飲場所
合食餐飲顧問股份有限公司,55679567,台北市信義區新竹縣竹北市福興東路一段261號1樓,A-155679567-00038-9,餐飲場所
握握餐飲股份有限公司,55680728,台北市信義區吳興街55號1樓,A-155680728-00001-0,餐飲場所
共樂遊有限公司,55734837,台北市信義區基隆路二段133號,A-155734837-00006-6,餐飲場所
共樂遊有限公司,55734837,台北市信義區松高路11號B2(櫃位102-1),A-155734837-00009-9,餐飲場所
大師兄餐飲國際有限公司,55742288,台北市信義區松壽路11號B2,A-155742288-00001-0,餐飲場所
艾爾蘭有限公司,55742610,台北市信義區松壽路18號1樓,A-155742610-00015-4,餐飲場所
岸可管理顧問有限公司,55760665,台北市信義區信義路5段16號之1,A-155760665-00001-9,餐飲場所
滿鑫閣餐飲有限公司,55787236,台北市信義區莊敬路401號1樓,A-155787236-00001-2,餐飲場所
翔嘉有限公司,55798037,台北市信義區莊敬路409號1樓,A-155798037-00001-3,餐飲場所
台北世界貿易中心國際貿易大樓股份有限公司台北分公司,70762683,台北市信義區基隆路一段333號,A-170762683-00001-8,餐飲場所
香港商赫士盟食品企業有限公司台北分公司,70817462,台北市信義區松壽路22號2樓,A-170817462-00001-4,餐飲場所
炭修商行,72912771,台北市信義區基隆路1段188號,A-172912771-00001-5,餐飲場所
珍秀食品行,72912940,台北市信義區松壽路20號2樓,A-172912940-00002-4,餐飲場所
花意空間花苑,81734432,台北市信義區松高路12號,A-181734432-00001-1,餐飲場所
大笠飲食商行,82142983,台北市信義區松仁路253巷1弄2號,A-182142983-00002-7,餐飲場所
樂兔洋食行,82232204,台北市信義區松壽路11號B2,A-182232204-00001-2,餐飲場所
頑味國際餐飲股份有限公司,82773117,台北市信義區忠孝東路4段505號7樓,A-182773117-00008-2,餐飲場所
沐京有限公司,82786648,台北市信義區吳興街235號一樓,A-182786648-00113-2,餐飲場所
一品青有限公司,82787169,台北市信義區永吉路30巷157弄2號,A-182787169-00010-7,餐飲場所
宏庭幸福股份有限公司,82798335,台北市信義區信義路五段7號35樓,A-182798335-00007-0,餐飲場所
宏庭幸福股份有限公司,82798335,台北市信義區松仁路100號2樓,A-182798335-00012-6,餐飲場所
宏庭幸福股份有限公司,82798335,台北市信義區基隆路一段200號B1,A-182798335-00028-3,餐飲場所
台北標誌性地點股份有限公司,82798594,台北市信義區松智路17號48樓,A-182798594-00001-1,餐飲場所
圻陽餐飲股份有限公司,82798877,台北市信義區忠孝東路四段505號B2/B-035,A-182798877-00005-9,餐飲場所
品匯餐飲股份有限公司,82799073,台北市信義區市府路45號4樓,A-182799073-00001-4,餐飲場所
品匯餐飲股份有限公司,82799073,台北市信義區市府路45號B1樓,A-182799073-00002-5,餐飲場所
瑋恩國際餐飲有限公司,82801205,台北市信義區基隆路2段81號1樓，81之1號1樓,A-182801205-00001-5,餐飲場所
申子辰有限公司,82801330,台北市信義區松山路11號B1,A-182801330-00001-4,餐飲場所
鼎霖全球商貿有限公司,82802181,台北市信義區松仁路28號B2樓,A-182802181-00004-2,餐飲場所
象山日光珈琲有限公司,82809001,台北市信義區信義路5段150巷22弄55號1樓,A-182809001-00003-9,餐飲場所
博匠國際餐飲股份有限公司,82809591,台北市信義區松智路17號47樓,A-182809591-00001-1,餐飲場所
極品國際餐飲股份有限公司,82813103,台北市信義區松仁路58號10F,A-182813103-00002-6,餐飲場所
懿咖啡有限公司,82813390,台北市信義區永吉路17-19號2樓,A-182813390-00009-1,餐飲場所
一六國際股份有限公司,82815897,台北市信義區忠孝東路五段68號B1,A-182815897-00001-7,餐飲場所
儂舍有限公司,83603885,台北市信義區光復南路587號,A-183603885-00001-0,餐飲場所
五告喝拎有限公司,83623989,台北市信義區虎林街133號1樓,A-183623989-00001-7,餐飲場所
饗樂餐飲實業股份有限公司信義虎林分公司,83630975,台北市信義區信義路6段106號,A-183630975-00001-0,餐飲場所
純萃優鮮有限公司,83653511,台北市信義區松高路12號B1F,A-183653511-00008-8,餐飲場所
意寬股份有限公司,83684556,台北市信義區松仁路90號3樓,A-183684556-00001-4,餐飲場所
怡康國際有限公司,83688321,台北市信義區松壽路 12號 5樓,A-183688321-00001-8,餐飲場所
品銘有限公司,83704976,台北市信義區松壽路12號4樓,A-183704976-00001-3,餐飲場所
好兆頭有限公司,83715024,台北市信義區福德街153號1樓,A-183715024-00001-9,餐飲場所
漢超杰有限公司,83726660,台北市信義區光復南路553號1樓,A-183726660-00001-7,餐飲場所
漢來美食股份有限公司台北信義分公司,83758748,台北市信義區基隆路一段333號34樓,A-183758748-00001-9,餐飲場所
漢來美食股份有限公司台北信義分公司,83758748,台北市信義區松高路11號B2,A-183758748-00002-0,餐飲場所
靝菜餐飲有限公司,83769077,台北市信義區忠孝東路4段559巷12號,A-183769077-00001-6,餐飲場所
堡時商行,88311198,台北市信義區忠孝東路5段422號,A-188311198-00001-8,餐飲場所
喆喆生活商行,88354843,台北市信義區和平東路三段331號,A-188354843-00002-3,餐飲場所
良良海南雞飯店,88356069,台北市信義區虎林街132巷44號1樓,A-188356069-00001-4,餐飲場所
漂釀餐飲商行,88357953,台北市信義區松隆路68號,A-188357953-00001-7,餐飲場所
威盛環球廚坊,88360155,台北市信義區松壽路11號B2,A-188360155-00001-5,餐飲場所
西木子食品行,88362533,台北市信義區福德街302號,A-188362533-00001-7,餐飲場所
富勝珊工作室,88365291,台北市信義區松山路541巷14弄1號1樓,A-188365291-00001-1,餐飲場所
崙河企業社,88367973,台北市信義區松山路551號,A-188367973-00001-0,餐飲場所
冰河世紀店舖,88368109,台北市信義區莊敬路346號1樓,A-188368109-00001-2,餐飲場所
豐聿小吃店,88368776,台北市信義區莊敬路381號1樓,A-188368776-00001-2,餐飲場所
萬鼎食堂,88368972,台北市信義區松隆路213號,A-188368972-00001-0,餐飲場所
巨蛋安好食店,88369521,台北市信義區忠孝東路4段553巷16弄4號,A-188369521-00001-1,餐飲場所
宏霖企業社,88369705,台北市信義區莊敬路277號1樓,A-188369705-00001-5,餐飲場所
杰樂商行,88372194,台北市信義區永吉路30巷7號1樓,A-188372194-00001-1,餐飲場所
品順小吃店,88374257,台北市信義區莊敬路359號1樓,A-188374257-00001-3,餐飲場所
海肯商行,88376488,台北市信義區和平東路3段291號1樓,A-188376488-00001-1,餐飲場所
克芮工作室,88376733,台北市信義區忠孝東路4段553巷22弄2之1號,A-188376733-00001-4,餐飲場所
統一超商股份有限公司,22555003,台北市信義區松高路11號B2樓,T-122555003-29888-4,餐飲場所
拾壹餐飲店,31850364,台北市信義區忠孝東路4段553巷12號,A-200147086-00001-6,餐飲場所
愛麗絲世界有限公司,,台北市信義區信義路六段9號1樓,A-200147116-00001-0,餐飲場所
阿珠小吃店,48683616,台北市信義區忠孝東路5段236巷26號,A-200147175-00001-5,餐飲場所
和平海王子海鮮粥,,台北市信義區和平東路3段369號1樓,A-200147319-00001-5,餐飲場所
王昱翔,,台北市信義區松山路415號1樓,A-200147345-00001-4,餐飲場所
梁記涼麵,81694282,台北市信義區永吉路30巷158弄1號1樓,A-200147373-00001-5,餐飲場所
布朗客企業社,42288384,台北市信義區忠孝東路四段553巷6弄14-1號,A-200147421-00001-9,餐飲場所
春發小吃店,42503460,台北市信義區逸仙路42巷11號,A-200147423-00001-1,餐飲場所
乾脆點餐飲店,,台北市信義區松隆路343號,A-200147438-00001-7,餐飲場所
好饗義商行,75247770,台北市信義區基隆路一段190巷9號,A-200147528-00001-7,餐飲場所
九樂食堂,72965734,台北市信義區虎林街132巷5-2號,A-200147799-00002-8,餐飲場所
里拉六街歐陸廚房,82308365,台北市信義區基隆路二段131之24號,A-200147936-00002-1,餐飲場所
神樂坂日式料理店,42492111,台北市信義區和平東路3段177號1樓,A-200147947-00001-2,餐飲場所
順口蚵仔麵線,38492321,台北市信義區吳興街156巷3號1樓,A-200148338-00001-7,餐飲場所
昱醇食堂,,台北市信義區福德街268巷30弄18號1樓,A-200148499-00001-5,餐飲場所
馬丁鐵板沙威瑪,,台北市信義區吳興街168號,A-200148625-00001-6,餐飲場所
辣極小吃店,26357124,台北市信義區松山路515巷2弄19號,A-200148639-00001-1,餐飲場所
十二籃火鍋小吃店,38505732,台北市信義區逸仙路50巷28號,A-200163995-00001-3,餐飲場所
東鄉牛肉麵,,台北市信義區嘉興街179之16,A-200164072-00001-0,餐飲場所
松田股份有限公司,83513977,台北市信義區松隆路73巷2號1樓,A-200164138-00001-3,餐飲場所
立良商號,38473372,台北市信義區永吉路61號,A-200164193-00001-4,餐飲場所
紳士商號,,台北市信義區福德街302號,A-200164229-00001-4,餐飲場所
紳士商號,,台北市信義區福德街302號,A-200164230-00001-6,餐飲場所
快樂飲小吃坊,,台北市信義區大道路86號,A-200164295-00001-7,餐飲場所
半島牛肉麵店,42433710,台北市信義區忠孝東路5段215巷23號1樓,A-200164431-00001-9,餐飲場所
台蔬蔬果牛肉,,台北市信義區虎林街103號之1,A-200164477-00001-9,餐飲場所
茶壺蝦餐坊,38471326,台北市信義區松隆路335號1樓,A-200164608-00001-5,餐飲場所
臺北市王記四神湯,,台北市信義區永吉路30巷177弄1號,A-200164619-00001-7,餐飲場所
焗的飽平價義式焗烤,,台北市信義區永吉路443巷48號,A-200164744-00001-6,餐飲場所
創馨食藝事業股份有限公司,,台北市信義區基隆路1段430號,A-200164762-00001-6,餐飲場所
王鍋屋餐飲國際有限公司,,台北市信義區逸仙路50巷20號1樓,A-200164812-00001-2,餐飲場所
思犇小吃部,79378099,台北市信義區吳興街38號,A-200164827-00001-8,餐飲場所
老幸福,,台北市信義區永吉路30巷102弄4號,A-200165180-00001-1,餐飲場所
夏蓮居自助餐,81688991,台北市信義區松山路282號,A-200165187-00001-8,餐飲場所
兩隻小魚企業社,38530768,台北市信義區忠孝東路4段553巷2弄11號,A-200165637-00001-8,餐飲場所
星島餐飲有限公司松山店,00581919,台北市信義區松山路154號1樓,A-200165673-00001-8,餐飲場所
志華燒腊店,,台北市信義區嘉興街131號1樓,A-200165741-00001-4,餐飲場所
快餐車小吃店,48583861,台北市信義區大道里忠孝東路５段７９０巷２５弄１１號,A-200165750-00001-4,餐飲場所
燒肉龍小吃店,42502835,台北市信義區福德街5號1樓,A-200165824-00001-6,餐飲場所
響宴美食館,26225124,台北市信義區松德路64號,A-200200625-00001-5,餐飲場所
提妲拉Original Thai Kitchen,,台北市信義區基隆路1段37巷1之27號4樓之1,A-200200699-00001-6,餐飲場所
泰鴻食品股份有限公司,,台北市信義區忠孝東路四段553巷22弄13號,A-200200759-00002-4,餐飲場所
福德餡餅店,48910112,台北市信義區福德街268巷45號1樓,A-200201705-00001-5,餐飲場所
澳滋有限公司,50775181,台北市信義區吳興街345號,A-200201813-00001-5,餐飲場所
巨林美而美早餐店,93163008,台北市信義區吳興街156巷35號1樓,A-200201819-00001-1,餐飲場所
正好有人有限公司,83726459,台北市信義區莊敬路314號1樓,A-200201842-00001-7,餐飲場所
永吉水餃店,48750895,台北市信義區永吉路278巷21號1樓,A-200202165-00001-6,餐飲場所
豆膳美味食堂,88160234,台北市信義區莊敬路391巷1號1樓,A-200202176-00001-8,餐飲場所
溫州鮮餛飩,26260521,台北市信義區中興里信義路４段３９５巷６弄１３號,A-200227642-00001-3,餐飲場所
麵鄉小吃店,38472036,台北市信義區虎林街132巷88號1樓,A-200227730-00001-1,餐飲場所
蒸籠坊,14345716,台北市信義區基隆路1段350號1樓之51,A-200227739-00001-0,餐飲場所
本丸串烤,,台北市信義區台北市信義區中坡南路142號,A-200227798-00001-5,餐飲場所
李夢學鍋燒麵,42529291,台北市信義區西村里信義路五段１５號地下一樓,A-200227885-00001-2,餐飲場所
黃月紅,38525890,台北市信義區西村里信義路５段１５號地下１樓,A-200227887-00001-4,餐飲場所
考非の店,42529285,台北市信義區西村里信義路五段１５號地下一樓,A-200227889-00001-6,餐飲場所
阿朱媽食堂,75951614,台北市信義區莊敬路368號1樓,A-200228062-00001-0,餐飲場所
采芝樓餐廳,04681008,台北市信義區永吉路274號及274號2樓及276號2樓,A-200228130-00001-6,餐飲場所
雞湯殿料理所,76319239,台北市信義區三犁里松仁路２１５巷２號１樓,A-200228389-00001-2,餐飲場所
康那芝國際有限公司,90755730,台北市信義區松高路12號B2,A-200228629-00001-9,餐飲場所
永井料理店,42423327,台北市信義區吳興街81號,A-200228799-00001-7,餐飲場所
永井料理店,42423327,台北市信義區吳興街156巷7弄2號一樓,A-200228799-00002-8,餐飲場所
玖肆伍商行,88210728,台北市信義區和平東路3段269號,A-200229043-00001-0,餐飲場所
The Hippo Coffee Bar,,台北市信義區虎林街164巷60弄27號,A-200245918-00001-9,餐飲場所
日安精緻早點,48706505,台北市信義區安康里松德路１６９巷５號１樓,A-200246023-00001-7,餐飲場所
找餐二店輕食工坊,38560447,台北市信義區吳興街284巷20弄27號1樓,A-200246116-00001-0,餐飲場所
品烘焙烘焙坊,88304160,台北市信義區福德街222號,A-200246316-00001-2,餐飲場所
燕子早午餐,88251369,台北市信義區中興里信義路四段３９５巷６弄１５號,A-200246522-00001-1,餐飲場所
萬發萬萬食品行,81710712,台北市信義區松山路157號1樓,A-200246660-00001-4,餐飲場所
潮品美食股份有限公司,90016067,台北市信義區松高路19號6F,A-200246756-00001-0,餐飲場所
Jane味碳烤三明治,,台北市信義區莊敬路423巷2弄2號,A-200246926-00001-9,餐飲場所
小太陽美食企業社,88302819,台北市信義區松智路17號B2,A-200247422-00002-2,餐飲場所
小樂天餃子館,01626973,台北市信義區忠孝東路５段１５１號１樓,A-200247480-00001-5,餐飲場所
奇謀小館,25550570,台北市信義區松隆路8號1樓,A-200247596-00001-3,餐飲場所
麻尚豪,,台北市信義區松隆路366-1號,A-200247792-00001-1,餐飲場所
品鮮食坊,42429032,台北市信義區松山路473號,A-200248115-00001-1,餐飲場所
莫兒國際有限公司,91046814,台北市信義區逸仙路42巷19號1樓,A-191046814-00001-2,餐飲場所
小食后股份有限公司,91054412,台北市信義區松仁路36號,A-191054412-00001-5,餐飲場所
閃電咖啡股份有限公司,91054433,台北市信義區永吉路30巷178弄1號,A-191054433-00002-9,餐飲場所
賦両餐飲有限公司,91054460,台北市信義區松壽路11號,A-191054460-00003-0,餐飲場所
毆買尬小吃有限公司,91061286,台北市信義區松山路477號1樓,A-191061286-00001-2,餐飲場所
杏品欣興業股份有限公司,91068942,台北市信義區忠孝東路4段559巷16弄18號1樓,A-191068942-00001-8,餐飲場所
恆凱有限公司,91070449,台北市信義區松高路12號B2,A-191070449-00003-5,餐飲場所
山知間股份有限公司,91077560,台北市信義區基隆路一段163之2號1樓,A-191077560-00001-4,餐飲場所
泰風股份有限公司,91084915,台北市信義區信義路五段122號,A-191084915-00001-6,餐飲場所
自煮生活文化創意有限公司,91109795,台北市信義區松山路11號3樓,A-191109795-00001-0,餐飲場所
放餐飲國際股份有限公司,91114235,台北市信義區嘉興街70之3號1樓,A-191114235-00001-5,餐飲場所
饗樂餐飲實業股份有限公司信義吳興分公司,91120573,台北市信義區吳興街281巷59號,A-191120573-00001-7,餐飲場所
嘉揚國際餐飲有限公司,91120686,台北市信義區吳興街61號,A-191120686-00003-4,餐飲場所
年輕有為餐飲商行,91408442,台北市信義區基隆路二段131-24號,A-191408442-00001-1,餐飲場所
年輕有為餐飲商行,91408442,台北市信義區基隆路二段131-24號、131-25號2樓,A-191408442-00002-2,餐飲場所
年輕有為餐飲商行,91408442,台北市信義區基隆路二段131-24號、131-25號2樓,A-191408442-00003-3,餐飲場所
年輕有為餐飲商行,91408442,台北市信義區基隆路二段131-24號、131-25號2樓,A-191408442-00004-4,餐飲場所
鍋日子鍋物,91426764,台北市信義區基隆路二段131號之24 c23,A-191426764-00001-8,餐飲場所
艾舫企業社,91781948,台北市信義區基隆路一段89號,A-191781948-00001-6,餐飲場所
財團法人喜憨兒社會福利基金會,92070381,台北市信義區和平東路三段341巷7號1樓,A-192070381-00037-8,餐飲場所
財團法人喜憨兒社會福利基金會,92070381,台北市信義區光復南路461號,A-192070381-00052-5,餐飲場所
四事安企業社,93036192,台北市信義區忠孝東路五段8號B2,A-193036192-00002-3,餐飲場所
鋭洋企業社,93082890,台北市信義區松山路11號B1 G2-3號,A-193082890-00001-8,餐飲場所
九禹股份有限公司永春分公司,93112629,台北市信義區忠孝東路5段297號地下一層,A-193112629-00001-2,餐飲場所
富利餐飲股份有限公司,97161500,台北市信義區忠孝東路五段297號B1(永春捷運站),A-197161500-00006-3,餐飲場所
富利餐飲股份有限公司,97161500,台北市信義區莊敬路336號,A-197161500-00007-4,餐飲場所
富利餐飲股份有限公司,97161500,台北市信義區基隆路一段422號,A-197161500-00251-5,餐飲場所
富利餐飲股份有限公司,97161500,台北市信義區松仁路204號,A-197161500-00262-7,餐飲場所
富利餐飲股份有限公司,97161500,台北市信義區信義路六段88號,A-197161500-00304-4,餐飲場所
富利餐飲股份有限公司,97161500,台北市信義區光復南路465號,A-197161500-00690-2,餐飲場所
富利餐飲股份有限公司,97161500,台北市信義區松仁路100號二樓,A-197161500-00716-1,餐飲場所
富利餐飲股份有限公司,97161500,台北市信義區永吉路229號,A-197161500-01018-7,餐飲場所
藝昇鐵板燒,72987580,台北市信義區和平東路3段327號,A-200159943-00001-1,餐飲場所
活醉蝦小吃店,15658931,台北市信義區松山路515巷2弄19號,A-200160024-00001-3,餐飲場所
勁威茶飲行,25556075,台北市信義區莊敬路198號,A-200160216-00001-6,餐飲場所
三匠國際企業社,76436588,台北市信義區吳興街284巷17之3號1樓,A-200160541-00001-7,餐飲場所
美香閒酥鷄店,79868342,台北市信義區吳興街156巷25弄2號,A-200160598-00001-9,餐飲場所
叢檸冰房,,台北市信義區虎林街88巷3號,A-200160628-00001-3,餐飲場所
眷村涼麵,42546030,台北市信義區松隆路68號1f,A-200160766-00001-6,餐飲場所
錦達事業有限公司,,台北市信義區松仁路58號B3 (遠百A13),A-200160896-00002-1,餐飲場所
錦達事業有限公司,,台北市信義區菸廠路88號B1 (八王子),A-200160896-00003-2,餐飲場所
東芳餐飲,,台北市信義區林口街6號1樓,A-200160927-00001-5,餐飲場所
馥鼎小吃館,75211132,台北市信義區吳興街63號1樓,A-200160930-00001-9,餐飲場所
饌宥實麵包館,,台北市信義區莊敬路391巷5號,A-200160951-00001-2,餐飲場所
升騰食堂,76437361,台北市信義區吳興街156巷83號,A-200161006-00001-4,餐飲場所
來裡麵,42540042,台北市信義區信安街153號1樓,A-200161010-00001-9,餐飲場所
少點鹽企業社,,台北市信義區永吉路278巷30號,A-200161114-00001-4,餐飲場所
鼎越豐越式麵食館,48923947,台北市信義區永吉路30巷167弄2號,A-200161216-00001-7,餐飲場所
榖稻熱腸,,台北市信義區吳興街169號,A-200161331-00001-5,餐飲場所
饗食商行,72996764,台北市信義區忠孝東路5段524巷8號,A-200161353-00001-9,餐飲場所
初伴工作室,,台北市信義區松山路541巷14弄1號,A-200161371-00001-9,餐飲場所
瓏香麵食館越南美食,,台北市信義區吳興街203號,A-200161516-00001-0,餐飲場所
啾愛雞蛋糕,,台北市信義區林口街3之1號,A-200161645-00001-3,餐飲場所
擇膳顧食有限公司,43906363,台北市信義區信義路五段7號5樓,A-143906363-00006-8,餐飲場所
壹舍國際股份有限公司,43941191,台北市信義區松高路19號6樓,A-143941191-00002-2,餐飲場所
壹舍國際股份有限公司,43941191,台北市信義區松智路17號4樓,A-143941191-00005-5,餐飲場所
壹舍國際股份有限公司,43941191,台北市信義區松智路17號4樓,A-143941191-00006-6,餐飲場所
啡卡咖啡股份有限公司,43941565,台北市信義區松仁路58號B3,A-143941565-00009-4,餐飲場所
集鷹國際股份有限公司,45002849,台北市信義區松壽路12號4樓,A-145002849-00008-8,餐飲場所
集鷹國際股份有限公司,45002849,台北市信義區信義路6段103號1樓,A-145002849-00009-9,餐飲場所
凱森食品有限公司,45107668,台北市信義區忠孝東路四段505號B2,A-145107668-00001-6,餐飲場所
吉米達人國際餐飲有限公司,45128707,台北市信義區信義區忠孝東路五段8號B2,A-145128707-00005-7,餐飲場所
吉米達人國際餐飲有限公司,45128707,台北市信義區松高路12號 B2,A-145128707-00015-8,餐飲場所
吉米達人國際餐飲有限公司,45128707,台北市信義區忠孝東路四段505號B區B2商場,A-145128707-00022-6,餐飲場所
星恩國際股份有限公司,45899471,台北市信義區台北市松壽路12號4樓,A-145899471-00017-3,餐飲場所
湯城餐飲有限公司,47106010,台北市信義區松仁路58號14樓,A-147106010-00007-4,餐飲場所
御藏商行,47957834,台北市信義區忠孝東路四段515號B2,A-147957834-00002-7,餐飲場所
傑克漢堡行,48501215,台北市信義區大道路42巷21號1樓,A-148501215-00001-5,餐飲場所
品妍餐廳,48673602,台北市信義區永吉路195號地下1樓,A-148673602-00001-5,餐飲場所
配個國際有限公司,28843571,台北市信義區嘉興街309號一樓,A-200194308-00001-5,餐飲場所
易家涼麵,20973240,台北市信義區林口街1號,A-200194470-00001-5,餐飲場所
聚序小吃店,,台北市信義區忠孝東路5段372巷29弄2號1樓,A-200194500-00001-9,餐飲場所
菜鳥串場小吃店,75928706,台北市信義區信義區松山路541巷14弄2號,A-200194598-00001-6,餐飲場所
今町日料供應所 Y629,,台北市信義區松山路541巷14弄2號,A-200194599-00001-7,餐飲場所
日滿堂小炒店 Y630,,台北市信義區信義區松山路541巷14弄2號,A-200194603-00001-3,餐飲場所
夜半食堂 Y631,,台北市信義區信義區松山路541巷14弄2號,A-200194611-00001-2,餐飲場所
Hearty Market C831,,台北市信義區永吉路278巷30號,A-200194638-00001-1,餐飲場所
阿芬食品行,,台北市信義區光復南路417巷219號,A-200194780-00001-9,餐飲場所
鄭姑媽小吃店,48857593,台北市信義區忠孝東路5段790巷25弄13號1樓,A-200195259-00001-1,餐飲場所
停看廳TKT LightMeals,,台北市信義區松德路22號,A-202264403-00001-1,餐飲場所
停看廳TKT Pasta義大利麵,,台北市信義區松,A-202264431-00001-2,餐飲場所
畊上實業有限公司,94096106,台北市信義區市府路45號B1,A-202264497-00001-4,餐飲場所
熊香手作專賣店,,台北市信義區台北市信義區松仁路289號,A-202264517-00112-0,餐飲場所
熊香手作專賣店,,台北市信義區台北市信義區忠孝東路四段559巷16弄15號,A-202264517-00148-9,餐飲場所
隱寓餐飲有限公司,93639047,台北市信義區信義路6段34號,A-202265108-00001-4,餐飲場所
照生私廚,,台北市信義區松德路25巷58號4樓,A-202265221-00001-0,餐飲場所
盧庫瑪斯國際有限公司,83041415,台北市信義區忠孝東路4段553巷20號1樓,A-202265233-00001-3,餐飲場所
永春小榷幸早午餐,,台北市信義區虎林街82巷29之1號,A-202265371-00001-6,餐飲場所
無二工作室,,台北市信義區忠孝東路四段553巷22弄37號,A-202265644-00001-9,餐飲場所
食全食美早餐店,88200643,台北市信義區四維里虎林街91號,A-202265656-00001-2,餐飲場所
品品企業有限公司,,台北市信義區松高路12號 新光三越A8 B2,A-202265695-00001-5,餐飲場所
呼呼車輪餅,,台北市信義區信義路6段76巷2弄89號,A-202265776-00001-5,餐飲場所
早餐店 阿姨,,台北市信義區松山路606號,A-202265808-00001-1,餐飲場所
停看廳TKT Cafe x Dessert,,台北市信義區松德路22號,A-202265812-00001-6,餐飲場所
海天一角麵食舗,93137585,台北市信義區莊敬路302號1樓,A-202265935-00001-2,餐飲場所
煲悦湯品,,台北市信義區仁愛路四段496巷7號,A-202287769-00001-1,餐飲場所
老何經濟小吃店,48896499,台北市信義區福德街268巷5號,A-202288059-00001-4,餐飲場所
興煙國際股份有限公司,93789256,台北市信義區基隆路2段131之8號,A-202288079-00001-6,餐飲場所
享半天早餐店,88217454,台北市信義區松山路515巷2弄2號,A-202288271-00001-0,餐飲場所
吟鮮小吃店,31873985,台北市信義區虎林街132巷37號1樓,A-202288532-00001-0,餐飲場所
煲悅湯品,,台北市信義區林口街66巷2號,A-202288641-00001-1,餐飲場所
外送合約平台,,台北市信義區永吉路30巷151弄2-1號,A-202288732-00001-2,餐飲場所
圓滿小吃店,81718448,台北市信義區福德街225號1樓,A-202316606-00001-4,餐飲場所
活綠谷養生坊,26328000,台北市信義區吳興街２８４巷１８弄３號１樓,A-202316745-00001-8,餐飲場所
樂多邑有限公司,60560950,台北市信義區基隆路1段396號1樓、396之1號1樓,A-160560950-00001-0,餐飲場所
小品雅廚股份有限公司,60561395,台北市信義區忠孝東路五段37號,A-160561395-00003-6,餐飲場所
凌澐有限公司,60567010,台北市信義區忠孝東路五段8號地下二樓,A-160567010-00001-4,餐飲場所
奕祐家有限公司,60567742,台北市信義區松山路226號,A-160567742-00001-6,餐飲場所
阿布商行股份有限公司,60587183,台北市信義區忠孝東路5段372巷29弄2號1樓,A-160587183-00001-7,餐飲場所
雙點有限公司,60594570,台北市信義區嘉興街216巷3號、5號,A-160594570-00001-5,餐飲場所
香港商日山國際有限公司,60599998,台北市信義區松,A-160599998-00001-4,餐飲場所
拉朵蕾股份有限公司,60605892,台北市信義區市府路45號4樓,A-160605892-00001-5,餐飲場所
李好行銷顧問有限公司,60605979,台北市信義區松壽路12號5樓,A-160605979-00001-1,餐飲場所
臺灣斯福比餐飲管理顧問有限公司,60606288,台北市信義區市府路45號b1 樓,A-160606288-00001-5,餐飲場所
日山餐飲有限公司,60618030,台北市信義區松高路19號,A-160618030-00001-3,餐飲場所
咖啡雲股份有限公司,60619592,台北市信義區松壽路20號,A-160619592-00001-7,餐飲場所
三分股份有限公司,60639149,台北市信義區基隆路1段147巷5弄7號1樓,A-160639149-00001-7,餐飲場所
福成食品股份有限公司,60639197,台北市信義區廣居里忠孝東路五段２５６號１樓,A-160639197-00012-2,餐飲場所
福成食品股份有限公司,60639197,臺北市信義區莊敬路４７６號１樓,A-160639197-00015-5,餐飲場所
閤筵股份有限公司,60650930,台北市信義區忠孝東路四段505號7樓,A-160650930-00001-8,餐飲場所
宇川家股份有限公司,60655843,台北市信義區松高路11號B2-132-1,A-160655843-00003-8,餐飲場所
物語台灣股份有限公司,60677059,台北市信義區信義區松壽路11號B2,A-160677059-00001-9,餐飲場所
上好覓製菓股份有限公司,60695747,台北市信義區忠孝東路四段505號B2,A-160695747-00003-5,餐飲場所
象奔奔國際餐飲有限公司,60698202,台北市信義區松壽路11號B2,A-160698202-00001-2,餐飲場所
祥呈有限公司,60703134,台北市信義區基隆路1段169號1樓,A-160703134-00001-3,餐飲場所
喫滷霸商行,75063076,台北市信義區基隆路1段184號,A-175063076-00001-3,餐飲場所
霸王鹹酥雞,75148700,台北市信義區忠孝東路5段71巷3弄27號1樓,A-175148700-00001-1,餐飲場所
未來企業社,75164335,台北市信義區忠孝東路4段553巷46弄11號1樓,A-175164335-00001-3,餐飲場所
施工中小吃店,75165502,台北市信義區莊敬路190之1號,A-175165502-00001-0,餐飲場所
惡淞山小吃店,75510687,台北市信義區松山路459號1樓,A-175510687-00001-8,餐飲場所
象子企業社,75578790,台北市信義區信義路5段150巷14弄2之2號1樓,A-175578790-00001-7,餐飲場所
柏瑞小吃店,75586840,台北市信義區基隆路2段69號,A-175586840-00002-3,餐飲場所
百村美食館,75906317,台北市信義區松壽路11號b2,A-175906317-00001-7,餐飲場所
好多美味食堂,75909975,台北市信義區虎林街121巷8號,A-175909975-00001-0,餐飲場所
保立商行,75921345,台北市信義區和平東路3段331號,A-175921345-00001-5,餐飲場所
好冰冰店,75927729,台北市信義區虎林街48-1號1樓,A-175927729-00002-8,餐飲場所
極品美味屋,75930766,台北市信義區忠孝東路5段768號,A-175930766-00001-2,餐飲場所
愛安國際有限公司,83285360,台北市信義區松隆路107號1樓,A-183285360-00001-4,餐飲場所
築間餐飲事業股份有限公司,83293333,台北市信義區忠孝東路五段695號1、2樓,A-183293333-00090-1,餐飲場所
築間餐飲事業股份有限公司,83293333,台北市信義區忠孝東路五段497號2樓,A-183293333-00142-9,餐飲場所
築間餐飲事業股份有限公司,83293333,台北市信義區忠孝東路五段497號1樓,A-183293333-00145-2,餐飲場所
築間餐飲事業股份有限公司,83293333,台北市信義區基隆路一段426號1樓,A-183293333-00177-7,餐飲場所
築間餐飲事業股份有限公司,83293333,台北市信義區忠孝東路四段515號D區1031,A-183293333-00218-3,餐飲場所
築間餐飲事業股份有限公司,83293333,台北市信義區松壽路12號3樓,A-183293333-00221-7,餐飲場所
饗樂餐飲實業股份有限公司信義松山分公司,83369712,台北市信義區松山路465巷2號,A-183369712-00001-8,餐飲場所
元利餐飲股份有限公司,83383897,台北市信義區松壽路11號3樓,A-183383897-00001-8,餐飲場所
慕溏股份有限公司,83388675,台北市信義區松壽路9號1樓,A-183388675-00002-8,餐飲場所
天海廚股份有限公司,83408898,台北市信義區忠孝東路5段68號47樓,A-183408898-00002-8,餐飲場所
恰吧恰吧股份有限公司,83426404,台北市信義區松高路19號4樓,A-183426404-00001-0,餐飲場所
聚唱文化有限公司忠孝分公司,83439040,台北市信義區忠孝東路5段297之1號1樓及297號地下1樓,A-183439040-00001-0,餐飲場所
龜派餐飲有限公司,83449785,台北市信義區逸仙路32巷13號,A-183449785-00001-7,餐飲場所
三浦龍國際有限公司,83463786,台北市信義區信安街103巷22號,A-183463786-00001-4,餐飲場所
龍昇飲食有限公司,83463934,台北市信義區忠孝東路4段553巷52弄5號1樓,A-183463934-00001-9,餐飲場所
亨悅食品有限公司,83469515,台北市信義區吳興街163號1樓,A-183469515-00001-0,餐飲場所
亨悅食品有限公司,83469515,台北市信義區吳興街193號1樓,A-183469515-00002-1,餐飲場所
創雲有限公司,83475777,台北市信義區松高路19號B2,A-183475777-00001-7,餐飲場所
已禾商行股份有限公司,83478824,台北市信義區吳興街117號1樓,A-183478824-00003-5,餐飲場所
岱財股份有限公司,83485000,台北市信義區中坡北路13號1樓,A-183485000-00001-7,餐飲場所
心茶有限公司,83491875,台北市信義區忠孝東路五段 8 號 2樓,A-183491875-00002-5,餐飲場所
錸德食品有限公司台大分公司,83492635,台北市信義區忠孝東路四段515號,A-183492635-00002-0,餐飲場所
贏到足忠孝股份有限公司,90511025,台北市信義區永吉路17號(吉祥道商場),A-190511025-00001-2,餐飲場所
金鶴林有限公司,90538713,台北市信義區信義路4段415之2號,A-190538713-00001-5,餐飲場所
無敵吉米有限公司,90550552,台北市信義區和平東路3段391巷8弄24號1樓,A-190550552-00001-0,餐飲場所
香旬餐飲有限公司,90550639,台北市信義區信安街186號1樓,A-190550639-00001-6,餐飲場所
八宇國際股份有限公司,90582604,台北市信義區松仁路28號4樓,A-190582604-00001-3,餐飲場所
大輪食驛有限公司,90596656,台北市信義區松壽路11號3樓(輪輪1976),A-190596656-00002-6,餐飲場所
神戶果實有限公司,90602799,台北市信義區松智路17號3樓,A-190602799-00002-2,餐飲場所
神戶果實有限公司,90602799,台北市信義區松高路11號B2,A-190602799-00009-9,餐飲場所
煜灃有限公司,90611024,台北市信義區基隆路1段35巷7弄45號1樓,A-190611024-00001-2,餐飲場所
香港瑞嵐控股有限公司,90615014,台北市信義區松壽路9號6樓,A-190615014-00001-5,餐飲場所
萬象小吃店,14327914,台北市信義區永吉路217號,A-114327914-00001-0,餐飲場所
新東陽股份有限公司,15319335,台北市信義區松山路11號1樓,A-115319335-00171-7,餐飲場所
悠旅生活事業股份有限公司,16097091,台北市信義區忠孝東路五段297號1樓,A-116097091-00039-3,餐飲場所
悠旅生活事業股份有限公司,16097091,台北市信義區松山路11號1樓,A-116097091-00045-0,餐飲場所
悠旅生活事業股份有限公司,16097091,台北市信義區東興路65號1樓,A-116097091-00094-4,餐飲場所
悠旅生活事業股份有限公司,16097091,台北市信義區忠孝東路五段8號2樓,A-116097091-00096-6,餐飲場所
実正拉麵舖,93126314,台北市信義區信義路5段150巷14弄2之2號1樓,A-202314584-00001-7,餐飲場所
公園餡餅粥小吃店,17255385,台北市信義區虎林街164巷19號1樓,A-202314760-00001-3,餐飲場所
木子白餐館,00562758,台北市信義區吳興街156巷16弄17號,A-202314866-00001-0,餐飲場所
江方實業股份有限公司,60566531,台北市信義區忠孝東路5段71巷16號1樓,A-202314928-00001-9,餐飲場所
米嵐商行,00616277,台北市信義區基隆路1段350之31號1樓,A-202315062-00001-9,餐飲場所
酷嗑斯美式炸雞 永吉店,,台北市信義區永吉路429號,A-202315702-00001-0,餐飲場所
奶油米粒商行,00541261,台北市信義區莊敬路212號,A-202316308-00001-3,餐飲場所
福味麵店,00507720,台北市信義區福德街233號1樓,A-202316370-00001-2,餐飲場所
秋記熗鍋麵,,台北市信義區松山路615巷3號,A-202333128-00001-2,餐飲場所
小莉鍋燒麵,,台北市信義區松山路615巷9號,A-202333146-00001-2,餐飲場所
姬樣商行,60081305,台北市信義區菸廠路88號,A-202333614-00001-2,餐飲場所
迪豆商行,00631087,台北市信義區吳興街600巷78號,A-202333829-00001-0,餐飲場所
漾早餐店,00671073,台北市信義區永吉路180巷66弄30號1樓,A-202333846-00001-9,餐飲場所
媽媽的味道&merry愛烘焙,,台北市信義區吳興街269巷4號1樓,A-202334050-00001-7,餐飲場所
台灣媳婦小吃店,27150157,台北市信義區松德路215號1樓,A-202334124-00001-9,餐飲場所
拾壹烏龍麵小吃,88349700,台北市信義區虎林街11之2號1樓,A-202334291-00001-4,餐飲場所
塔匹歐卡有限公司,60470228,台北市信義區松壽路12號(1F-Y-1),A-202334454-00001-5,餐飲場所
美之琳早點,,台北市信義區忠孝東路4段559巷16弄2之1號1樓,A-202334518-00001-6,餐飲場所
王道餐飲商行,00631002,台北市信義區松仁路266號1樓,A-202334628-00001-8,餐飲場所
光景商行,00665109,台北市信義區林口街105號1樓,A-202334687-00001-3,餐飲場所
品富食堂,00630215,台北市信義區虎林街82巷15號,A-202334803-00001-3,餐飲場所
恪軸有限公司,90032616,台北市信義區吳興街156巷83號1樓,A-202335074-00001-4,餐飲場所
飯鑫自助餐,00625613,台北市信義區吳興街269巷4號1樓,A-202335338-00001-7,餐飲場所
吉吉日小吃店,00539737,台北市信義區基隆路2段105號1樓,A-202335521-00001-1,餐飲場所
百富通股份有限公司,27542696,台北市信義區松高路16號3樓,A-127542696-00071-7,餐飲場所
百富通股份有限公司,27542696,台北市信義區松高路11號B2,A-127542696-00080-7,餐飲場所
小栗原珈琲有限公司,27544907,台北市信義區松山路221號,A-127544907-00001-7,餐飲場所
華香有限公司,27554952,台北市信義區忠孝東路5段8號B2,A-127554952-00032-2,餐飲場所
華香有限公司,27554952,台北市信義區松高路11號B2,A-127554952-00039-9,餐飲場所
紅石國際有限公司,27555642,台北市信義區信義路5段128、130、132號1樓,A-127555642-00001-5,餐飲場所
大方養生美饌股份有限公司,27556760,台北市信義區信義路5段18號之1、之2,A-127556760-00001-7,餐飲場所
海先股份有限公司,27566535,台北市信義區市府路45號,A-127566535-00005-2,餐飲場所
海先股份有限公司,27566535,台北市信義區信義路四段298號1樓,A-127566535-00006-3,餐飲場所
海先股份有限公司,27566535,台北市信義區忠孝東路五段8號B2,A-127566535-00007-4,餐飲場所
海先股份有限公司,27566535,台北市信義區松高路16號3樓,A-127566535-00012-0,餐飲場所
尊品國際貿易有限公司,27594589,台北市信義區市府路45號B1,A-127594589-00022-1,餐飲場所
美食達人股份有限公司,27617149,台北市信義區莊敬路416號,A-127617149-00107-3,餐飲場所
美食達人股份有限公司,27617149,台北市信義區永吉路269號,A-127617149-00119-6,餐飲場所
蝦太太有限公司,94151472,台北市信義區松隆路286號,A-194151472-00001-2,餐飲場所
斬天國際股份有限公司,94166622,台北市信義區松壽路12號10樓,A-194166622-00001-5,餐飲場所
樂三實業股份有限公司信義一店分公司,94166783,台北市信義區松壽路26號,A-194166783-00001-3,餐飲場所
心如藝術文創有限公司,94166931,台北市信義區莊敬路197巷6號,A-194166931-00001-8,餐飲場所
瀧厚餐飲有限公司,94195767,台北市信義區忠孝東路五段68號4樓,A-194195767-00003-9,餐飲場所
醇旺股份有限公司,94196528,台北市信義區忠孝東路5段37號,A-194196528-00001-3,餐飲場所
初殿餐飲有限公司,94213054,台北市信義區虎林街132巷21號,A-194213054-00002-8,餐飲場所
五花馬國際行銷股份有限公司台北莊敬分公司,94219249,台北市信義區三張里莊敬路343號,A-194219249-00001-9,餐飲場所
睿欣餐飲股份有限公司,94236562,台北市信義區忠孝東路四段515號,A-194236562-00001-6,餐飲場所
永樂旺有限公司,94237611,台北市信義區忠孝東路五段2號捷運4號出口b1商鋪,A-194237611-00002-3,餐飲場所
貳貳参炙有限公司,94237909,台北市信義區松壽路11號B2,A-194237909-00001-2,餐飲場所
香港商初食股份有限公司,94240030,台北市信義區忠孝東路四段553巷16弄10號,A-194240030-00001-1,餐飲場所
闢地股份有限公司,94241002,台北市信義區松仁路99號B1,A-194241002-00001-1,餐飲場所
星瀚庭有限公司,94265833,台北市信義區基隆路1段147巷5弄44號,A-194265833-00001-9,餐飲場所
展桂有限公司,94266087,台北市信義區信義路五段7號35樓,A-194266087-00001-1,餐飲場所
富泰金餐飲有限公司,94266354,台北市信義區吳興街345巷6號,A-194266354-00001-8,餐飲場所
發發牧場股份有限公司,94267255,台北市信義區莊敬路306號,A-194267255-00001-9,餐飲場所
川粵府股份有限公司,94269351,台北市信義區松智路17號46樓,A-194269351-00001-8,餐飲場所
修修雯雯冰品甜品店,,台北市信義區忠孝東路5段486號,A-200030949-00001-5,餐飲場所
小樂天餃子館,,台北市信義區忠孝東路5段151號,A-200031131-00001-9,餐飲場所
穆記小吃店,,台北市信義區吳興街239號,A-200031307-00001-4,餐飲場所
詮饡新鮮小站果汁店,,台北市信義區松山路552號,A-200031692-00004-4,餐飲場所
耕記商行,26361154,台北市信義區逸仙路42巷19號1樓,A-200031866-00002-5,餐飲場所
奕盛小吃店,10368568,台北市信義區忠孝東路5段627號1樓,A-200032241-00001-2,餐飲場所
陳春秀小吃店,83904067,台北市信義區吳興街8巷2號1樓,A-200069839-00001-5,餐飲場所
蓋瑞屋,80984360,台北市信義區嘉興街267號,A-200114791-00001-3,餐飲場所
臺北市永春市場-永春市集咖啡(68、69號攤),,台北市信義區松山路294號,A-200115419-00001-1,餐飲場所
池上田鄉美食店,,台北市信義區中坡南路88號,A-200115604-00002-8,餐飲場所
合品食品工作室,26345606,台北市信義區忠孝東路5段8號地下2樓,A-200115956-00003-9,餐飲場所
胖德商行,42527532,台北市信義區四育里松山路１６２號1樓,A-200116074-00001-9,餐飲場所
巴爾扎克咖啡館,38509527,台北市信義區光復南路415巷4號1樓,A-200117528-00001-4,餐飲場所
可麗坊有限公司,84786150,台北市信義區松壽路20號2樓,A-200117843-00001-4,餐飲場所
回家吃飯餐館,,台北市信義區崇德街24號,A-200117860-00001-3,餐飲場所
御兒產後護理之家,10349417,台北市信義區信義路5段109號2樓,A-200118290-00001-1,餐飲場所
黃富家餐飲有限公司,00029973,台北市信義區信義路6段110號,A-100029973-00002-0,餐飲場所
香港商一蘭有限公司,54396182,台北市信義區松仁路97號1樓,A-154396182-00001-7,餐飲場所
香港商一蘭有限公司,54396182,台北市信義區松壽路11號B1,A-154396182-00002-8,餐飲場所
耐速行銷整合有限公司,54553149,台北市信義區松智路17號B2,A-154553149-00073-4,餐飲場所
中山家餐飲股份有限公司,54592570,台北市信義區松壽路12號10F(08櫃),A-154592570-00001-6,餐飲場所
中山家餐飲股份有限公司,54592570,台北市信義區松仁路28號B2-14-B,A-154592570-00003-8,餐飲場所
其其昌有限公司,54640616,台北市信義區菸廠路88號二樓,A-154640616-00001-1,餐飲場所
黃少福來有限公司,54640708,台北市信義區忠孝東路五段68號3樓,A-154640708-00001-3,餐飲場所
鮪肚國際股份有限公司,54653702,台北市信義區莊敬路327號,A-154653702-00003-3,餐飲場所
鮪肚國際股份有限公司,54653702,台北市信義區松山路11號,A-154653702-00015-6,餐飲場所
上盈國際育樂股份有限公司,54655271,台北市信義區松壽路12號7樓-1,A-154655271-00001-4,餐飲場所
亞洲藏壽司股份有限公司,54669129,台北市信義區松高路16號B1,A-154669129-00022-4,餐飲場所
亞洲藏壽司股份有限公司,54669129,台北市信義區松壽路12號4樓,A-154669129-00028-0,餐飲場所
世貿壹零壹食堂,,台北市信義區吳興街32號1樓,A-200195438-00001-0,餐飲場所
滿益食品有限公司,90495670,台北市信義區松山路484號1F,A-200195500-00001-0,餐飲場所
京誠食品商行,42415620,台北市信義區永吉路193號,A-200195507-00002-8,餐飲場所
久贏商號,42357234,台北市信義區基隆路2段83號,A-200195584-00001-2,餐飲場所
白金噸國際生技有限公司,28518408,台北市信義區松仁路58號b3,A-200195614-00001-6,餐飲場所
白金噸國際生技有限公司,28518408,台北市信義區松仁路58號b3,A-200195614-00003-8,餐飲場所
維傑商行,,台北市信義區忠孝東路4段553巷22弄5號1樓,A-200195640-00001-5,餐飲場所
吾集商行,25534050,台北市信義區永吉路30巷151弄2之1號,A-200195743-00001-9,餐飲場所
玖富食品商行,42504849,台北市信義區忠孝東路四段553巷16弄4號1樓,A-200195779-00001-8,餐飲場所
信義冰館 麻辣鴨血臭豆腐,,台北市信義區吳興街506巷2號,A-200195790-00001-1,餐飲場所
初衷小鹿餐飲有限公司,50791437,台北市信義區忠孝東路四段553巷6弄15號一樓,A-200195791-00001-2,餐飲場所
俊民小吃店,88203466,台北市信義區莊敬路420號之1,A-200196075-00001-8,餐飲場所
寶島鹹粥店,14725906,台北市信義區富陽街89號,A-200196582-00001-1,餐飲場所
外送合約平台,,台北市信義區和平東路三段333號,A-200254424-00092-1,餐飲場所
外送合約平台,,台北市信義區吳興街67號,A-200254424-00235-0,餐飲場所
外送合約平台,,台北市信義區松信路78號,A-200254424-00365-4,餐飲場所
外送合約平台,,台北市信義區忠孝東路五段492巷34號巷口（松山加油站對面巷口,A-200254424-00667-9,餐飲場所
外送合約平台,,台北市信義區松山路324號,A-200254424-00716-4,餐飲場所
外送合約平台,,台北市信義區虎林街82巷26號,A-200254424-00860-4,餐飲場所
外送合約平台,,台北市信義區和平東路三段333號,A-200254424-00875-0,餐飲場所
外送合約平台,,台北市信義區福德街268巷3號1樓,A-200254424-01175-4,餐飲場所
外送合約平台,,台北市信義區林口街28號,A-200254424-01216-0,餐飲場所
外送合約平台,,台北市信義區吳興街284巷15-3號1樓美簾社旁,A-200254424-01245-2,餐飲場所
外送合約平台,,台北市信義區信義路六段112號,A-200254424-01246-3,餐飲場所
外送合約平台,,台北市信義區松信路78號,A-200254424-01325-1,餐飲場所
外送合約平台,,台北市信義區林口街10巷35號2樓,A-200254424-01558-9,餐飲場所
外送合約平台,,台北市信義區林口街10巷35號2樓,A-200254424-01560-2,餐飲場所
外送合約平台,,台北市信義區永吉路30巷107號,A-200254424-01662-5,餐飲場所
外送合約平台,,台北市信義區忠孝東路五段790巷68弄2-2號,A-200254424-01706-4,餐飲場所
佑欣商行,91762962,台北市信義區基隆路二段131-24號3樓,A-200254562-00001-4,餐飲場所
佑欣商行,91762962,台北市信義區基隆路二段131-25號3樓,A-200254562-00002-5,餐飲場所
香檜餐飲有限公司,89138252,台北市信義區基隆路2段131之9號1樓,A-200255185-00001-6,餐飲場所
世貿小吃店,31827202,台北市信義區中興里基隆路１段３８０巷３號,A-202256002-00001-7,餐飲場所
中甯商業社,79825983,台北市信義區忠孝東路5段353號,A-202266084-00001-8,餐飲場所
豐富餐飲,,台北市信義區忠孝東路四段515號,A-202266091-00002-7,餐飲場所
川字水國際事業股份有限公司,85011372,台北市信義區松高路19號B2,A-202266353-00001-7,餐飲場所
盛食糧行食品批發有限公司,90635068,台北市信義區松壽路11號2 新光A11,A-202266668-00002-7,餐飲場所
蒔川飲食店,72914428,台北市信義區莊敬路447號1樓,A-202267214-00001-4,餐飲場所
粉好饌副標粉餃舍,,台北市信義區莊敬路334號1樓,A-202267556-00001-3,餐飲場所
三水江烤肉店,42286885,台北市信義區虎林街82巷29號,A-202267687-00001-8,餐飲場所
祥麟小吃店,48812029,台北市信義區永吉路181-2號,A-202267893-00001-7,餐飲場所
老虎炸豬排專賣,93174167,台北市信義區忠孝東路５段３７２巷２７弄７７－２號１樓,A-202267904-00001-0,餐飲場所
葉甘單素食,88292278,台北市信義區祟德街36號1樓,A-202267938-00001-7,餐飲場所
麻媽家食堂,93110354,台北市信義區長春里忠孝東路五段４２３巷６１號１樓,A-202268009-00001-7,餐飲場所
旺達餐飲事業商行,92699405,台北市信義區忠孝东路五段68号4楼,A-202268067-00001-1,餐飲場所
潘尼商行,72915101,台北市信義區吳興街23號1樓,A-202303298-00001-7,餐飲場所
泉牌設計有限公司,82876394,台北市信義區仁愛路4段444號1樓,A-202304006-00001-5,餐飲場所
早安午安手作早午餐店,88332911,台北市信義區林口街66巷31號1樓,A-202304254-00001-0,餐飲場所
烤丸創意料理餐坊,00549051,台北市信義區忠孝東路5段71巷16號1樓,A-202304288-00001-7,餐飲場所
臺北市立信義廣慈住宿長照機構,,台北市信義區大道路116號,A-202304343-00001-9,餐飲場所
東花商行,26352676,台北市信義區吳興街500巷2號,A-202304707-00001-3,餐飲場所
泰好食光,,台北市信義區吳興街284巷15-7號,A-202305236-00001-1,餐飲場所
酸辣粉小吃店,,台北市信義區永吉路30巷158弄1號1樓,A-202305245-00001-1,餐飲場所
吃到堡早餐店,42527483,台北市信義區泰和里吳興街５８１號,A-202305407-00001-1,餐飲場所
明日商行,88306478,台北市信義區吳興街156巷2弄30號1樓,A-202305650-00001-1,餐飲場所
不設限咖啡館,75934833,台北市信義區松德路151號1樓,A-202305676-00001-9,餐飲場所
食速貳貳貳餐飲店,93205915,台北市信義區松光里松山路465巷27弄23號1樓,A-202305717-00001-5,餐飲場所
老蔡有限公司松山店,00597308,台北市信義區永吉里松山路１１號地下一樓,A-202305720-00001-9,餐飲場所
煮夫食堂,00548530,台北市信義區吳興街156巷2弄36號1樓,A-202305793-00001-9,餐飲場所
向上屋冷翠優格坊,00558369,台北市信義區莊敬路455號1樓,A-202317070-00001-0,餐飲場所
的的商行,93135720,台北市信義區吳興街170巷1弄1號1樓,A-202317699-00001-7,餐飲場所
水豚屋股份有限公司信義門市,00644528,台北市信義區新仁里忠孝東路四段５５９巷１６弄２１―１號,A-202317760-00001-6,餐飲場所
健康版圖國際股份有限公司永吉分公司,60488064,台北市信義區永吉路30巷94號1樓,A-202318430-00001-1,餐飲場所
臺北市信義區興雅國小,,台北市信義區基隆路一段83巷9號,A-104164341-00001-2,餐飲場所
臺北市信義區光復國小,,台北市信義區光復南路271號,A-104164428-00001-8,餐飲場所
臺北市信義區三興國小,,台北市信義區11052基隆路二段99號,A-104164481-00001-7,餐飲場所
臺北醫學大學附設醫院,04164665,台北市信義區吳興街252號,A-104164665-00002-2,餐飲場所
臺北醫學大學附設醫院,04164665,台北市信義區吳興街252號,A-104164665-00003-3,餐飲場所
臺北市信義區永吉國中,,台北市信義區松隆路161號,A-104165778-00001-7,餐飲場所
臺北市信義區吳興國小,,台北市信義區松仁路226號,A-104165860-00001-9,餐飲場所
臺北市信義區福德國小,,台北市信義區福德街253號,A-104166684-00001-4,餐飲場所
臺北市信義區雙永國小,,台北市信義區松山路287巷5號,A-104168584-00001-5,餐飲場所
臺北市信義區瑠公國中,,台北市信義區福德街221巷15號,A-104169520-00001-6,餐飲場所
晶華國際酒店股份有限公司,04268726,台北市信義區松高路11號6樓,A-104268726-00015-9,餐飲場所
晶華國際酒店股份有限公司,04268726,台北市信義區忠孝東路五段68號 微風信義店4樓,A-104268726-00017-1,餐飲場所
翰信有限公司,24694375,台北市信義區松壽路11號,F-124694375-00001-4,餐飲場所
軒禾早餐店,42345511,台北市信義區福德街268巷2-2號1樓,A-200074375-00001-6,餐飲場所
巨森早餐吧,48840475,台北市信義區福德街264號,A-200074444-00001-3,餐飲場所
東北大餅店,26367755,台北市信義區基隆路二段199號,A-200079474-00007-7,餐飲場所
霸味薑母鴨小吃店,,台北市信義區和平東路3段367號,A-200123620-00001-4,餐飲場所
劉媽媽抄手大滷麵,72949192,台北市信義區松仁路58號B3,A-200123664-00002-3,餐飲場所
醬師傅飲食坊,,台北市信義區莊敬路373號,A-200123827-00001-3,餐飲場所
名倫池上便當店,,台北市信義區吳興街454號,A-200123938-00001-6,餐飲場所
上悅龍記餐飲店,42511834,台北市信義區莊敬路279號1樓,A-200124122-00001-2,餐飲場所
層真輕食料理店,88159975,台北市信義區吳興街17號,A-200124441-00001-6,餐飲場所
房旺旺燒臘店,29216388,台北市信義區松山路541巷15號,A-200124475-00001-3,餐飲場所
松隆殿小吃店,26247942,台北市信義區松山路615巷2號1樓,A-200124688-00001-9,餐飲場所
龍哥餐飲店,,台北市信義區吳興街170巷1弄3號一樓,A-200124811-00001-7,餐飲場所
笛瑟甜點工坊,42494814,台北市信義區虎林街202巷66號,A-142494814-00001-5,餐飲場所
帶杯咖啡工作室,42495047,台北市信義區基隆路一段157號,A-142495047-00002-5,餐飲場所
豚馬商行,42500219,台北市信義區忠孝東路5段412之7號1樓,A-142500219-00001-2,餐飲場所
祥發小吃店,42507986,台北市信義區信義路六段112號,A-142507986-00001-0,餐飲場所
月嬌食堂,42515917,台北市信義區中坡北路35號1樓,A-142515917-00001-3,餐飲場所
愛美蔬果滷味,42522868,台北市信義區莊敬路325巷28號,A-142522868-00001-6,餐飲場所
芳旺潔食堂,42524514,台北市信義區虎林街132巷42號1樓,A-142524514-00001-6,餐飲場所
揚秦國際企業股份有限公司,42591908,台北市信義區忠孝東路5段524巷6號,A-142591908-00013-0,餐飲場所
揚秦國際企業股份有限公司,42591908,台北市信義區莊敬路325巷58號,A-142591908-00014-1,餐飲場所
揚秦國際企業股份有限公司,42591908,台北市信義區信安街155號,A-142591908-00017-4,餐飲場所
揚秦國際企業股份有限公司,42591908,台北市信義區基隆路一段147巷12號1樓,A-142591908-00021-9,餐飲場所
揚秦國際企業股份有限公司,42591908,台北市信義區莊敬路203號,A-142591908-00023-1,餐飲場所
揚秦國際企業股份有限公司,42591908,台北市信義區基隆路二段131號之2,A-142591908-00055-6,餐飲場所
揚秦國際企業股份有限公司,42591908,台北市信義區基隆路二段183號1樓,A-142591908-00062-4,餐飲場所
揚秦國際企業股份有限公司,42591908,台北市信義區永吉路30巷119號1樓,A-142591908-00083-7,餐飲場所
萬曜事業股份有限公司,42613092,台北市信義區松壽路12號10樓,A-142613092-00001-6,餐飲場所
明吉餐飲美食有限公司,42613895,台北市信義區菸廠路88號B2,A-142613895-00001-7,餐飲場所
好吉美食有限公司,42615731,台北市信義區松高路11號,A-142615731-00001-8,餐飲場所
好吉美食有限公司,42615731,台北市信義區松壽路11號b2,A-142615731-00004-1,餐飲場所
誠意美饌餐飲有限公司,52646179,台北市信義區忠孝東路4段553巷6弄6號,A-152646179-00001-9,餐飲場所
羅依有限公司,52649990,台北市信義區永吉路30巷87號1樓,A-152649990-00001-3,餐飲場所
後院貿易有限公司,52672154,台北市信義區松壽路9號3樓,A-152672154-00001-1,餐飲場所
佑吉小吃股份有限公司,52673999,台北市信義區松山路11號 1,A-152673999-00003-1,餐飲場所
佑吉小吃股份有限公司,52673999,台北市信義區市府路45號B1樓,A-152673999-00004-2,餐飲場所
華馥法式食品有限公司,52676617,台北市信義區莊敬路239巷1弄1號,A-152676617-00003-1,餐飲場所
豐泰發展股份有限公司,52676638,台北市信義區忠孝東路五段236巷3弄13號,A-152676638-00001-2,餐飲場所
初牛有限公司,52684222,台北市信義區松德路126號1樓,A-152684222-00001-0,餐飲場所
初牛有限公司,52684222,台北市信義區松智路17號B2,A-152684222-00004-3,餐飲場所
王老吉茶館股份有限公司,52691899,台北市信義區松壽路11號B1,A-152691899-00001-8,餐飲場所
琹舒有限公司,52704424,台北市信義區松壽路20號,A-152704424-00002-8,餐飲場所
長江莊敬國際實業有限公司,52704466,台北市信義區菸廠路88號R111櫃,A-152704466-00002-4,餐飲場所
長江莊敬國際實業有限公司,52704466,台北市信義區松壽路20號2樓,A-152704466-00004-6,餐飲場所
長江莊敬國際實業有限公司,52704466,台北市信義區松高路19號 B2-F025櫃位,A-152704466-00006-8,餐飲場所
晧喜股份有限公司,52705325,台北市信義區松壽路9號4F,A-152705325-00001-8,餐飲場所
台灣愛諾特卡股份有限公司,52711065,台北市信義區松壽路9號3樓,A-152711065-00001-6,餐飲場所
九老有限公司,52788802,台北市信義區忠孝東路四段505號B2,A-152788802-00003-1,餐飲場所
大邱有限公司,52788970,台北市信義區忠孝東路五段8號B2,A-152788970-00002-6,餐飲場所
順發號蚵仔煎,01598391,台北市信義區吳興街269巷5號1樓,A-200135385-00001-5,餐飲場所
晨桉食品有限公司,50788622,台北市信義區松智路17號B2,A-200136071-00001-8,餐飲場所
蘭奧丁咖啡坊,,台北市信義區基隆路2段107-7號,A-200136137-00001-1,餐飲場所
洵勝小吃店,,台北市信義區吳興街3號1樓,A-200136143-00001-8,餐飲場所
黃金咖哩小吃店,21762193,台北市信義區松山路538號之1，1樓,A-200136270-00001-9,餐飲場所
冠賀企業社,,台北市信義區永吉路30巷102弄13號,A-200136389-00001-0,餐飲場所
活力北醫早餐店,,台北市信義區吳興街284巷13弄8號1樓,A-200136574-00001-6,餐飲場所
十一鍋小吃店,,台北市信義區永吉路334號,A-200136590-00001-4,餐飲場所
家溫度食品股份有限公司,24587207,台北市信義區忠孝東路五段8號B2(統一時代百貨B2-209-105),A-124587207-00005-8,餐飲場所
芝麻開門電子商務股份有限公司,24656365,台北市信義區松高路19號 B2,A-124656365-00004-9,餐飲場所
璽樂國際有限公司,24657189,台北市信義區松山路11號B1,A-124657189-00002-2,餐飲場所
金色三麥餐飲股份有限公司,24692475,台北市信義區松高路11號B1,A-124692475-00002-9,餐飲場所
金色三麥餐飲股份有限公司,24692475,台北市信義區松智路17號7F,A-124692475-00014-2,餐飲場所
金色三麥餐飲股份有限公司,24692475,台北市信義區忠孝東路四段505號B區6樓,A-124692475-00091-7,餐飲場所
路易莎咖啡股份有限公司,24693586,台北市信義區逸仙路50巷6號,A-124693586-00007-8,餐飲場所
路易莎咖啡股份有限公司,24693586,台北市信義區永吉路30巷27號,A-124693586-00032-6,餐飲場所
路易莎咖啡股份有限公司,24693586,台北市信義區松山路465巷29弄14號,A-124693586-00051-7,餐飲場所
路易莎咖啡股份有限公司,24693586,台北市信義區莊敬路325巷36號,A-124693586-00068-5,餐飲場所
路易莎咖啡股份有限公司,24693586,台北市信義區永吉路326巷50號,A-124693586-00076-4,餐飲場所
路易莎咖啡股份有限公司,24693586,台北市信義區松德路169巷3號,A-124693586-00108-0,餐飲場所
路易莎咖啡股份有限公司,24693586,台北市信義區市府路1號1樓,A-124693586-00158-5,餐飲場所
路易莎咖啡股份有限公司,24693586,台北市信義區忠孝東路五段270號,A-124693586-00159-6,餐飲場所
路易莎咖啡股份有限公司,24693586,台北市信義區松山路562號,A-124693586-00171-0,餐飲場所
路易莎咖啡股份有限公司,24693586,台北市信義區松仁路242號,A-124693586-00252-0,餐飲場所
路易莎咖啡股份有限公司,24693586,台北市信義區松仁路100號19樓,A-124693586-00388-0,餐飲場所
路易莎咖啡股份有限公司,24693586,台北市信義區忠孝東路五段458號1樓,A-124693586-00395-8,餐飲場所
路易莎咖啡股份有限公司,24693586,台北市信義區福德街183號,A-124693586-00478-0,餐飲場所
路易莎咖啡股份有限公司,24693586,台北市信義區忠孝東路五段33號,A-124693586-00496-0,餐飲場所
路易莎咖啡股份有限公司,24693586,台北市信義區東興路45號,A-124693586-00497-1,餐飲場所
路易莎咖啡股份有限公司,24693586,台北市信義區松山路11號3樓,A-124693586-00551-2,餐飲場所
路易莎咖啡股份有限公司,24693586,台北市信義區信義路五段1號 102會議室旁,A-124693586-00582-6,餐飲場所
路易莎咖啡股份有限公司,24693586,台北市信義區信義路五段95號,A-124693586-00589-3,餐飲場所
路易莎咖啡股份有限公司,24693586,台北市信義區吳興街250號,A-124693586-00595-0,餐飲場所
路易莎咖啡股份有限公司,24693586,台北市信義區忠孝東路五段514號,A-124693586-00619-7,餐飲場所
路易莎咖啡股份有限公司,24693586,台北市信義區基隆路二段16號,A-124693586-00637-7,餐飲場所
路易莎咖啡股份有限公司,24693586,台北市信義區松智路17號 (微風南山2F),A-124693586-00659-1,餐飲場所
路易莎咖啡股份有限公司,24693586,台北市信義區基隆路一段188-1號,A-124693586-00672-6,餐飲場所
路易莎咖啡股份有限公司,24693586,台北市信義區忠孝東路五段149號1樓,A-124693586-00696-2,餐飲場所
路易莎咖啡股份有限公司,24693586,台北市信義區忠孝東路五段236巷6-2號 1樓及B1,A-124693586-00701-9,餐飲場所
路易莎咖啡股份有限公司,24693586,台北市信義區忠孝東路四段505號B2,A-124693586-00741-3,餐飲場所
上善開發股份有限公司,,台北市信義區信義路六段20號,A-124694868-00001-6,餐飲場所
瓦城泰統股份有限公司信義二分公司,24703944,台北市信義區松壽路20號2樓,A-124703944-00001-2,餐飲場所
瓦城泰統股份有限公司南港分公司,24707940,台北市信義區松山路11號2樓,A-124707940-00006-7,餐飲場所
瓦城泰統股份有限公司南港二分公司,24707961,台北市信義區松仁路58號4樓,A-124707961-00006-0,餐飲場所
八方雲集國際股份有限公司,70472679,台北市信義區永吉路278巷21號,A-170472679-00176-4,餐飲場所
八方雲集國際股份有限公司,70472679,台北市信義區吳興街231號,A-170472679-00177-5,餐飲場所
八方雲集國際股份有限公司,70472679,台北市信義區吳興街487號,A-170472679-00178-6,餐飲場所
八方雲集國際股份有限公司,70472679,台北市信義區忠孝東路4段559巷7號,A-170472679-00179-7,餐飲場所
八方雲集國際股份有限公司,70472679,台北市信義區忠孝東路五段236巷22號,A-170472679-00180-9,餐飲場所
八方雲集國際股份有限公司,70472679,台北市信義區松隆路341號,A-170472679-00181-0,餐飲場所
八方雲集國際股份有限公司,70472679,台北市信義區信義路六段97號,A-170472679-00182-1,餐飲場所
八方雲集國際股份有限公司,70472679,台北市信義區崇德街95號,A-170472679-00183-2,餐飲場所
八方雲集國際股份有限公司,70472679,台北市信義區福德街254號,A-170472679-00184-3,餐飲場所
八方雲集國際股份有限公司,70472679,台北市信義區林口街116號,A-170472679-00587-0,餐飲場所
八方雲集國際股份有限公司,70472679,台北市信義區吳興街1號,A-170472679-00664-6,餐飲場所
八方雲集國際股份有限公司,70472679,台北市信義區崇德街98號,A-170472679-00715-3,餐飲場所
八方雲集國際股份有限公司,70472679,台北市信義區莊敬路387號,A-170472679-00868-2,餐飲場所
八方雲集國際股份有限公司,70472679,台北市信義區莊敬路202號,A-170472679-00891-8,餐飲場所
八方雲集國際股份有限公司,70472679,台北市信義區松山路413號,A-170472679-00941-4,餐飲場所
八方雲集國際股份有限公司,70472679,台北市信義區忠孝東路五段236巷6之3號,A-170472679-01033-7,餐飲場所
喬合股份有限公司,70584175,台北市信義區松仁路28號B2,A-170584175-00001-6,餐飲場所
道町餐飲有限公司,00042048,台北市信義區松山路445號1樓,A-100042048-00001-7,餐飲場所
國賓美富股份有限公司,00069691,台北市信義區忠孝東路四段505號8樓,A-100069691-00001-0,餐飲場所
秀泰全球影城股份有限公司,00070830,台北市信義區光復南路105號2F A區「影城棟」,A-100070830-00010-7,餐飲場所
芽泥文化有限公司,00070965,台北市信義區基隆路2段117號,A-100070965-00001-6,餐飲場所
福洱國際餐飲商行股份有限公司,00074673,台北市信義區菸廠路88號B1,A-100074673-00002-7,餐飲場所
爛醉娛樂股份有限公司,00090511,台北市信義區松壽路12號1樓,A-100090511-00001-5,餐飲場所
俊石頁有限公司,00092715,台北市信義區忠孝東路四段505號B2樓,A-100092715-00004-6,餐飲場所
俊石頁有限公司,00092715,台北市信義區忠孝東路四段505號B2樓,A-100092715-00005-7,餐飲場所
暗部國際有限公司,00097654,台北市信義區虎林街164巷58弄11號,A-100097654-00001-0,餐飲場所
美慶控股有限公司,00100530,台北市信義區市府路45號4樓,A-100100530-00002-9,餐飲場所
歡宴股份有限公司,00111852,台北市信義區松壽路22號3樓A301-1室,A-100111852-00001-7,餐飲場所
鉅客永饕股份有限公司,00120022,台北市信義區永吉路30巷158弄3號1樓,A-100120022-00001-6,餐飲場所
統統股份有限公司,00135926,台北市信義區松壽路11號1樓,A-100135926-00001-5,餐飲場所
米傑瑞股份有限公司,00142882,台北市信義區基隆路1段420號1樓,A-100142882-00001-4,餐飲場所
遇見食堂有限公司,00165126,台北市信義區光復南路473巷7號1樓,A-100165126-00001-0,餐飲場所
振然有限公司,00171247,台北市信義區忠孝東路5段8號B2,A-100171247-00006-6,餐飲場所
勞瑞斯股份有限公司,13103036,台北市信義區松仁路26號6F,A-113103036-00001-6,餐飲場所
勞瑞斯股份有限公司,13103036,台北市信義區松仁路28號6樓,A-113103036-00002-7,餐飲場所
勞瑞斯股份有限公司,13103036,台北市信義區松仁路28號6樓,A-113103036-00003-8,餐飲場所
佳冰國際有限公司,13104416,台北市信義區市府路45號CREMIA櫃位(售票口旁5 樓,A-113104416-00012-1,餐飲場所
啟動國際股份有限公司,13110395,台北市信義區松壽路12號1樓ATT東側,A-113110395-00001-2,餐飲場所
啟動國際股份有限公司,13110395,台北市信義區松仁路58號4樓,A-113110395-00003-4,餐飲場所
東京牛角股份有限公司,13134072,台北市信義區松高路11號4樓,A-113134072-00014-4,餐飲場所
東京牛角股份有限公司,13134072,台北市信義區忠孝東路5段8號B2樓,A-113134072-00023-4,餐飲場所
瓦城泰統股份有限公司天母分公司,13137752,台北市信義區松智路17號6樓,A-113137752-00005-2,餐飲場所
瓦城泰統股份有限公司天母分公司,13137752,台北市信義區松智路17號6樓,A-113137752-00006-3,餐飲場所
瓦城泰統股份有限公司天母分公司,13137752,台北市信義區松智路17號B2,A-113137752-00007-4,餐飲場所
瓦城泰統股份有限公司天母分公司,13137752,台北市信義區松智路17號2樓,A-113137752-00008-5,餐飲場所
森小館小吃店,13456050,台北市信義區忠孝東路4段559巷18號1樓,A-113456050-00001-3,餐飲場所
田湘天然有機樂活館,14319484,台北市信義區吳興街220巷23號1樓,A-114319484-00001-3,餐飲場所
酉猿股份有限公司,93574699,台北市信義區崇德街8號,A-202271019-00001-2,餐飲場所
凱古早味小吃店,31866160,台北市信義區吳興街8巷5號,A-202271199-00001-1,餐飲場所
樂沛漢堡 Le Le BURGER,,台北市信義區大道路5號,A-202271321-00001-8,餐飲場所
珍味果汁店,48882137,台北市信義區敦厚里永吉路３０巷１００號１樓,A-202271357-00001-7,餐飲場所
test123,,台北市信義區虎林街46巷3號,A-202271415-00004-5,餐飲場所
六朝小吃店,42515439,台北市信義區吳興街98號,A-202271776-00001-2,餐飲場所
緣班人馬餐坊,93113774,台北市信義區信義路4段395巷6弄7號,A-202271797-00001-5,餐飲場所
鴻宏國際股份有限公司,93590733,台北市信義區忠孝東路五段510號1樓,A-202271924-00004-0,餐飲場所
鴻宏國際股份有限公司,93590733,台北市信義區莊敬路346號1樓,A-202271924-00006-2,餐飲場所
好咩商行,88284571,台北市信義區松仁路266號1樓,A-202272302-00001-8,餐飲場所
天和餐館,93188275,台北市信義區三張里莊敬路359號1樓,A-202310508-00001-9,餐飲場所
辰昀有限公司,60759951,台北市信義區基隆路二段131之25號,A-202310610-00001-3,餐飲場所
巷玖商行,00558136,台北市信義區和平東路3段391巷9號1樓,A-202310614-00001-7,餐飲場所
永春虎林蔬食,00550042,台北市信義區虎林街119巷21號1樓,A-202310615-00001-8,餐飲場所
旭堤有限公司,60768473,台北市信義區光復南路449-1號,A-202310959-00001-9,餐飲場所
吉富商行,00555068,台北市信義區崇德街28號1樓,A-202310995-00001-9,餐飲場所
ㄚ財便當,,台北市信義區松山路294號(永春市場37號攤),A-202311768-00001-8,餐飲場所
臺灣富禮納思股份有限公司,54669140,台北市信義區松壽路12號5樓,A-154669140-00019-3,餐飲場所
臺灣富禮納思股份有限公司,54669140,台北市信義區松高路11號B2  A13櫃位,A-154669140-00034-0,餐飲場所
蔬河有限公司,54675966,台北市信義區台北市信義區松壽路11號B2,A-154675966-00003-9,餐飲場所
蔬河有限公司,54675966,台北市信義區市府路45號B1F,A-154675966-00004-0,餐飲場所
星高湯有限公司,54677084,台北市信義區基隆路1段165號1樓,A-154677084-00001-0,餐飲場所
承準有限公司,54683706,台北市信義區吳興街220巷19號,A-154683706-00001-8,餐飲場所
路德斯股份有限公司,54687739,台北市信義區松高路16號3F,A-154687739-00001-8,餐飲場所
路德斯股份有限公司,54687739,台北市信義區忠孝東路四段505號7樓,A-154687739-00018-6,餐飲場所
路德斯股份有限公司,54687739,台北市信義區忠孝東路四段505號4樓,A-154687739-00019-7,餐飲場所
路德斯股份有限公司,54687739,台北市信義區市府路45號4樓,A-154687739-00020-9,餐飲場所
樂法美食股份有限公司,54688322,台北市信義區忠孝東路五段6號市府轉運站1樓部份,A-154688322-00075-8,餐飲場所
艾朋興業有限公司,54689011,台北市信義區忠孝東路5段139號2樓,A-154689011-00001-3,餐飲場所
清山寶珠茶業股份有限公司,54698102,台北市信義區富陽街72巷19號1樓,A-154698102-00001-4,餐飲場所
威力餐飲有限公司,,台北市信義區基隆路二段151-6號,A-154733282-00001-3,餐飲場所
若為有限公司,54734640,台北市信義區基隆路二段81號,A-154734640-00001-2,餐飲場所
忕吉小吃股份有限公司,54752668,台北市信義區松高路12號3樓,A-154752668-00002-3,餐飲場所
忕吉小吃股份有限公司,54752668,台北市信義區忠孝東路五段8號B2,A-154752668-00004-5,餐飲場所
忕吉小吃股份有限公司,54752668,台北市信義區松山路11號2樓,A-154752668-00019-1,餐飲場所
愷樂食品有限公司,,台北市信義區松高路11號b2f,A-154818113-00001-0,餐飲場所
華唯國際數位行銷有限公司,54819099,台北市信義區松高路11號B2,A-154819099-00001-4,餐飲場所
橙谷股份有限公司,69711053,台北市信義區松仁路100號9樓,A-169711053-00001-1,餐飲場所
太光國際有限公司,69713432,台北市信義區松壽路12號4樓,A-169713432-00002-5,餐飲場所
鍾冠食品有限公司,70359705,台北市信義區松高路12號B2,A-170359705-00004-8,餐飲場所
振紳洋行實業股份有限公司,70364593,台北市信義區忠孝東路5段8號B2,A-170364593-00002-7,餐飲場所
開富食品國際有限公司,70408017,台北市信義區林口街29號,A-170408017-00088-1,餐飲場所
開富食品國際有限公司,70408017,台北市信義區景新里吳興街128號,A-170408017-00113-0,餐飲場所
捷升企業有限公司,70437940,台北市信義區菸廠路88號B1,A-170437940-00010-3,餐飲場所
乾杯股份有限公司,70443909,台北市信義區松壽路12號6樓,A-170443909-00007-1,餐飲場所
乾杯股份有限公司,70443909,台北市信義區松壽路9號8樓,A-170443909-00014-9,餐飲場所
乾杯股份有限公司,70443909,台北市信義區松高路11號5樓,A-170443909-00022-8,餐飲場所
乾杯股份有限公司,70443909,台北市信義區松仁路100號47樓,A-170443909-00043-1,餐飲場所
乾杯股份有限公司,70443909,台北市信義區忠孝東路五段68號45樓,A-170443909-00049-7,餐飲場所
乾杯股份有限公司,70443909,台北市信義區松壽路12號4樓,A-170443909-00097-0,餐飲場所
乾杯股份有限公司,70443909,台北市信義區忠孝東路五段8號B2樓,A-170443909-00136-4,餐飲場所
凱利得有限公司,70453032,台北市信義區忠孝東路5段8號B2,A-170453032-00002-4,餐飲場所
富泰企業社,76442168,台北市信義區吳興街345巷6號,A-176442168-00001-7,餐飲場所
承希食坊,76443933,台北市信義區松光里松山路541巷26號,A-176443933-00001-8,餐飲場所
豆日子甜品專賣店,76450933,台北市信義區松智路17號B1F DODAY,A-176450933-00003-8,餐飲場所
崑傑商行,76470403,台北市信義區忠孝東路5段427號1樓,A-176470403-00001-0,餐飲場所
少點鹽企業社,76473892,台北市信義區永吉路278巷30號1樓,A-176473892-00001-5,餐飲場所
旺利商行,76487452,台北市信義區永吉路30巷115號1樓,A-176487452-00001-2,餐飲場所
罄耳咖啡店,76488797,台北市信義區忠孝東路4段553巷52弄23號1樓,A-176488797-00001-5,餐飲場所
春陽茶事股份有限公司北醫分公司,77011595,台北市信義區景勤里吳興街２２０巷７號１樓,A-177011595-00001-4,餐飲場所
秀珍小吃店,77909254,台北市信義區莊敬路199號,A-177909254-00001-2,餐飲場所
東松食品行,78061241,台北市信義區松山路109號1樓,A-178061241-00001-8,餐飲場所
小莫商行,78199203,台北市信義區松勤街41號1樓,A-178199203-00001-8,餐飲場所
言夏小吃,79133905,台北市信義區莊敬路178巷6號1樓,A-179133905-00001-6,餐飲場所
嗨客想食商行,79586104,台北市信義區莊敬路410號1樓,A-179586104-00001-9,餐飲場所
阿不拉商行,79692941,台北市信義區嘉興街10號,A-179692941-00001-6,餐飲場所
台灣無印良品股份有限公司,80518858,台北市信義區忠孝東路五段8號 B2F,A-180518858-00001-2,餐飲場所
台灣無印良品股份有限公司,80518858,台北市信義區松壽路11號3樓,A-180518858-00093-3,餐飲場所
台灣無印良品股份有限公司,80518858,台北市信義區松高路16號1F、2F,A-180518858-00120-4,餐飲場所
翰朝有限公司,80570559,台北市信義區松山路540巷2號,A-180570559-00007-4,餐飲場所
美典餐飲管理顧問有限公司,80581253,台北市信義區松智路17號5樓之10,A-180581253-00001-1,餐飲場所
悅鈞有限公司,80582653,台北市信義區松高路12號2樓,A-180582653-00015-1,餐飲場所
清心福全股份有限公司,80582719,台北市信義區吳興街144號,A-180582719-00110-0,餐飲場所
清心福全股份有限公司,80582719,台北市信義區松山路590號,A-180582719-00269-5,餐飲場所
清心福全股份有限公司,80582719,台北市信義區松仁路198號,A-180582719-00287-5,餐飲場所
素踴饌健康股份有限公司,66510145,台北市信義區莊敬路440號,A-166510145-00001-7,餐飲場所
蘭庭股份有限公司,66604868,台北市信義區松高路12號B2,A-166604868-00003-5,餐飲場所
沐青股份有限公司,66641441,台北市信義區松壽路11號（2樓空橋）,A-166641441-00058-3,餐飲場所
沐青股份有限公司,66641441,台北市信義區莊敬路314號1樓,A-166641441-00098-7,餐飲場所
沐青股份有限公司,66641441,台北市信義區台北市忠孝東路4段515號B2-6,A-166641441-00135-9,餐飲場所
沐青股份有限公司,66641441,台北市信義區忠孝東路五段8號b2 櫃號 980288,A-166641441-00139-3,餐飲場所
沐青股份有限公司,66641441,台北市信義區市府路45號B1,A-166641441-00144-9,餐飲場所
猶沐文化有限公司,68073731,台北市信義區基隆路二段39巷8弄4、6號1樓,A-168073731-00001-4,餐飲場所
雷彼餐飲有限公司,68578107,台北市信義區吳興街18號,A-168578107-00001-1,餐飲場所
雷彼餐飲有限公司,68578107,台北市信義區永吉路30巷119號1樓,A-168578107-00005-5,餐飲場所
雷彼餐飲有限公司,68578107,台北市信義區松山路11號,A-168578107-00006-6,餐飲場所
黑橋牌企業股份有限公司,69297837,台北市信義區菸廠路88號B2,A-169297837-01109-0,餐飲場所
黑橋牌企業股份有限公司,69297837,台北市信義區忠孝東路五段8號2樓,A-169297837-01131-5,餐飲場所
黑橋牌企業股份有限公司,69297837,台北市信義區松高路12號,A-169297837-01208-0,餐飲場所
黑橋牌企業股份有限公司,69297837,台北市信義區松智路17號B2,A-169297837-01248-4,餐飲場所
黑橋牌企業股份有限公司,69297837,台北市信義區信義路五段5號(台北世貿一館),A-169297837-01251-8,餐飲場所
黑橋牌企業股份有限公司,69297837,台北市信義區市府路45號,A-169297837-01374-4,餐飲場所
黑橋牌企業股份有限公司,69297837,台北市信義區松壽路2號,A-169297837-01556-6,餐飲場所
一二捌捌餐飲股份有限公司,69307271,台北市信義區基隆路一段147巷19號,A-169307271-00003-6,餐飲場所
旺新餐飲股份有限公司,69396843,台北市信義區松仁路58號,A-169396843-00001-7,餐飲場所
路路通法式甜點有限公司,69417333,台北市信義區信義區松高路12號B2樓,A-169417333-00005-9,餐飲場所
凱林食品有限公司,69456052,台北市信義區市府路45號B1,A-169456052-00001-6,餐飲場所
頂鮮擔仔麵股份有限公司,69481735,台北市信義區信義路五段7號86樓,A-169481735-00001-2,餐飲場所
頂鮮擔仔麵股份有限公司,69481735,台北市信義區忠孝東路四段505號8樓,A-169481735-00005-6,餐飲場所
德慶企業社,79807633,台北市信義區松德路71號,A-179807633-00001-2,餐飲場所
五餅二魚恩典實業社,79815367,台北市信義區中坡南路144號右側,A-179815367-00001-5,餐飲場所
小太陽美餐工作室,79815985,台北市信義區景聯里吳興街33號1樓,A-179815985-00001-1,餐飲場所
站食餐館,79819841,台北市信義區忠孝東路五段484號,A-179819841-00001-6,餐飲場所
本然商行,79824817,台北市信義區虎林街164巷60弄17號1樓,A-179824817-00001-5,餐飲場所
中甯商業社,79825983,台北市信義區忠孝東路5段353號,A-179825983-00001-0,餐飲場所
聚銌小吃店,79826385,台北市信義區永吉路30巷7號,A-179826385-00001-7,餐飲場所
逸莉食品行,79827672,台北市信義區永吉路30巷158弄17號1樓,A-179827672-00001-7,餐飲場所
多饌小吃店,79832350,台北市信義區福德街187號,A-179832350-00001-6,餐飲場所
億佳烤肉快餐,79847255,台北市信義區永吉路30巷89號,A-179847255-00001-6,餐飲場所
小蔡企業社,79852849,台北市信義區忠孝東路五段8號B2,A-179852849-00001-1,餐飲場所
萬利興企業社,79855992,台北市信義區基隆路一段101巷23號1樓,A-179855992-00001-3,餐飲場所
榮貞商行,79875152,台北市信義區永吉路30巷27號,A-179875152-00001-3,餐飲場所
饗賓餐旅事業股份有限公司,79955280,台北市信義區松壽路12號6樓,A-179955280-00113-8,餐飲場所
饗賓餐旅事業股份有限公司,79955280,台北市信義區忠孝東路五段8號7樓,A-179955280-00120-6,餐飲場所
饗賓餐旅事業股份有限公司,79955280,台北市信義區松高路16號3樓,A-179955280-00127-3,餐飲場所
饗賓餐旅事業股份有限公司,79955280,台北市信義區忠孝東路五段8號7樓(朵頤-市府店),A-179955280-00134-1,餐飲場所
饗賓餐旅事業股份有限公司,79955280,台北市信義區忠孝東路五段68號46樓(饗饗),A-179955280-00142-0,餐飲場所
饗賓餐旅事業股份有限公司,79955280,台北市信義區松仁路58號9樓,A-179955280-00154-3,餐飲場所
饗賓餐旅事業股份有限公司,79955280,台北市信義區松智路17號5樓,A-179955280-00173-4,餐飲場所
饗賓餐旅事業股份有限公司,79955280,台北市信義區信義路五段7號86樓,A-179955280-00205-0,餐飲場所
饗賓餐旅事業股份有限公司,79955280,台北市信義區松智路17號5樓,A-179955280-00254-4,餐飲場所
饗賓餐旅事業股份有限公司,79955280,台北市信義區松仁路58號14樓,A-179955280-00257-7,餐飲場所
饗賓餐旅事業股份有限公司,79955280,台北市信義區松高路11號5樓,A-179955280-00260-1,餐飲場所
饗賓餐旅事業股份有限公司,79955280,台北市信義區松高路11號5樓,A-179955280-00261-2,餐飲場所
饗賓餐旅事業股份有限公司,79955280,台北市信義區忠孝東路五段68號45樓,A-179955280-00274-6,餐飲場所
金鼎興業有限公司,79955943,台北市信義區忠孝東路五段8號2樓,A-179955943-00001-0,餐飲場所
富鼎興貿易有限公司,79966110,台北市信義區忠孝東路五段8號B2,A-179966110-00012-0,餐飲場所
敘軒餐飲商行,80001174,台北市信義區基隆路2段131-24號3樓,A-180001174-00001-0,餐飲場所
銘豐國際食品有限公司,80048717,台北市信義區莊敬路423巷1弄2號1樓,A-180048717-00069-8,餐飲場所
台灣菲斯卡股份有限公司,16746883,台北市信義區忠孝東路三段300號,A-116746883-00001-2,餐飲場所
貓頭鷹國際股份有限公司,16760202,台北市信義區松仁路58號14樓,A-116760202-00001-3,餐飲場所
美商黃金體驗有限公司,60724861,台北市信義區忠孝東路4段553巷6弄12號1樓,A-160724861-00001-3,餐飲場所
松岩御股份有限公司,60725812,台北市信義區仁愛路四段452巷6號,A-160725812-00001-0,餐飲場所
達梭紐實業有限公司,60741593,台北市信義區基隆路1段350號1樓之17,A-160741593-00001-4,餐飲場所
山畝巨蛋餐飲有限公司,60776001,台北市信義區忠孝東路四段,A-160776001-00001-6,餐飲場所
書橋有限公司,60783586,台北市信義區松仁路28號B2,A-160783586-00001-2,餐飲場所
懶得罵娛樂股份有限公司,60788724,台北市信義區松壽路12號1樓,A-160788724-00001-1,餐飲場所
犇向國際餐飲股份有限公司,60789168,台北市信義區基隆路2段39巷14號1樓,A-160789168-00001-4,餐飲場所
純萃珍鮮有限公司,60794541,台北市信義區忠孝東路四段505號B2,A-160794541-00001-5,餐飲場所
如嫣餐飲有限公司,60795838,台北市信義區忠孝東路5段524巷1弄7號1樓,A-160795838-00001-5,餐飲場所
烤食煮盒有限公司,60795871,台北市信義區永吉路30巷157弄9號,A-160795871-00001-2,餐飲場所
大進食品商行,60894339,台北市信義區松壽路11號,A-160894339-00001-1,餐飲場所
群品餐飲股份有限公司,61210008,台北市信義區忠孝東路五段8號B2,A-161210008-00167-0,餐飲場所
喬治兄弟股份有限公司,61884947,台北市信義區忠孝東路五段8號B2,A-161884947-00035-3,餐飲場所
集悅思餐飲事業有限公司,61926051,台北市信義區台北市信義區松壽路11號B2,A-161926051-00002-0,餐飲場所
王維咖啡國際有限公司,64987355,台北市信義區松仁路28號B2,A-164987355-00005-0,餐飲場所
王維咖啡國際有限公司,64987355,台北市信義區菸廠路88號B1,A-164987355-00010-6,餐飲場所
王維咖啡國際有限公司,64987355,台北市信義區松智路17號7樓,A-164987355-00014-0,餐飲場所
煌天國際股份有限公司,66379530,台北市信義區松壽路12號4樓,A-166379530-00001-8,餐飲場所
月臆國際有限公司,66454559,台北市信義區松壽路11號-2樓空橋,A-166454559-00007-9,餐飲場所
阿瑋傳統美食坊,25536374,台北市信義區永吉路30巷102弄1號,A-200157309-00001-5,餐飲場所
香莫兒商行,,台北市信義區基隆路一段147巷28號1樓,A-200157419-00001-7,餐飲場所
駿曜餐飲股份有限公司,,台北市信義區永吉路120巷86號,A-200157425-00001-4,餐飲場所
光芒純素天堂店,,台北市信義區信義路四段395巷6弄6號1樓,A-200157447-00001-8,餐飲場所
臨江夜市-?鮮乳,,台北市信義區吳興街279號,A-200157723-00004-8,餐飲場所
阿琳肉圓大王,48758480,台北市信義區松山路１１７號,A-200192715-00001-5,餐飲場所
食米四川巴適食館,42331256,台北市信義區永吉路３０巷１０１弄１４號,A-200192721-00001-2,餐飲場所
爽泰小吃店,72913687,台北市信義區忠孝東路５段７４３巷１７號,A-200192739-00001-1,餐飲場所
阿宗米粉湯,,台北市信義區莊敬路322號1樓之3,A-200192764-00001-9,餐飲場所
微笑鳥咖啡館,25552606,台北市信義區信義路四段399號,A-200192771-00001-7,餐飲場所
員力國際有限公司,53686655,台北市信義區松仁路58號7樓,A-200192803-00002-4,餐飲場所
歐鄉簡餐餐廳,,台北市信義區忠孝東路五段524巷20號,A-200192812-00001-3,餐飲場所
禾羽軒商行,79365600,台北市信義區基隆路一段101巷28號1樓,A-200192864-00001-0,餐飲場所
禾羽軒商行,,台北市信義區基隆路一段101巷28號1樓,A-200192865-00001-1,餐飲場所
古迪法式甜點,79807232,台北市信義區崇德路38巷30號1樓,A-200192881-00001-9,餐飲場所
雞優股養生餐飲有限公司,96829098,台北市信義區吳興街２６９巷１－１號１樓,A-200192957-00001-3,餐飲場所
營業名稱：早安！一餅,,台北市信義區虎林街40巷1號1樓,A-200193098-00001-0,餐飲場所
龍洞海產店,,台北市信義區和平東路３段５３１巷５弄１號１樓,A-200193122-00001-8,餐飲場所
雙和盛小館,21700578,台北市信義區永吉路３０巷１５７弄３號１樓,A-200193174-00001-5,餐飲場所
酷絲拉,31891013,台北市信義區惠安里7鄰吳興街365巷3號1樓,A-200193188-00001-0,餐飲場所
合一咖哩,,台北市信義區光復南路519巷7號,A-200193341-00001-1,餐飲場所
周家四川涼麵,25600403,台北市信義區三犂里松仁路２１９號１樓,A-200193352-00001-3,餐飲場所
品越商行,88201559,台北市信義區莊敬路441號1樓,A-200219749-00001-2,餐飲場所
二代福林福州乾拌麵,,台北市信義區忠孝東路四段553巷2弄9號1樓,A-200219856-00001-1,餐飲場所
禾興便當店,79581608,台北市信義區嘉興街216號1樓,A-200220205-00001-1,餐飲場所
桂園小館,73195609,台北市信義區松山路465巷27弄20號1樓,A-200220264-00001-6,餐飲場所
彌樂事蔬食食堂,42542463,台北市信義區六合里松仁路２５３巷２號,A-200220270-00001-3,餐飲場所
馬克與鐵鍋,,台北市信義區基隆路二段131-24號３樓、131-25號３樓,A-200220272-00001-5,餐飲場所
福德來早餐店,10384011,台北市信義區中行里福德街２７０號,A-200220299-00002-5,餐飲場所
森木有限公司,90524605,台北市信義區基隆路2段113號,A-200220675-00001-2,餐飲場所
微笑地瓜球{永吉店},,台北市信義區永吉路30巷86號,A-200220758-00003-6,餐飲場所
捲餅達人,31996500,台北市信義區永吉路30巷104號,A-200220802-00001-4,餐飲場所
瑞惠小吃店,72992492,台北市信義區泰和里吳興街600巷84號,A-200220843-00001-9,餐飲場所
合鑫早午餐,88154465,台北市信義區松友里松山路604號1樓,A-200221296-00001-2,餐飲場所
青春吉有限公司,83183906,台北市信義區吳興街359之13號1樓,A-200221393-00001-0,餐飲場所
饒河夜市 罔市手工粉圓,,台北市信義區饒河街150號,A-200221656-00001-2,餐飲場所
統一超商股份有限公司,22555003,台北市信義區忠孝東路四段514號,F-122555003-45477-2,餐飲場所
蔥月股份有限公司,27717442,台北市信義區台北市信義區松仁路58號,A-127717442-00007-9,餐飲場所
映費迪國際有限公司,27732788,台北市信義區市府路45號B1,A-127732788-00007-9,餐飲場所
金田興業股份有限公司,27748310,台北市信義區忠孝東路四段505號7樓,A-127748310-00028-0,餐飲場所
金田興業股份有限公司,27748310,台北市信義區忠孝東路四段505號8樓,A-127748310-00030-3,餐飲場所
家饌餐飲有限公司,27749872,台北市信義區松壽路20號1樓,A-127749872-00001-5,餐飲場所
國傳國際股份有限公司,27757035,台北市信義區松山路572號,A-127757035-00141-0,餐飲場所
蘇堤餐飲事業有限公司,,台北市信義區松壽路22號3樓,A-127762728-00005-4,餐飲場所
雲雀國際股份有限公司,27766105,台北市信義區忠孝東路5段8號3樓,A-127766105-00060-8,餐飲場所
雲雀國際股份有限公司,27766105,台北市信義區松仁路58號7樓,A-127766105-00072-1,餐飲場所
雲雀國際股份有限公司,27766105,台北市信義區忠孝東路四段515號,A-127766105-00103-6,餐飲場所
雲雀國際股份有限公司,27766105,台北市信義區菸廠路88號B1,A-127766105-00117-1,餐飲場所
大苑子開發股份有限公司,27785285,台北市信義區莊敬路343號,A-127785285-00125-0,餐飲場所
大苑子開發股份有限公司,27785285,台北市信義區松山路627號,A-127785285-00757-1,餐飲場所
大苑子開發股份有限公司,27785285,台北市信義區莊敬路343號,A-127785285-00761-6,餐飲場所
大苑子開發股份有限公司,27785285,台北市信義區莊敬路343號,A-127785285-00939-3,餐飲場所
大苑子開發股份有限公司,27785285,台北市信義區忠孝東路五段139號,A-127785285-01018-2,餐飲場所
大苑子開發股份有限公司,27785285,台北市信義區忠孝東路五段139號,A-127785285-01056-4,餐飲場所
三四郎串燒,26243039,台北市信義區松山路340號,A-200169439-00001-2,餐飲場所
匹塔餐飲股份有限公司永吉店,88108189,台北市信義區敦厚里永吉路６４號１樓,A-200169497-00001-6,餐飲場所
鼎霖全球商貿有限公司馬卡諦冰淇淋,87359975,台北市信義區松仁路28號B2樓,A-200169601-00007-9,餐飲場所
滷肉控飯館,,台北市信義區逸仙路42巷11號1樓,A-200169813-00001-8,餐飲場所
泰初商事,00581973,台北市信義區松山路540巷18號,A-200169980-00001-3,餐飲場所
擺渡屋實業社,88108890,台北市信義區中興里信義路四段３９５巷６弄９號,A-200170082-00001-8,餐飲場所
御禾食坊,73319708,台北市信義區莊敬路423巷7弄3號,A-200170166-00001-1,餐飲場所
李照子珍珠丸子·包子,,台北市信義區松山路540巷3弄1號1樓,A-200170266-00001-2,餐飲場所
凌雲軒健康餐坊,79096606,台北市信義區三張里吳興街２８１巷７０號１樓,A-200170276-00001-3,餐飲場所
恩加恩商行,38562711,台北市信義區松山路465巷12號,A-200170520-00001-5,餐飲場所
軟食力餐館,,台北市信義區嘉興街216巷12號,A-200170584-00001-5,餐飲場所
展翅手研餐坊,75918186,台北市信義區逸仙路42巷16號1樓,A-200170651-00001-0,餐飲場所
輕食曹小吃店,76364830,台北市信義區基隆路2段39巷10號1樓,A-200170744-00001-3,餐飲場所
古摩利早餐店,26233102,台北市信義區吳興街156巷15號1樓,A-200170749-00001-8,餐飲場所
柏那咖啡館,31866838,台北市信義區基隆路2段39巷8弄3號,A-131866838-00003-4,餐飲場所
這義家義大利麵,31870896,台北市信義區吳興街281巷7號1樓,A-131870896-00001-1,餐飲場所
逸品自助餐店,31874491,台北市信義區逸仙路50巷8號、10號,A-131874491-00001-6,餐飲場所
亭羽餐坊,31949583,台北市信義區莊敬路359號,A-131949583-00001-1,餐飲場所
汪達美食坊,31950737,台北市信義區基隆路1段147巷28號1樓,A-131950737-00001-4,餐飲場所
一直是晴天咖啡館,31955141,台北市信義區忠孝東路4段553巷2弄5號,A-131955141-00001-8,餐飲場所
樺達奶茶,31972140,台北市信義區松壽路 12號 5樓 (ATT4FUN),A-131972140-00007-2,餐飲場所
正一排骨桃園總店,36465376,台北市信義區忠孝東路五段8號B3,A-136465376-00002-0,餐飲場所
大圈韓食股份有限公司,52384323,台北市信義區信義路4段468號1.2F,A-152384323-00001-9,餐飲場所
小宇町有限公司,52394167,台北市信義區基隆路1段147巷5弄1號1樓,A-152394167-00001-6,餐飲場所
瑪琦餐飲有限公司,52403270,台北市信義區松高路19號B2,A-152403270-00001-2,餐飲場所
秉軒廚業有限公司,52414564,台北市信義區市府路45號B1,A-152414564-00003-2,餐飲場所
特奧蒂瓦坎有限公司,52426082,台北市信義區基隆路二段131之24 二樓#8攤位,A-152426082-00004-1,餐飲場所
宇加有限公司北醫分公司,52439679,台北市信義區莊敬路390號1樓,A-152439679-00001-4,餐飲場所
楓葉國際股份有限公司,52441345,台北市信義區光復南路585號1樓及2樓,A-152441345-00001-7,餐飲場所
采曜健康事業有限公司,52471993,台北市信義區基隆路2段39巷4號,A-152471993-00001-9,餐飲場所
鮨舍股份有限公司,52473417,台北市信義區松智路17號B2,A-152473417-00001-2,餐飲場所
剛剛股份有限公司,52506917,台北市信義區光復南路473巷11弄38號,A-152506917-00001-4,餐飲場所
王將餐飲服務股份有限公司,52520299,台北市信義區忠孝東路5段8號B2,A-152520299-00004-6,餐飲場所
敏勝有限公司,52538880,台北市信義區松壽路30號,A-152538880-00001-8,餐飲場所
勁揚餐坊,38578544,台北市信義區松信路78號,A-200180727-00001-5,餐飲場所
寓所企業社,88135989,台北市信義區忠孝東路5段236巷2弄15號1樓,A-200180769-00001-1,餐飲場所
鈺饌小吃店,,台北市信義區忠孝東路5段169號、171號,A-200181077-00001-4,餐飲場所
和記豆漿店,88184123,台北市信義區和平東路3段463巷2之2號1樓,A-200181388-00001-9,餐飲場所
壹柒商行,88341030,台北市信義區永吉路278巷17號1樓,A-200181407-00001-1,餐飲場所
香香燒烤,72949989,台北市信義區松仁路289號,A-200181669-00001-1,餐飲場所
同記排骨酥專賣店,98892547,台北市信義區永吉路30巷167弄1號,A-200182857-00001-1,餐飲場所
晶品商行,42286956,台北市信義區松山路540巷9號1樓,A-200210526-00001-6,餐飲場所
幸福盒餐坊,10335758,台北市信義區吳興街48號,A-200210553-00001-6,餐飲場所
楊羊餐廳有限公司,,台北市信義區信義路6段18號,A-200210800-00001-1,餐飲場所
禾順豐湯包館,31800055,台北市信義區信義路6段111號1樓,A-200211913-00001-7,餐飲場所
美香美速食店,21716403,台北市信義區廣居里虎林街１２１巷１號,A-200212522-00001-4,餐飲場所
香廚小吃,,台北市信義區虎林街121巷3號,A-200212606-00002-8,餐飲場所
永吉豆漿早餐店,,台北市信義區永吉路423號,A-200212844-00001-1,餐飲場所
江浙知味村,25625143,台北市信義區吳興街156巷5號之一,A-200213067-00001-9,餐飲場所
金味源餐坊,72982157,台北市信義區吳興街16號1樓,A-200213179-00001-3,餐飲場所
躺著喝股份有限公司,83495035,台北市信義區吳興街53號,A-183495035-00011-7,餐飲場所
感受創新有限公司,83536155,台北市信義區基隆路1段145號之1一樓,A-183536155-00001-5,餐飲場所
金澤美味股份有限公司,83550796,台北市信義區忠孝東路四段505號7F,A-183550796-00002-3,餐飲場所
金澤美味股份有限公司,83550796,台北市信義區忠孝東路四段505號7F,A-183550796-00003-4,餐飲場所
康禾國際股份有限公司,83550959,台北市信義區松山路462號,A-183550959-00001-3,餐飲場所
李白正心有限公司,83563005,台北市信義區松高路12號B2F,A-183563005-00002-0,餐飲場所
李白正心有限公司,83563005,台北市信義區松壽路11號,A-183563005-00006-4,餐飲場所
飲多吉有限公司,83563309,台北市信義區忠孝東路5段15巷7號1樓,A-183563309-00001-6,餐飲場所
一週二次蔬食股份有限公司,83567728,台北市信義區松智路17號6樓,A-183567728-00006-0,餐飲場所
亨笠股份有限公司,83569492,台北市信義區松山路536號,A-183569492-00001-5,餐飲場所
鳳梨貓國際有限公司,83588723,台北市信義區基隆路二段131之24號3樓,A-183588723-00002-4,餐飲場所
阿爾法餐飲股份有限公司,83589309,台北市信義區松高路11號5樓,A-183589309-00003-6,餐飲場所
阿爾法餐飲股份有限公司,83589309,台北市信義區松壽路11號B2,A-183589309-00016-0,餐飲場所
阿爾法餐飲股份有限公司,83589309,台北市信義區忠孝東路五段149號1樓,A-183589309-00017-1,餐飲場所
阿爾法餐飲股份有限公司,83589309,台北市信義區忠孝東路五段8號B2,A-183589309-00023-8,餐飲場所
阿爾法餐飲股份有限公司,83589309,台北市信義區忠孝東路四段505號B2,A-183589309-00038-4,餐飲場所
永得正文化有限公司,83591086,台北市信義區松高路12號B1,A-183591086-00004-2,餐飲場所
饗樂餐飲實業股份有限公司信義松仁分公司,83593057,台北市信義區松仁路227號,A-183593057-00001-9,餐飲場所
喬沛有限公司,83597650,台北市信義區吳興街35號1樓,A-183597650-00001-2,餐飲場所
與鈞有限公司,93914711,台北市信義區松智路17號B1,A-193914711-00001-4,餐飲場所
洲際伺食股份有限公司,93926131,台北市信義區松高路12號B2,A-193926131-00003-5,餐飲場所
布諾食品有限公司,94002564,台北市信義區松高路12號,A-194002564-00007-5,餐飲場所
大巨星企業有限公司,94003803,台北市信義區忠孝東路4段515號D區1樓,A-194003803-00004-9,餐飲場所
哆邂生活股份有限公司,94029698,台北市信義區莊敬路325巷26號,A-194029698-00001-6,餐飲場所
惠比壽餐飲股份有限公司,94053330,台北市信義區逸仙路32巷15號1樓,A-194053330-00001-6,餐飲場所
刁民萊斯谷餐飲有限公司,94053401,台北市信義區松仁路101號地下1樓,A-194053401-00001-5,餐飲場所
雞博士餐飲股份有限公司,94086178,台北市信義區信安街196號,A-194086178-00004-5,餐飲場所
米古文創事業有限公司,94094698,台北市信義區松智路17號B2,A-194094698-00001-8,餐飲場所
昌聯有限公司,94106863,台北市信義區忠孝東路五段68號4樓,A-194106863-00001-6,餐飲場所
家的味道有限公司,94119380,台北市信義區市府路45號B1美食街03櫃位,A-194119380-00002-5,餐飲場所
延輝有限公司,94130499,台北市信義區基隆路2段131之5號,A-194130499-00001-8,餐飲場所
慵懶市府餐飲有限公司,94131357,台北市信義區忠孝東路5段71巷30號1樓,A-194131357-00001-2,餐飲場所
衡隆有限公司,94131737,台北市信義區松智路17號5樓,A-194131737-00001-4,餐飲場所
方軒餐飲事業股份有限公司,94137423,台北市信義區松高路19號B2,A-194137423-00002-3,餐飲場所
純萃領鮮有限公司,94139668,台北市信義區忠孝東路四段505號B2,A-194139668-00005-9,餐飲場所
雅食小吃店,,台北市信義區光復南路427號,A-200016408-00002-0,餐飲場所
瑞暢食品行,,台北市信義區忠孝東路五段8號B2樓,A-200017423-00002-8,餐飲場所
林員食品行,,台北市信義區松壽路11號,A-200017887-00001-1,餐飲場所
富陽早餐店,10331541,台北市信義區富陽街17號,A-200019068-00001-4,餐飲場所
料理王自助餐店,48875305,台北市信義區吳興街269巷1弄1號,A-200110143-00001-0,餐飲場所
這義家義大利麵,,台北市信義區吳興街281巷7號,A-200110389-00001-2,餐飲場所
麥軒手工養生饅頭店,,台北市信義區莊敬路258號,A-200111192-00002-6,餐飲場所
台北老芋麵館有限公司,,台北市信義區松德路69號1樓,A-200111319-00001-6,餐飲場所
鮮好味餐館,,台北市信義區林口街７４號,A-200131081-00001-4,餐飲場所
增鮮小吃店,,台北市信義區林口街82號1樓,A-200131082-00001-5,餐飲場所
東海食品店,,台北市信義區松德路261號,A-200131218-00001-6,餐飲場所
紅燕早午料理,31850358,台北市信義區吳興街275號,A-200131532-00001-5,餐飲場所
中一小吃店,72930004,台北市信義區忠孝東路5段446號,A-200131612-00001-4,餐飲場所
丁賢商行,,台北市信義區永吉路30巷92號1樓,A-200131714-00001-7,餐飲場所
綠豆蒜啥咪有限公司,,台北市信義區松壽路11號B2,A-200131738-00003-5,餐飲場所
疆六張小店,42380214,台北市信義區基隆路二段１５１―７號,A-200131809-00001-2,餐飲場所
蘇室設計股份有限公司,,台北市信義區信義路五段16號-2,A-200132210-00001-9,餐飲場所
紅蕃茄餐飲事業有限公司,24399710,台北市信義區松仁路3號,A-124399710-00050-8,餐飲場所
紅茗國際有限公司,24424513,台北市信義區和平東路三段163號,A-124424513-00063-2,餐飲場所
香繼光股份有限公司,24435384,台北市信義區松高路12號B2 B2065櫃位,A-124435384-00062-9,餐飲場所
香繼光股份有限公司,24435384,台北市信義區忠孝東路五段8號B2(櫃位編號B2-209-1),A-124435384-00100-2,餐飲場所
香繼光股份有限公司,24435384,台北市信義區松壽路12號(櫃號1F-25),A-124435384-00141-7,餐飲場所
香繼光股份有限公司,24435384,台北市信義區松山路11號(櫃位B1501),A-124435384-00166-4,餐飲場所
香繼光股份有限公司,24435384,台北市信義區忠孝東路四段505號B2,A-124435384-00217-1,餐飲場所
法雅食品有限公司,24442619,台北市信義區松高路12號(新光三越A8 地下二樓),A-124442619-00021-3,餐飲場所
法雅食品有限公司,24442619,台北市信義區市府路45號B1F(地下一樓),A-124442619-00028-0,餐飲場所
法雅食品有限公司,24442619,台北市信義區忠孝東路4段505號(地下二樓),A-124442619-00029-1,餐飲場所
鴻泰鼎股份有限公司,,台北市信義區基隆路2段83號,A-124462017-00001-5,餐飲場所
松德早餐店,25556589,台北市信義區松德路211號1樓,A-125556589-00001-4,餐飲場所
漢陽小吃店,25556737,台北市信義區基隆路1段380巷6號,A-125556737-00001-9,餐飲場所
臺北德芳美早餐店,25561886,台北市信義區福德街268巷41號,A-125561886-00001-0,餐飲場所
達梭紐實業商坊,82151856,台北市信義區基隆路1段350之17號1樓,F-182151856-00001-0,餐飲場所
台灣東家食品股份有限公司,86740953,台北市信義區信義路6段22號,A-186740953-00001-1,餐飲場所
美德耐股份有限公司,86863531,台北市信義區吳興街250號,A-186863531-00578-8,餐飲場所
美德耐股份有限公司,86863531,台北市信義區吳興街252號,A-186863531-00588-9,餐飲場所
路加蔬果行,87304183,台北市信義區信義區菸廠路88號B1,A-187304183-00003-5,餐飲場所
稷旺商行,87480081,台北市信義區松仁路58號B3,A-187480081-00002-6,餐飲場所
青丘苑餐館,87504339,台北市信義區松高路12號,A-187504339-00002-9,餐飲場所
美三企業社,88087086,台北市信義區吳興街29號1樓,A-188087086-00001-4,餐飲場所
魚京行,88088120,台北市信義區忠孝東路5段252號,A-188088120-00001-4,餐飲場所
宏凱淑君家商行,88088830,台北市信義區永吉路30巷157弄7號,A-188088830-00001-2,餐飲場所
早莊家朝食製作所,88103760,台北市信義區吳興街284巷20弄29號1樓,A-188103760-00001-2,餐飲場所
正宗花雕雞粵式餐廳,88115055,台北市信義區松仁路58號B3,A-188115055-00001-2,餐飲場所
凱文商行,88135398,台北市信義區松壽路12號10樓,A-188135398-00001-4,餐飲場所
九圖餐飲小吃店,88136045,台北市信義區信義路4段415之2號,A-188136045-00001-4,餐飲場所
禾奕企業社,88137473,台北市信義區莊敬路319號,A-188137473-00001-0,餐飲場所
食壯哥餐盒本舖,88137939,台北市信義區松山路540巷16號一樓,A-188137939-00001-7,餐飲場所
吉鵲工作室,88138085,台北市信義區忠孝東路5段236巷3弄19號,A-188138085-00001-0,餐飲場所
赫太行,88138901,台北市信義區逸仙路42巷17號1樓,A-188138901-00001-7,餐飲場所
珍氏小吃店,88139330,台北市信義區台北市信義區永吉路120巷1號1樓,A-188139330-00001-4,餐飲場所
盈廣小吃店,88140717,台北市信義區忠孝東路5段423巷36號,A-188140717-00001-5,餐飲場所
肉得慌食堂,88141413,台北市信義區基隆路一段147巷15號,A-188141413-00001-9,餐飲場所
怡兒企業社,88144376,台北市信義區莊敬路407號1樓,A-188144376-00001-0,餐飲場所
沖茶商行,88145001,台北市信義區忠孝東路5段236巷8號,A-188145001-00001-6,餐飲場所
永鑫小吃店,88145282,台北市信義區永吉路30巷99之2號,A-188145282-00001-7,餐飲場所
陳彩小吃店,88145760,台北市信義區永吉路30巷157弄12號,A-188145760-00001-8,餐飲場所
來軒有限公司,85089363,台北市信義區信義路6段106號,A-185089363-00001-1,餐飲場所
鄭合有限公司,85092445,台北市信義區松高路11號 誠品信義旗艦店B2,A-185092445-00003-8,餐飲場所
獵人餐飲有限公司,85099720,台北市信義區松山路572號1樓,A-185099720-00001-9,餐飲場所
獵人餐飲有限公司,85099720,台北市信義區福德街280號,A-185099720-00002-0,餐飲場所
新肴台灣餐飲股份有限公司,85110062,台北市信義區松高路12號3樓,A-185110062-00004-5,餐飲場所
新誥有限公司,85110302,台北市信義區忠孝東路四段515號1樓1004櫃,A-185110302-00003-1,餐飲場所
心潮飯店有限公司,85121878,台北市信義區忠孝東路五段68號,A-185121878-00001-9,餐飲場所
心潮飯店有限公司,85121878,台北市信義區松智路17號四樓,A-185121878-00002-0,餐飲場所
守富企業社,85434864,台北市信義區忠孝東路5段800號12樓之13,A-185434864-00001-1,餐飲場所
鼎泰豐小吃店股份有限公司,86125275,台北市信義區市府路45號B1,A-186125275-00006-0,餐飲場所
鼎泰豐小吃店股份有限公司,86125275,台北市信義區松高路19號B2,A-186125275-00011-6,餐飲場所
鼎泰豐小吃店股份有限公司,86125275,台北市信義區松仁路58號1樓,A-186125275-00014-9,餐飲場所
豐潤餐飲有限公司,90623886,台北市信義區松壽路9號6樓,A-190623886-00001-1,餐飲場所
樂陶國際餐飲股份有限公司,90624647,台北市信義區松壽路12號,A-190624647-00002-8,餐飲場所
饗樂餐飲實業股份有限公司信義信安分公司,90628186,台北市信義區信安街127號(1樓),A-190628186-00001-9,餐飲場所
逐鹿餐飲有限公司,90632908,台北市信義區松壽路12號,A-190632908-00007-2,餐飲場所
順喜餐飲有限公司,90648752,台北市信義區忠孝東路4段553巷6弄12號,A-190648752-00001-0,餐飲場所
宜窩餐飲有限公司,90664507,台北市信義區嘉興街8號,A-190664507-00001-6,餐飲場所
格陸誼有限公司,90669088,台北市信義區松智路17號2樓,A-190669088-00001-5,餐飲場所
格陸誼有限公司,90669088,台北市信義區菸廠陸88號1樓,A-190669088-00002-6,餐飲場所
樂丹有限公司,90744657,台北市信義區莊敬路325巷10號1樓,A-190744657-00001-1,餐飲場所
御皇國際有限公司,90749180,台北市信義區吳興街104號1樓,A-190749180-00003-9,餐飲場所
康那芝國際有限公司,90755730,台北市信義區松高路12號B2,A-190755730-00001-5,餐飲場所
享美學國際股份有限公司,90770606,台北市信義區莊敬路367號,A-190770606-00002-5,餐飲場所
呷舒食小吃店,88224841,台北市信義區和平東路3段329號1樓,A-200231211-00001-0,餐飲場所
三詮商行,88223478,台北市信義區松山路474號1樓,A-200231548-00001-3,餐飲場所
厚呷手作蛋餅店,88284761,台北市信義區吳興街284巷11號1樓,A-200231789-00001-0,餐飲場所
府城小吃店,14345722,台北市信義區興隆里基隆路一段３５０之６１號,A-200231812-00001-7,餐飲場所
柒人串燒屋,38511946,台北市信義區永吉路30巷122號,A-200231976-00001-8,餐飲場所
阿芬食品行,15666257,台北市信義區光復南路417巷219號,A-200231983-00001-6,餐飲場所
兆雨餐飲館,88208440,台北市信義區光復南路447之24號,A-200232003-00001-0,餐飲場所
飯點台式自助餐,88165110,台北市信義區逸仙路50巷8號、10號1樓,A-200232259-00001-3,餐飲場所
從心餐飲店,72921011,台北市信義區忠孝東路5段372巷27弄77之1號1樓,A-200232284-00001-1,餐飲場所
逸仙素食館,81704227,台北市信義區逸仙路50巷14號1樓,A-200232340-00001-4,餐飲場所
隋吉商行,88203424,台北市信義區忠孝東路4段553巷22弄2之1號,A-200232673-00001-3,餐飲場所
溱鍋餐飲店,26232700,台北市信義區莊敬路224號,A-200232845-00001-4,餐飲場所
暖男炸雞店,88239817,台北市信義區永吉路３０巷１２２號１樓（旁空地攤位）,A-200233053-00001-6,餐飲場所
今綾小吃店,31846361,台北市信義區忠孝東路5段783號2樓,A-200242784-00001-7,餐飲場所
挖五雞鹹酥雞炸物專賣,,台北市信義區虎林街60巷1號一樓,A-200242951-00001-3,餐飲場所
客滿滿小吃店,88301332,台北市信義區崇德街107號1樓,A-200243234-00001-8,餐飲場所
排隊小吃店,88302135,台北市信義區福德街87號1樓,A-200243239-00001-3,餐飲場所
越美麗牛肉河粉,,台北市信義區信安街190號,A-200243780-00001-4,餐飲場所
饌食詣有限公司,53318408,台北市信義區忠孝東路5段189號1樓,A-200244004-00001-4,餐飲場所
炭修商行,,台北市信義區基隆路1段188號,A-200244165-00001-2,餐飲場所
飯丸,,台北市信義區中坡南路70巷1號,A-200244341-00001-8,餐飲場所
維納斯早午餐,88229753,台北市信義區莊敬路423巷8弄6號,A-200244611-00001-8,餐飲場所
林斯漢堡美式餐館,88301712,台北市信義區和平東路三段173號1樓,A-200244978-00001-4,餐飲場所
勇伯餐飲店,88298646,台北市信義區福德街53號,A-200245235-00001-1,餐飲場所
原過餐飲有限公司,,台北市信義區忠孝東路5段510號之4,A-200245245-00001-2,餐飲場所
周家小吃店,48699814,台北市信義區松德路169巷23號1樓,A-202282827-00001-1,餐飲場所
串燒小次郎股份有限公司,,台北市信義區永吉路30巷102弄8號,A-202283949-00001-7,餐飲場所
十方咖哩,88307912,台北市信義區崇德街101號,A-202284395-00001-3,餐飲場所
潔古企業社,00570568,台北市信義區松山路１１號地下１樓,A-202297749-00001-0,餐飲場所
五斗米,,台北市信義區吳興街250號B1,A-202297823-00001-3,餐飲場所
柏曄有限公司,00146016,台北市信義區松德路59號,A-202297826-00001-6,餐飲場所
天賦量化資本股份有限公司,00119931,台北市信義區基隆路2段39巷33號1樓,A-202297867-00001-1,餐飲場所
十二號食堂,,台北市信義區永吉路278巷12號1樓,A-202297908-00001-7,餐飲場所
幸福時光甜點工作室,,台北市信義區松山路523號,A-202297950-00001-4,餐飲場所
盒作社商行,60023474,台北市信義區基隆路二段131-24號,A-202298008-00001-9,餐飲場所
喜廚雞肉飯滷肉飯,,台北市信義區虎林街121巷3號1樓,A-202298185-00001-5,餐飲場所
侑榕恩工作室,93190363,台北市信義區永吉路30巷77號,A-202298206-00001-9,餐飲場所
想你鮮果企業社,88208434,台北市信義區忠孝東路5段71巷9號,A-202298319-00001-4,餐飲場所
若妍富辰有限公司,00100460,台北市信義區永吉路30巷167弄1號,A-202298470-00001-2,餐飲場所
哈哈小吃商行,00542661,台北市信義區忠孝東路5段423巷70號1樓,A-202298478-00001-0,餐飲場所
育婷小吃店,,台北市信義區永吉路225巷2弄1號1樓,A-202298823-00001-4,餐飲場所
夯嘎逼商行,00544210,台北市信義區忠孝東路5段71巷38號1樓,A-202298971-00001-8,餐飲場所
澄澄甜點店,00540559,台北市信義區富陽街12號,A-202298976-00001-3,餐飲場所
羞蛋幾勒,,台北市信義區林口街26號,A-202299589-00001-4,餐飲場所
晨映開有限公司,00097084,台北市信義區永吉路30巷157弄15號1樓,A-202299626-00001-6,餐飲場所
狀元香滷味吳興街公車總站加盟店,,台北市信義區吳興街569號,A-202300153-00001-4,餐飲場所
參禾食堂,00549382,台北市信義區永吉路134號,A-202300162-00001-4,餐飲場所
維維風國際股份有限公司,42622894,台北市信義區松德路42號1樓,A-142622894-00017-3,餐飲場所
摩熹餐飲股份有限公司,42627949,台北市信義區莊敬路178巷15號,A-142627949-00002-3,餐飲場所
點點心股份有限公司,42634580,台北市信義區忠孝東路五段68號B1樓,A-142634580-00001-1,餐飲場所
點點心股份有限公司,42634580,台北市信義區松壽路12號,A-142634580-00044-8,餐飲場所
叡吉國際有限公司,42635960,台北市信義區忠孝東路五段71巷25號一樓,A-142635960-00001-4,餐飲場所
小樽手作珈琲股份有限公司,42636004,台北市信義區松壽路11號2樓,A-142636004-00001-4,餐飲場所
小樽手作珈琲股份有限公司,42636004,台北市信義區忠孝東路5段68號4樓,A-142636004-00004-7,餐飲場所
小樽手作珈琲股份有限公司,42636004,台北市信義區松智路17號7樓,A-142636004-00005-8,餐飲場所
康詩國際有限公司,42636124,台北市信義區松高路12號B2,A-142636124-00008-4,餐飲場所
原始碼智慧股份有限公司,42645192,台北市信義區松壽路12號3樓32009櫃位,A-142645192-00005-6,餐飲場所
維利揚有限公司,42645587,台北市信義區松高路12號,A-142645587-00003-2,餐飲場所
善菓餐飲國際股份有限公司,52801642,台北市信義區松仁路58號B3F,A-152801642-00011-8,餐飲場所
善菓餐飲國際股份有限公司,52801642,台北市信義區松高路12號B2F,A-152801642-00013-0,餐飲場所
善菓餐飲國際股份有限公司,52801642,台北市信義區松壽路11號B2美食街,A-152801642-00015-2,餐飲場所
勝牛有限公司,52822560,台北市信義區忠孝東路5段412之6號1樓,A-152822560-00001-9,餐飲場所
泰鴻食品股份有限公司,52851348,台北市信義區忠孝東路四段553巷22弄13號,A-152851348-00001-5,餐飲場所
良呈橘時有限公司,52857504,台北市信義區大道路22號,A-152857504-00006-0,餐飲場所
成名企業有限公司,52864738,台北市信義區松壽路12號,A-152864738-00001-2,餐飲場所
布格里股份有限公司,52871225,台北市信義區松壽路11號B2樓,A-152871225-00003-3,餐飲場所
笙棚有限公司,52873173,台北市信義區永吉路30巷29號1樓,A-152873173-00002-6,餐飲場所
心月餐廳有限公司,52875030,台北市信義區信義路4段466號1樓,A-152875030-00001-9,餐飲場所
沐陞有限公司,52881785,台北市信義區松高路16號B2,A-152881785-00002-4,餐飲場所
沐陞有限公司,52881785,台北市信義區松高路12號B2,A-152881785-00004-6,餐飲場所
沐陞有限公司,52881785,台北市信義區忠孝東路五段68號4樓,A-152881785-00005-7,餐飲場所
沐陞有限公司,52881785,台北市信義區忠孝東路五段8號B2,A-152881785-00009-1,餐飲場所
夜問永春餐飲事業有限公司,52891593,台北市信義區松德路12號,A-152891593-00001-1,餐飲場所
台北雞湯大叔民生股份有限公司,52918018,台北市信義區台北市信義區松高路11號5樓,A-152918018-00003-5,餐飲場所
台灣壽司郎股份有限公司,52929520,台北市信義區忠孝東路五段297-1號1樓,A-152929520-00013-6,餐飲場所
台灣壽司郎股份有限公司,52929520,台北市信義區松智路17號B1,A-152929520-00056-3,餐飲場所
台灣壽司郎股份有限公司,52929520,台北市信義區忠孝東路四段505號B2,A-152929520-00057-4,餐飲場所
橘焱胡同國際股份有限公司,53352952,台北市信義區忠孝東路五段68號4樓,A-153352952-00054-1,餐飲場所
橘焱胡同國際股份有限公司,53352952,台北市信義區忠孝東路四段505號8F,A-153352952-00061-9,餐飲場所
咖碼股份有限公司,53353122,台北市信義區松高路12號A8B2,A-153353122-00042-8,餐飲場所
咖碼股份有限公司,53353122,台北市信義區松仁路207-1號,A-153353122-00047-3,餐飲場所
咖碼股份有限公司,53353122,台北市信義區松仁路100號19樓 東北角櫃位,A-153353122-00584-9,餐飲場所
咖碼股份有限公司,53353122,台北市信義區松山路11號B1F(米淇商場G1櫃位),A-153353122-00594-0,餐飲場所
咖碼股份有限公司,53353122,台北市信義區松德路163號,A-153353122-00780-7,餐飲場所
咖碼股份有限公司,53353122,台北市信義區光復南路133號,A-153353122-00802-2,餐飲場所
咖碼股份有限公司,53353122,台北市信義區松山路11號B1,A-153353122-00834-7,餐飲場所
咖碼股份有限公司,53353122,台北市信義區忠孝東路五段520號,A-153353122-00842-6,餐飲場所
咖碼股份有限公司,53353122,台北市信義區吳興街42號,A-153353122-00848-2,餐飲場所
祥福文創有限公司,53354712,台北市信義區松德路171號b1,A-153354712-00001-9,餐飲場所
黑沃餐飲股份有限公司,53397851,台北市信義區忠孝東路5段71巷38號,A-153397851-00029-0,餐飲場所
黑沃餐飲股份有限公司,53397851,台北市信義區松壽路20號A17,A-153397851-00031-3,餐飲場所
黑沃餐飲股份有限公司,53397851,台北市信義區基隆路一段190巷7號,A-153397851-00067-2,餐飲場所
大灣碼頭餐飲股份有限公司,53438327,台北市信義區松隆路1號,A-153438327-00001-4,餐飲場所
大灣碼頭餐飲股份有限公司,53438327,台北市信義區基隆路一段149號,A-153438327-00003-6,餐飲場所
一品成有限公司,53520971,台北市信義區松仁路28號B2,A-153520971-00002-2,餐飲場所
朗露企業股份有限公司,53528523,台北市信義區信義路4段379號1樓,A-153528523-00001-2,餐飲場所
天仁茶業股份有限公司,18559415,台北市信義區松山路11號1樓,A-118559415-00304-3,餐飲場所
天仁茶業股份有限公司,18559415,台北市信義區松智路17號B2,A-118559415-00315-5,餐飲場所
天仁茶業股份有限公司,18559415,台北市信義區松仁路58號B3,A-118559415-00324-5,餐飲場所
天仁茶業股份有限公司,18559415,台北市信義區松高路11號B2,A-118559415-00355-9,餐飲場所
天仁茶業股份有限公司,18559415,台北市信義區忠孝東路四段505號B2F,A-118559415-00367-2,餐飲場所
臺北市信義區信義國小,,台北市信義區松勤街60號,A-121001574-00001-9,餐飲場所
臺北市信義區信義國中,,台北市信義區松仁路158巷1號,A-121003720-00001-4,餐飲場所
統健實業股份有限公司,21251214,台北市信義區忠孝東路五段394號1樓,A-121251214-00198-4,餐飲場所
統健實業股份有限公司,21251214,台北市信義區莊敬路382號1樓,A-121251214-00208-6,餐飲場所
丸福珈琲豆坊,72921146,台北市信義區莊敬路341巷7號1樓,A-200148827-00001-0,餐飲場所
蘋果肉桂有限公司,54660871,台北市信義區松山路540巷3弄4號,A-200148950-00001-7,餐飲場所
好帝一沙茶牛羊肉食堂,72991249,台北市信義區虎林街235號1樓,A-200149012-00001-7,餐飲場所
初飽滷大腸麵線,,台北市信義區松山路522號,A-200149151-00001-1,餐飲場所
欣京九,,台北市信義區松高路12號,A-200149189-00001-2,餐飲場所
壹鮮商行,42355685,台北市信義區大道路107號,A-200149232-00001-1,餐飲場所
空軍涼麵,42369365,台北市信義區基隆路1段101巷11號,A-200149250-00001-1,餐飲場所
韓味企業有限公司,96823046,台北市信義區林口街66巷2號,A-200149402-00001-0,餐飲場所
義鼎發廚房,,台北市信義區莊敬路201號,A-200149769-00001-6,餐飲場所
鰹魚乾拌王,88340383,台北市信義區吳興街284巷5號1樓,A-200149777-00001-5,餐飲場所
宇澄號企業社,,台北市信義區忠孝東路4段553巷6弄9號,A-200149845-00001-1,餐飲場所
尚好嘉小吃店,,台北市信義區永吉路30巷89號,A-200149862-00001-0,餐飲場所
站著賺股份有限公司,,台北市信義區永吉路30巷101弄10號,A-200166319-00001-6,餐飲場所
沛洋商行,79805749,台北市信義區吳興街168-1號,A-200166566-00001-0,餐飲場所
紅品輕食餐坊,,台北市信義區景勤里吳興街１３８號１樓,A-200166627-00001-8,餐飲場所
七呀八早午餐店,,台北市信義區吳興街284巷1號,A-200167206-00001-2,餐飲場所
展欣商行,79800300,台北市信義區莊敬路391巷1弄2號,A-200173036-00001-0,餐飲場所
四季小吃店,38510171,台北市信義區莊敬路450號,A-200173276-00001-6,餐飲場所
豬員外豬脚飯,,台北市信義區虎林街132巷35號1樓,A-200173288-00001-9,餐飲場所
尚鼎麻辣鍋店,72922840,台北市信義區松信路30號,A-200173291-00001-3,餐飲場所
何明鴨庄,26369108,台北市信義區福德街９號１樓,A-200173351-00001-0,餐飲場所
廖彥珽,,台北市信義區虎林街101巷6號,A-200173387-00001-9,餐飲場所
三隻小豬小吃店,48999299,台北市信義區松隆路22號,A-200173400-00001-5,餐飲場所
瑛國奶奶有限公司,55661308,台北市信義區基隆路一段147巷28號一樓,A-200173604-00001-1,餐飲場所
雅食小吃店,25583122,台北市信義區光復南路427號1樓,A-125583122-00002-8,餐飲場所
珍品九如麵食館,25654012,台北市信義區忠孝東路5段141號1樓,A-125654012-00001-4,餐飲場所
珍味臭臭鍋,25658328,台北市信義區吳興街281巷5號1樓,A-125658328-00001-8,餐飲場所
世貿茶館,25659902,台北市信義區吳興街229號,A-125659902-00001-7,餐飲場所
拉月餐飲店,26209166,台北市信義區忠孝東路4段553巷2弄3號,A-126209166-00001-1,餐飲場所
吉富餐飲商行,26218854,台北市信義區基隆路1段188之2號,A-126218854-00001-5,餐飲場所
和樂義麵屋,26224455,台北市信義區信安街188號,A-126224455-00001-9,餐飲場所
嘉馨企業社,41077684,台北市信義區松壽路11號地下二樓,F-141077684-00001-1,餐飲場所
布丁早午餐,88149040,台北市信義區松仁路232號1樓,A-188149040-00001-3,餐飲場所
鴻城食堂,88149153,台北市信義區莊敬路423巷2弄1號,A-188149153-00001-8,餐飲場所
纖饌美食坊,88149457,台北市信義區忠孝東路5段71巷28號,A-188149457-00001-5,餐飲場所
日日新商行,88151615,台北市信義區忠孝東路4段559巷16弄13號,A-188151615-00001-4,餐飲場所
沁心商行,88152305,台北市信義區忠孝東路5段362號1樓,A-188152305-00001-1,餐飲場所
時旅咖啡,88152473,台北市信義區虎林街132巷45號1樓,A-188152473-00001-7,餐飲場所
嗎哪茶飲文化企業社,88152558,台北市信義區松山路459號,A-188152558-00001-1,餐飲場所
百軒商行,88152733,台北市信義區莊敬路271號1樓,A-188152733-00001-6,餐飲場所
潭味台南虱目魚店,88155773,台北市信義區松山路466號,A-188155773-00001-3,餐飲場所
晨根棧店鋪,88157603,台北市信義區莊敬路391巷7號1樓,A-188157603-00001-7,餐飲場所
滿鑫閣餐飲行,88158379,台北市信義區莊敬路401號,A-188158379-00001-8,餐飲場所
良誠餐飲商店,88159476,台北市信義區忠孝東路4段553巷22弄10號,A-188159476-00001-7,餐飲場所
智勝鮮食飲食店,88160179,台北市信義區光復南路419巷103號1樓,A-188160179-00001-9,餐飲場所
雞氏商號,88160945,台北市信義區光復南路419巷76號1樓,A-188160945-00001-0,餐飲場所
川幫子美食坊,88161851,台北市信義區松山路540巷11號,A-188161851-00001-7,餐飲場所
丸饗餐飲企業社,88163458,台北市信義區忠孝東路4段559巷16弄1號1樓,A-188163458-00001-2,餐飲場所
大四寶食堂,88163817,台北市信義區莊敬路405號1樓,A-188163817-00001-1,餐飲場所
倪品活蝦小吃店,88164739,台北市信義區忠孝東路5段195號1樓,A-188164739-00001-5,餐飲場所
克麗德台灣娛樂有限公司,93369297,台北市信義區松壽路12號7樓,A-193369297-00001-7,餐飲場所
初呼御料股份有限公司莊敬分公司,93489949,台北市信義區莊敬路433號（1樓）,A-193489949-00001-4,餐飲場所
膳梓股份有限公司,93498481,台北市信義區松壽路9號6樓(新光三越A9),A-193498481-00001-5,餐飲場所
岩漿觀光餐飲股份有限公司,93498905,台北市信義區忠孝東路五段68號4樓,A-193498905-00001-6,餐飲場所
我的餐飲有限公司,93516489,台北市信義區嘉興街181巷9弄40號1樓,A-193516489-00001-4,餐飲場所
尚碩生活科技股份有限公司,93522102,台北市信義區信義路五段五號二樓 (台北世界貿易中心二樓美食區),A-193522102-00008-0,餐飲場所
創夜晚來了股份有限公司,93522118,台北市信義區松壽路12號1樓-31,A-193522118-00001-0,餐飲場所
御成聯合股份有限公司,93526016,台北市信義區松智路17號B1,A-193526016-00002-2,餐飲場所
台灣樂蝦拉麵有限公司,93536106,台北市信義區松智路17號地下二樓,A-193536106-00001-2,餐飲場所
輕靚美健康家事業有限公司,93536416,台北市信義區嘉興街28號,A-193536416-00002-7,餐飲場所
歡唱公園股份有限公司,93545999,台北市信義區松壽路12號10樓,A-193545999-00001-2,餐飲場所
筑員屋餐飲股份有限公司,93547309,台北市信義區松壽路22號3樓,A-193547309-00006-4,餐飲場所
台灣樂天小香港有限公司,93548187,台北市信義區忠孝東路四段515號(D棟地下2層B2204、B2205),A-193548187-00001-4,餐飲場所
已田商行股份有限公司,93557072,台北市信義區吳興街117號1樓,A-193557072-00001-7,餐飲場所
鑫光威登股份有限公司,93598340,台北市信義區忠孝東路四段559巷14號,A-193598340-00025-6,餐飲場所
液藝有限公司,93598382,台北市信義區光復南路417號之3一樓,A-193598382-00001-6,餐飲場所
鴻膳行,99697368,台北市信義區松智路17號B2F,A-199697368-00024-1,餐飲場所
豆工房咖啡商行,99984306,台北市信義區忠孝東路5段1之8號1樓,A-199984306-00002-8,餐飲場所
饗樂餐飲實業股份有限公司信義永吉分公司,99995943,台北市信義區永吉路120巷1號(1樓),A-199995943-00001-6,餐飲場所
雙印食品有限公司,,台北市信義區松高路19號6樓,A-200000317-00004-4,餐飲場所
紅耀食品有限公司,25101976,台北市信義區松壽路11號地下二樓,A-200000459-00002-9,餐飲場所
紅耀食品有限公司,25101976,台北市信義區市府路45號5樓,A-200000459-00006-3,餐飲場所
紅耀食品有限公司,25101976,台北市信義區松高路12號地下二樓,A-200000459-00007-4,餐飲場所
兆順食品有限公司,13104295,台北市信義區基隆路2段91號,A-200000543-00001-2,餐飲場所
良品臭臭鍋,,台北市信義區松山路443號,A-200001031-00001-5,餐飲場所
三十而立餐飲店,,台北市信義區忠孝東路五段485號1樓,A-200006031-00001-0,餐飲場所
皇后先生餐飲有限公司,,台北市信義區吳興街250號,A-200060931-00001-9,餐飲場所
建萬０３０４號（余長恩）,15905784,台北市信義區虎林街82巷3號1樓,A-200064122-00004-8,餐飲場所
鄉村食品行,01517692,台北市信義區吳興街227號1樓,A-200104017-00001-3,餐飲場所
兄妹早餐店,29215894,台北市信義區永吉路30巷119之1號1樓,A-200104374-00001-9,餐飲場所
嗨!早餐店,,台北市信義區永吉路180巷66弄30號1樓,A-200104387-00001-3,餐飲場所
永春精緻早餐店,21737934,台北市信義區虎林街82巷84號1樓,A-200104407-00001-6,餐飲場所
永春小榷幸早午餐,25629984,台北市信義區虎林街82巷29-1號,A-200104670-00001-8,餐飲場所
日富一日餐飲商行,93122302,台北市信義區忠孝東路5段372巷27弄75號1樓,A-193122302-00001-1,餐飲場所
沐晨企業社,93124343,台北市信義區松山路532號,A-193124343-00001-8,餐飲場所
実正拉麵舖,93126314,台北市信義區信義路5段150巷14弄2之2號1樓,A-193126314-00001-8,餐飲場所
盈順早午餐,93128299,台北市信義區莊敬路325巷44號,A-193128299-00001-2,餐飲場所
雞雞炸炸行,93129522,台北市信義區莊敬路355號1樓,A-193129522-00001-2,餐飲場所
彼岸小吃店,93131055,台北市信義區泰和里吳興街577號,A-193131055-00001-6,餐飲場所
九六企業社,93134573,台北市信義區永吉路30巷7號1樓,A-193134573-00001-4,餐飲場所
衆意企業社,93137473,台北市信義區興雅里基隆路1段147巷54號1樓,A-193137473-00001-6,餐飲場所
時時好喝專科商行,93137804,台北市信義區忠孝東路5段71巷38號1樓,A-193137804-00001-4,餐飲場所
良陳吉食食坊,93139232,台北市信義區福德街256號1樓,A-193139232-00001-1,餐飲場所
布雍家餐館,93139373,台北市信義區忠孝東路五段71巷32弄2號1樓,A-193139373-00001-7,餐飲場所
黃粥食府,93139492,台北市信義區信義路6段89號1樓,A-193139492-00001-9,餐飲場所
巧仙企業社,93139681,台北市信義區吳興街33號1樓,A-193139681-00001-9,餐飲場所
美香商行,93141238,台北市信義區崇德街95號1樓,A-193141238-00001-0,餐飲場所
舊午春商行,93143242,台北市信義區永吉路30巷158弄16號,A-193143242-00001-7,餐飲場所
黃大隆企業社,93144278,台北市信義區忠孝東路5段71巷18號1樓,A-193144278-00001-7,餐飲場所
爭鮮股份有限公司,97286918,台北市信義區松山路460號1樓,A-197286918-00021-1,餐飲場所
爭鮮股份有限公司,97286918,台北市信義區吳興街273號1樓,A-197286918-00029-9,餐飲場所
爭鮮股份有限公司,97286918,台北市信義區松山路11號1樓,A-197286918-00030-1,餐飲場所
爭鮮股份有限公司,97286918,台北市信義區松山路11號,A-197286918-00177-3,餐飲場所
爭鮮股份有限公司,97286918,台北市信義區忠孝東路五段6號1樓,A-197286918-00277-4,餐飲場所
爭鮮股份有限公司,97286918,台北市信義區松壽路12號5樓,A-197286918-00321-4,餐飲場所
爭鮮股份有限公司,97286918,台北市信義區忠孝東路五段51號,A-197286918-00374-2,餐飲場所
爭鮮股份有限公司,97286918,台北市信義區菸廠路88號3樓,A-197286918-00378-6,餐飲場所
爭鮮股份有限公司,97286918,台北市信義區松山路11號B1(台鐵松山B1),A-197286918-00762-3,餐飲場所
爭鮮股份有限公司,97286918,台北市信義區吳興街235號,A-197286918-00875-8,餐飲場所
三商餐飲股份有限公司,97301707,台北市信義區永吉路343號1樓,A-197301707-00013-6,餐飲場所
三商餐飲股份有限公司,97301707,台北市信義區東興路37號1樓,A-197301707-00126-1,餐飲場所
三商餐飲股份有限公司,97301707,台北市信義區東興路45號1F,A-197301707-00321-8,餐飲場所
三商餐飲股份有限公司,97301707,台北市信義區基隆路二段13號1樓及13-1號1樓,A-197301707-00353-3,餐飲場所
三商餐飲股份有限公司,97301707,台北市信義區松壽路１２號５樓,A-197301707-00362-3,餐飲場所
三商餐飲股份有限公司,97301707,台北市信義區忠孝東路五段297號B1,A-197301707-00549-0,餐飲場所
三商餐飲股份有限公司,97301707,台北市信義區忠孝東路五段135號2樓,A-197301707-00567-0,餐飲場所
三商餐飲股份有限公司,97301707,台北市信義區忠孝東路五段297號B1,A-197301707-00618-7,餐飲場所
三商餐飲股份有限公司,97301707,台北市信義區莊敬路461號1樓,A-197301707-00655-8,餐飲場所
依千小吃店,42507254,台北市信義區信義路六段39號1樓,A-200090099-00001-7,餐飲場所
吐心司早餐店,,台北市信義區虎林街132巷44號,A-200142355-00001-0,餐飲場所
壹號拌,42542436,台北市信義區虎林街36之1號,A-200142491-00001-1,餐飲場所
瑰秘餐館,42514706,台北市信義區基隆路2段149之53號,A-200142857-00001-7,餐飲場所
野草盒子工作室,85151605,台北市信義區永吉路30巷167弄3號,A-200143188-00001-5,餐飲場所
阿菊傳統美食小吃店,,台北市信義區莊敬路262號1樓,A-200143553-00001-1,餐飲場所
菁豬小吃店,75578588,台北市信義區吳興街28號1樓,A-200143590-00001-2,餐飲場所
鴨香煲_松山虎林店,,台北市信義區虎林街60巷2號,A-200161720-00001-7,餐飲場所
快樂芯小吃坊,,台北市信義區大道路80號1樓,A-200161810-00001-7,餐飲場所
秉甘手作飲品商行,,台北市信義區松山路105號1樓,A-200161856-00001-7,餐飲場所
美佳佳早午餐,,台北市信義區松德路169巷25號1樓,A-200162197-00001-6,餐飲場所
百亨堂文創股份有限公司,53774003,台北市信義區忠孝東路五段165巷3弄6號,A-200157803-00001-4,餐飲場所
承希食坊,,台北市信義區松光里松山路541巷26號,A-200157826-00001-9,餐飲場所
漢斯與黛兒餐館,,台北市信義區嘉興街216巷12號1樓,A-200158044-00002-3,餐飲場所
大馬肉骨茶小吃店,21741389,台北市信義區莊敬路325巷43之1號1樓,A-200158164-00001-5,餐飲場所
街底豆漿店,79862972,台北市信義區吳興街500巷1號,A-200158205-00001-1,餐飲場所
大姊麵店,25512400,台北市信義區永吉路30巷178弄2號,A-200158232-00001-1,餐飲場所
早點子早午餐,88239844,台北市信義區松隆路119號1樓,A-200158329-00001-8,餐飲場所
花田樂野台壽司店,26368425,台北市信義區林口街31號1樓,A-200158475-00001-0,餐飲場所
Parking149中式小館,,台北市信義區基隆路1段149號後棟,A-200158600-00001-0,餐飲場所
叡吉國際有限公司,42635960,台北市信義區忠孝東路5段71巷25號1樓,A-200158626-00001-8,餐飲場所
文德窩久小吃店,42297052,台北市信義區虎林街132巷36號1樓,A-200158793-00001-3,餐飲場所
統一超商股份有限公司,22555003,台北市信義區吳興街284巷18弄2號,A-122555003-29614-2,餐飲場所
統一超商股份有限公司,22555003,台北市信義區新仁里東興路57號,A-122555003-29615-3,餐飲場所
統一超商股份有限公司,22555003,台北市信義區松信路148號1樓,A-122555003-29616-4,餐飲場所
統一超商股份有限公司,22555003,台北市信義區崇德街104號106號1樓,A-122555003-29617-5,餐飲場所
統一超商股份有限公司,22555003,台北市信義區信義路六段21號23號1樓,A-122555003-29619-7,餐飲場所
統一超商股份有限公司,22555003,台北市信義區忠孝東路五段6號1樓,A-122555003-29620-9,餐飲場所
統一超商股份有限公司,22555003,台北市信義區忠孝東路五段236巷6-3號8號1樓,A-122555003-29622-1,餐飲場所
統一超商股份有限公司,22555003,台北市信義區基隆路二段22號,A-122555003-29623-2,餐飲場所
統一超商股份有限公司,22555003,台北市信義區松德路271號,A-122555003-29624-3,餐飲場所
統一超商股份有限公司,22555003,台北市信義區景新里莊敬路178巷2號,A-122555003-29625-4,餐飲場所
統一超商股份有限公司,22555003,台北市信義區福德街159號161號1樓,A-122555003-29626-5,餐飲場所
統一超商股份有限公司,22555003,台北市信義區嘉興街181巷21號,A-122555003-29627-6,餐飲場所
統一超商股份有限公司,22555003,台北市信義區基隆路一段141號1樓,A-122555003-29628-7,餐飲場所
統一超商股份有限公司,22555003,台北市信義區吳興街346號348號,A-122555003-29629-8,餐飲場所
統一超商股份有限公司,22555003,台北市信義區松仁路91-1號1樓,A-122555003-29630-0,餐飲場所
統一超商股份有限公司,22555003,台北市信義區松隆路192號194號1樓,A-122555003-29632-2,餐飲場所
統一超商股份有限公司,22555003,台北市信義區逸仙路42巷25號1樓,A-122555003-29633-3,餐飲場所
統一超商股份有限公司,22555003,台北市信義區忠孝東路五段1之6號,A-122555003-29634-4,餐飲場所
統一超商股份有限公司,22555003,台北市信義區和平東路三段461號461之1號1樓,A-122555003-29635-5,餐飲場所
統一超商股份有限公司,22555003,台北市信義區正和里光復南路419巷41號,A-122555003-29636-6,餐飲場所
統一超商股份有限公司,22555003,台北市信義區永吉路30巷103號,A-122555003-29637-7,餐飲場所
統一超商股份有限公司,22555003,台北市信義區忠孝東路五段470號1樓,A-122555003-29638-8,餐飲場所
統一超商股份有限公司,22555003,台北市信義區林口街48號,A-122555003-29639-9,餐飲場所
統一超商股份有限公司,22555003,台北市信義區吳興街486號488號1樓,A-122555003-29641-2,餐飲場所
統一超商股份有限公司,22555003,台北市信義區虎林街222巷7號9號1樓,A-122555003-29642-3,餐飲場所
統一超商股份有限公司,22555003,台北市信義區忠孝東路五段524巷1弄1號,A-122555003-29643-4,餐飲場所
統一超商股份有限公司,22555003,台北市信義區基隆路一段398號1樓,A-122555003-29645-6,餐飲場所
統一超商股份有限公司,22555003,台北市信義區吳興街257號259號,A-122555003-29646-7,餐飲場所
統一超商股份有限公司,22555003,台北市信義區松德路200巷10號,A-122555003-29647-8,餐飲場所
統一超商股份有限公司,22555003,台北市信義區松山路455號,A-122555003-29648-9,餐飲場所
統一超商股份有限公司,22555003,台北市信義區基隆路二段155號1樓,A-122555003-29649-0,餐飲場所
統一超商股份有限公司,22555003,台北市信義區基隆路一段178號180號1樓,A-122555003-29650-2,餐飲場所
統一超商股份有限公司,22555003,台北市信義區基隆路一段333號B3,A-122555003-29651-3,餐飲場所
統一超商股份有限公司,22555003,台北市信義區東興路67號1樓,A-122555003-29652-4,餐飲場所
統一超商股份有限公司,22555003,台北市信義區光復南路471號,A-122555003-29653-5,餐飲場所
統一超商股份有限公司,22555003,台北市信義區松德路127號129號1樓,A-122555003-29654-6,餐飲場所
統一超商股份有限公司,22555003,台北市信義區永吉路278巷58弄2號,A-122555003-29655-7,餐飲場所
統一超商股份有限公司,22555003,台北市信義區松仁路213號,A-122555003-29656-8,餐飲場所
統一超商股份有限公司,22555003,台北市信義區莊敬路325巷43號,A-122555003-29657-9,餐飲場所
統一超商股份有限公司,22555003,台北市信義區忠孝東路五段617號,A-122555003-29658-0,餐飲場所
統一超商股份有限公司,22555003,台北市信義區松仁路162號164號1樓,A-122555003-29660-3,餐飲場所
統一超商股份有限公司,22555003,台北市信義區永吉路30巷168弄1號1樓,A-122555003-29661-4,餐飲場所
統一超商股份有限公司,22555003,台北市信義區福德街247號249號,A-122555003-29662-5,餐飲場所
統一超商股份有限公司,22555003,台北市信義區基隆路二段131-4號,A-122555003-29663-6,餐飲場所
番紅花美饌股份有限公司,28220173,台北市信義區市府路45號B1,A-128220173-00002-5,餐飲場所
青畑國際股份有限公司,28310379,台北市信義區信義路五段7號 89F,A-128310379-00001-2,餐飲場所
寰隆餐飲股份有限公司,28393385,台北市信義區松仁路58號14樓,A-128393385-00003-2,餐飲場所
億巨國際股份有限公司,28402188,台北市信義區松山路11號 (櫃號:B0701),A-128402188-00026-9,餐飲場所
薩摩亞商客來喜餐飲股份有限公司,28427006,台北市信義區忠孝東路四段302號,A-128427006-00088-3,餐飲場所
微風丸壽司有限公司,28454447,台北市信義區忠孝東路5段68號4樓,A-128454447-00009-5,餐飲場所
微風丸壽司有限公司,28454447,台北市信義區松智路17號B2樓,A-128454447-00013-0,餐飲場所
酷聖石冰淇淋股份有限公司,28459597,台北市信義區松高路12號B2(新光三越信義新天地A8館B2),A-128459597-00015-3,餐飲場所
酷聖石冰淇淋股份有限公司,28459597,台北市信義區忠孝東路五段8號B2(統一時代百貨B2),A-128459597-00016-4,餐飲場所
酷聖石冰淇淋股份有限公司,28459597,台北市信義區松仁路58號B3F,A-128459597-00082-7,餐飲場所
福豚有限公司,28463972,台北市信義區松高路11號B2,A-128463972-00002-1,餐飲場所
時代國際飯店股份有限公司,28466083,台北市信義區忠孝東路5段10號31樓,A-128466083-00001-6,餐飲場所
時代國際飯店股份有限公司,28466083,台北市信義區忠孝東路5段10號10樓,A-128466083-00002-7,餐飲場所
時代國際飯店股份有限公司,28466083,台北市信義區忠孝東路5段10號8樓,A-128466083-00003-8,餐飲場所
石碇公行,29227738,台北市信義區松山路156號,A-129227738-00013-2,餐飲場所
好點子國際商行,30305009,台北市信義區永吉路278巷2號,A-130305009-00003-1,餐飲場所
好點子國際商行,30305009,台北市信義區吳興街200號,A-130305009-00036-7,餐飲場所
好點子國際商行,30305009,台北市信義區嘉興街216巷17號右側,A-130305009-00085-1,餐飲場所
好點子國際商行,30305009,台北市信義區福德街219號,A-130305009-00288-6,餐飲場所
好點子國際商行,30305009,台北市信義區忠孝東路四段559巷16弄1號,A-130305009-00401-3,餐飲場所
好點子國際商行,30305009,台北市信義區松信路126號,A-130305009-00977-1,餐飲場所
御松園自助餐店,31843147,台北市信義區永吉路30巷125號,A-131843147-00001-0,餐飲場所
宇康咖啡館,31856108,台北市信義區莊敬路214號2樓,A-131856108-00001-1,餐飲場所
東門興記小吃店,38561369,台北市信義區松德路293號,A-138561369-00001-0,餐飲場所
永珍飲料店,38562281,台北市信義區忠孝東路5段17號之1,A-138562281-00001-4,餐飲場所
來喫新越式料理,38574630,台北市信義區永吉路180巷66弄37號,A-138574630-00002-6,餐飲場所
來喫新越式料理,38574630,台北市信義區永吉路180巷66弄37號,A-138574630-00006-0,餐飲場所
語晨企業社,38611781,台北市信義區松山路465巷27弄20號,A-138611781-00001-4,餐飲場所
點夜咖啡專賣店,41074899,台北市信義區忠孝東路5段295巷58號1樓,A-141074899-00001-1,餐飲場所
嘉馨企業社,41077684,台北市信義區松壽路11號地下2樓,A-141077684-00002-7,餐飲場所
無二工作室,42270954,台北市信義區忠孝東路四段553巷22弄37號,A-142270954-00001-2,餐飲場所
蔬漫食品企業社,42272496,台北市信義區永吉路120巷82號1樓,A-142272496-00001-5,餐飲場所
靜心園有機咖啡食品館,,台北市信義區信義路6段112號,A-142273777-00001-8,餐飲場所
樂丘洛烘焙屋,42273967,台北市信義區松壽路11號 B2,A-142273967-00002-0,餐飲場所
樂丘洛烘焙屋,42273967,台北市信義區松仁路58號,A-142273967-00003-1,餐飲場所
光譜企業社,42274298,台北市信義區松仁路58號4樓,A-142274298-00005-1,餐飲場所
食悅商行,42274516,台北市信義區忠孝東路五段236巷2弄23號,A-142274516-00001-0,餐飲場所
知遇企業社,42282537,台北市信義區基隆路一段３８０巷５號一樓,A-142282537-00001-2,餐飲場所
有趣國商行,42284113,台北市信義區虎林街212巷15號1F,A-142284113-00001-4,餐飲場所
唰嘴美食店,,台北市信義區和平東路三段261號,A-200174433-00001-2,餐飲場所
大毛屋涮涮鍋,42423635,台北市信義區光復南路429號1樓,A-200174517-00001-5,餐飲場所
忈人咖啡館,42342649,台北市信義區莊敬路289巷4弄24號,A-200174607-00001-5,餐飲場所
富貴鍋企業社,,台北市信義區中坡北路13號,A-200174630-00001-1,餐飲場所
孜孜早餐店,79819151,台北市信義區莊敬路190之2號1樓,A-200174753-00001-7,餐飲場所
依鼎越式美食,88104971,台北市信義區吳興街140號,A-200174771-00001-7,餐飲場所
羅傑斯商行,79834435,台北市信義區松山路465巷29弄14號1樓,A-200174840-00001-4,餐飲場所
品面炒泡麵專賣店,,台北市信義區永吉路517巷8弄8號,A-200175102-00001-6,餐飲場所
口力口非商行,,台北市信義區嘉興街11-1號,A-200175306-00001-2,餐飲場所
錢城小吃店有限公司,,台北市信義區莊敬路384號1樓,A-200175704-00001-4,餐飲場所
營業名稱：正純小吃店,,台北市信義區永吉路278巷37弄1號,A-200176498-00001-5,餐飲場所
冠美食品坊,25692705,台北市信義區敦厚里永吉路３０巷１０２弄６號,A-200176784-00001-3,餐飲場所
癒善糧餐飲股份有限公司,52279595,台北市信義區吳興街51號,A-200203731-00002-7,餐飲場所
老翔記麻辣滷味店,76476912,台北市信義區虎林街132巷27號1樓,A-200203769-00001-7,餐飲場所
水皮草明商行,88141384,台北市信義區虎林街164巷1號1F,A-200203781-00001-1,餐飲場所
餐飲業,,台北市信義區永吉路180巷67弄2號,A-200204182-00001-7,餐飲場所
雲川食堂,,台北市信義區忠孝東路5段236巷22號,A-200204582-00001-1,餐飲場所
謀小蝦餐酒館,,台北市信義區永吉路30巷88號1樓,A-200205677-00009-5,餐飲場所
營業名稱：雲林台子港鮮之蚵,,台北市信義區林口街12號1樓,A-200206683-00001-5,餐飲場所
營業名稱：大溪紅油炒手,,台北市信義區林口街20號,A-200206864-00001-6,餐飲場所
人客各來商行,88202282,台北市信義區松山路146號,A-200207115-00001-6,餐飲場所
漢堡超人,26285305,台北市信義區光復南路447-32號,A-200207276-00001-4,餐飲場所
靜美小吃店,38559716,台北市信義區大道路42巷21號1樓,A-200207533-00001-0,餐飲場所
本家早餐店,,台北市信義區基隆路2段201號,A-200237645-00001-7,餐飲場所
本家早餐店,,台北市信義區基隆路2段201號,A-200237645-00002-8,餐飲場所
董師傅小吃店,38634742,台北市信義區吳興街284巷20弄27號1樓,A-200237686-00001-2,餐飲場所
施介民,48668615,台北市信義區國業里松山路５３８－２號,A-200237952-00001-8,餐飲場所
池上飯包 信義店,,台北市信義區吳興街500巷2號1樓,A-200237976-00001-4,餐飲場所
好想吃甜點工作室,42504806,台北市信義區永吉路30巷158弄23號1樓,A-200237987-00001-6,餐飲場所
島入冰店,89086395,台北市信義區松勇路3號,A-200238041-00002-9,餐飲場所
給個麵子,,台北市信義區和平東路三段331號,A-200238054-00001-2,餐飲場所
愛吃蛋餅,,台北市信義區信義路六段74號1樓,A-200238133-00001-0,餐飲場所
想吃飯糰,,台北市信義區信義路六段74號1樓,A-200238135-00001-2,餐飲場所
于是實業有限公司,,台北市信義區松高路12號B2,A-200238555-00001-8,餐飲場所
丰禾拾光餐飲,88225671,台北市信義區永吉路30巷158弄9號1樓,A-202258533-00001-8,餐飲場所
永富欽賺企業社,93131359,台北市信義區松山路219號1樓,A-202258628-00001-3,餐飲場所
辛 羊肉麵線,,台北市信義區虎林街132巷41號,A-202258821-00001-8,餐飲場所
鴻發企業社,26359805,台北市信義區光復南路501號地下樓,A-202259005-00001-3,餐飲場所
糖糖素食麵線,,台北市信義區林口街38巷5號,A-202259189-00001-6,餐飲場所
Piggy Foods沛綺優食 私廚料理 健康餐盒,,台北市信義區莊敬路325巷32號,A-202259229-00001-1,餐飲場所
唯餉咖哩食堂,38579868,台北市信義區吳興街184巷10號,A-202272798-00001-7,餐飲場所
彩虹烏雲咖啡鬆餅,,台北市信義區永吉路446-4號,A-202272814-00001-6,餐飲場所
春源祥美食店,48838864,台北市信義區永吉路30巷98號,A-202272847-00001-2,餐飲場所
億佳烤肉快餐,79847255,台北市信義區永吉路30巷89號,A-202272864-00001-1,餐飲場所
利百佳小吃店,38561179,台北市信義區莊敬路408號1樓,A-202273111-00001-7,餐飲場所
廣東之家,21716425,台北市信義區虎林街１２１巷１號,A-202273127-00001-4,餐飲場所
霧茶小吃坊,93120156,台北市信義區松山路443號1樓,A-202273405-00001-3,餐飲場所
心悅高粱商行,88365855,台北市信義區仁愛路4段507號B1,A-202274055-00001-5,餐飲場所
木彡咖啡室,88362436,台北市信義區吳興街156巷40弄4號1樓,A-202274087-00001-0,餐飲場所
英雄集結有限公司,90334274,台北市信義區逸仙路26巷1號,A-202274134-00001-3,餐飲場所
咔咕醬早餐屋,42358682,台北市信義區和平東路3段391巷8弄4號,A-202274161-00001-3,餐飲場所
阿弟仔大腸麵線,25591740,台北市信義區興雅里永吉路３０巷１５８弄２號,A-202274409-00001-8,餐飲場所
泰緬姐妹小館,76435981,台北市信義區吳興街112號,A-202274770-00001-9,餐飲場所
熊健康舞蔬果,88358643,台北市信義區松隆路9巷10號,A-202274856-00001-4,餐飲場所
京寶商行,93133167,台北市信義區永吉路30巷90號1樓,A-202275001-00001-7,餐飲場所
泓品小吃店,48755126,台北市信義區信安街153號,A-202275328-00001-9,餐飲場所
管好嘴有限公司,83004002,台北市信義區通化街31-1號,A-202312192-00001-0,餐飲場所
卓元順,93175124,台北市信義區吳興街２６９巷４號,A-202312202-00001-2,餐飲場所
舒晨早午餐,00560554,台北市信義區虎林街132巷88號1樓,A-202312291-00001-0,餐飲場所
元素手工漢堡專賣店,26333593,台北市信義區基隆路2段39巷23號,A-202312459-00001-6,餐飲場所
小毅壽司,26391869,台北市信義區永吉路30巷101弄8號1樓,A-202312538-00001-4,餐飲場所
雞會-鹹水雞專賣店,,台北市信義區吳興街269巷1弄2-2號,A-202312612-00001-7,餐飲場所
唱chu吉拿棒,,台北市信義區莊敬路405號,A-202313151-00001-6,餐飲場所
財莉有餡商行,00558179,台北市信義區虎林街222巷10號1樓,A-202313440-00001-7,餐飲場所
北一菜盒店,88262984,台北市信義區松友里信義路6段102號,A-202313869-00001-2,餐飲場所
活力胖胖飲食館,42413812,台北市信義區崇德街92號,A-142413812-00001-4,餐飲場所
德普雷斯食品坊二店,42414761,台北市信義區逸仙路26巷1號1樓,A-142414761-00001-8,餐飲場所
子禾小吃店,42418154,台北市信義區虎林街132巷45號1樓,A-142418154-00001-8,餐飲場所
田橙企業社,42422832,台北市信義區和平東路3段371號1樓,A-142422832-00001-6,餐飲場所
櫻桃屋甜蜜手作坊,42423585,台北市信義區忠孝東路5段790巷25弄17號,A-142423585-00002-3,餐飲場所
呷滴商行,42430122,台北市信義區吳興街170巷1弄3號,A-142430122-00001-7,餐飲場所
瓢蟲女孩甜點舖,42430312,台北市信義區吳興街284巷11之3號,A-142430312-00001-8,餐飲場所
莫斯科餐飲店,42432493,台北市信義區松德路151號,A-142432493-00001-0,餐飲場所
灃濼企業社,42434865,台北市信義區松德路3號,A-142434865-00001-5,餐飲場所
日式一番屋,42435061,台北市信義區吳興街146號1樓,A-142435061-00001-4,餐飲場所
頑食概念餐飲商行,42436765,台北市信義區松高路11號4樓,A-142436765-00001-6,餐飲場所
友友小吃店,42438047,台北市信義區莊敬路331號2樓,A-142438047-00001-1,餐飲場所
阿港食堂,42487222,台北市信義區菸廠路88號地下2樓,A-142487222-00002-1,餐飲場所
傅多麵有限公司,50880058,台北市信義區和平東路3段251號,A-150880058-00001-3,餐飲場所
玉井餐飲有限公司,50884081,台北市信義區松智路17號B1,A-150884081-00001-3,餐飲場所
窩巢咖啡有限公司,50887741,台北市信義區吳興街368號1樓,A-150887741-00001-9,餐飲場所
窩巢咖啡有限公司,50887741,台北市信義區菸廠路88號b1,A-150887741-00003-1,餐飲場所
窩巢咖啡有限公司,50887741,台北市信義區松高路11號B2,A-150887741-00004-2,餐飲場所
單身狗有限公司,50888729,台北市信義區松隆路9巷32號,A-150888729-00001-6,餐飲場所
佑愛股份有限公司,50889277,台北市信義區忠孝東路4段553巷52號,A-150889277-00001-5,餐飲場所
木白石頁有限公司,50896729,台北市信義區松山路197號,A-150896729-00001-5,餐飲場所
回憶麵麵館有限公司,50896925,台北市信義區莊敬路334號1樓,A-150896925-00001-3,餐飲場所
米亞歐餐飲股份有限公司,50897086,台北市信義區忠孝東路五段71巷32弄2號1樓,A-150897086-00001-2,餐飲場所
立占國際股份有限公司,50901336,台北市信義區忠孝東路5段159號,A-150901336-00001-6,餐飲場所
立占國際股份有限公司,50901336,台北市信義區松壽路12號,A-150901336-00003-8,餐飲場所
生活域所股份有限公司,50905776,台北市信義區嘉興街181巷9弄40號,A-150905776-00001-8,餐飲場所
慕里諾國際股份有限公司,50906000,台北市信義區忠孝東路五段8號B2,A-150906000-00007-5,餐飲場所
慕里諾國際股份有限公司,50906000,台北市信義區忠孝東路五段8號1樓,A-150906000-00018-7,餐飲場所
慕里諾國際股份有限公司,50906000,台北市信義區忠孝東路五段8號B2,A-150906000-00026-6,餐飲場所
慕里諾國際股份有限公司,50906000,台北市信義區忠孝東路五段8號B2,A-150906000-00027-7,餐飲場所
慕里諾國際股份有限公司,50906000,台北市信義區忠孝東路四段505號B2,A-150906000-00033-4,餐飲場所
慕里諾國際股份有限公司,50906000,台北市信義區松高路11號B2,A-150906000-00037-8,餐飲場所
江記豆江店,26222317,台北市信義區忠孝東路5段480號,A-200126726-00001-4,餐飲場所
宏威商行,,台北市信義區松山路547之1號,A-200127089-00001-7,餐飲場所
女人胃有限公司,,台北市信義區光復南路419之1號1樓,A-200127493-00001-6,餐飲場所
季軒企業社,31680501,台北市信義區菸廠路88號B1,A-200127548-00001-7,餐飲場所
勁揚餐坊,,台北市信義區松信路78號1樓,A-200128077-00001-5,餐飲場所
青年小吃店,31899612,台北市信義區林口街84號,A-200128456-00001-6,餐飲場所
秦小姐早餐店,42270526,台北市信義區福德街226號,A-200129115-00001-9,餐飲場所
傳說食堂,31953565,台北市信義區永吉路30巷157弄5號1樓,A-200145228-00001-2,餐飲場所
一碗小羊肉,88346648,台北市信義區吳興街173號,A-200145233-00001-8,餐飲場所
專業現做潤餅,,台北市信義區松山路537號,A-200145238-00001-3,餐飲場所
瑞客商行,48807763,台北市信義區林口街112號,A-200145373-00001-3,餐飲場所
魚民食堂,,台北市信義區信安街186號,A-200145391-00001-3,餐飲場所
大蒜小吃店,99626580,台北市信義區吳興街269巷13號,A-200146120-00001-4,餐飲場所
小辣椒滷味店,42461671,台北市信義區吳興街81號,A-200146672-00001-6,餐飲場所
八水商行,21759394,台北市信義區忠孝東路5段786號1樓,A-200146744-00001-6,餐飲場所
利千里國際餐飲股份有限公司,55144804,台北市信義區忠孝東路五段59號,A-200147003-00001-5,餐飲場所
利千里國際餐飲股份有限公司,55144804,台北市信義區松壽路11號B2,A-200147003-00002-6,餐飲場所
停業註銷,,台北市信義區吳興街8巷2號,A-200163539-00001-7,餐飲場所
春來麵線店,81702826,台北市信義區忠孝東路五段743巷7號1樓,A-200163619-00001-6,餐飲場所
安帆有限公司,82910506,台北市信義區菸廠路88號B1,A-200163638-00001-7,餐飲場所
辛火國際有限公司,,台北市信義區菸廠路88號R031,A-200163641-00001-1,餐飲場所
悦豐麻油雞小吃店,,台北市信義區松山路441號,A-200163647-00001-7,餐飲場所
嗨客想食商行,,台北市信義區莊敬路410號1樓,A-200163747-00001-8,餐飲場所
玉墐商行,88093496,台北市信義區忠孝東路5段524巷20號,A-200163851-00001-4,餐飲場所
七分飽手作健康餐盒行,75739888,台北市信義區逸仙路42巷16號,A-200163929-00001-0,餐飲場所
三惜商行,76487761,台北市信義區莊敬路438號1樓,A-200163960-00001-5,餐飲場所
彌樂事蔬食食堂,,台北市信義區松仁路253巷2號,A-200163962-00001-7,餐飲場所
繆克咖啡,,台北市信義區基隆路一段370號1樓,A-200172229-00001-3,餐飲場所
田橙企業社,,台北市信義區和平東路三段371號,A-200172296-00001-7,餐飲場所
串永吉小吃店,76383111,台北市信義區永吉路35號,A-200172401-00001-5,餐飲場所
本願商行,79860030,台北市信義區松隆路78號,A-200172436-00001-3,餐飲場所
周胖子餐飲事業有限公司,80155434,台北市信義區忠孝東路五段429號,A-180155434-00006-4,餐飲場所
周胖子餐飲事業有限公司,80155434,台北市信義區莊敬路455號,A-180155434-00008-6,餐飲場所
瓦城泰統股份有限公司信義分公司,80176590,台北市信義區松壽路22號2樓,A-180176590-00001-5,餐飲場所
瓦城泰統股份有限公司信義分公司,80176590,台北市信義區松山路11號2樓,A-180176590-00003-7,餐飲場所
瓦城泰統股份有限公司信義分公司,80176590,台北市信義區菸廠路88號B2,A-180176590-00005-9,餐飲場所
瓦城泰統股份有限公司信義分公司,80176590,台北市信義區松壽路9號6樓,A-180176590-00009-3,餐飲場所
瓦城泰統股份有限公司信義分公司,80176590,台北市信義區松高路11號4樓,A-180176590-00012-7,餐飲場所
瓦城泰統股份有限公司信義分公司,80176590,台北市信義區松高路11號4樓,A-180176590-00013-8,餐飲場所
瑞獅企業有限公司,80190143,台北市信義區忠孝東路5段133號1樓,A-180190143-00001-5,餐飲場所
瓦城泰統股份有限公司淡水二分公司,80286061,台北市信義區松高路11號6樓,A-180286061-00002-1,餐飲場所
瓦城泰統股份有限公司淡水二分公司,80286061,台北市信義區忠孝東路五段8號B2,A-180286061-00005-4,餐飲場所
潤泰建設股份有限公司,80290038,台北市信義區松山區11號3樓,A-180290038-00003-1,餐飲場所
日樂芙台灣股份有限公司,80292991,台北市信義區松山路11號1樓,A-180292991-00013-2,餐飲場所
日樂芙台灣股份有限公司,80292991,台北市信義區松高路11號B2樓,A-180292991-00108-7,餐飲場所
料理曹小吃店,42487497,台北市信義區基隆路2段39巷16號,A-200171095-00001-3,餐飲場所
趙俐晴,,台北市信義區吳興街137號,A-200171175-00001-2,餐飲場所
踢踏生活商行,42414426,台北市信義區松德路106號1樓,A-200171209-00001-0,餐飲場所
打卡有限公司,82910652,台北市信義區光復南路415之3號,A-200171215-00001-7,餐飲場所
立信商行,42509210,台北市信義區信義路6段19號1樓,A-200171217-00001-9,餐飲場所
柏定楚洋酒洋食行,42277696,台北市信義區永吉路8號1樓,A-200171488-00001-9,餐飲場所
翡翠燒臘茶餐廳,79836665,台北市信義區基隆路1段378之2號,A-200171654-00001-4,餐飲場所
峻奕商行,,台北市信義區國業里松山路594號,A-200171666-00001-7,餐飲場所
野良犬咖哩,88115858,台北市信義區景聯里基隆路二段３９巷１６號,A-200172228-00001-2,餐飲場所
三徑就荒企業有限公司,42852847,台北市信義區忠孝東路四段553巷46弄15號1樓,A-142852847-00001-9,餐飲場所
群雄國際有限公司,42854845,台北市信義區忠孝東路5段8號B2,A-142854845-00001-9,餐飲場所
白石股份有限公司,42857152,台北市信義區基隆路1段206號13樓,A-142857152-00002-4,餐飲場所
白石股份有限公司,42857152,台北市信義區基隆路1段206號13樓,A-142857152-00003-5,餐飲場所
亞茜股份有限公司,42868475,台北市信義區松仁路58號1樓,A-142868475-00009-1,餐飲場所
潤嶺國際貿易有限公司,42891145,台北市信義區	台北市信義區松智路17號2樓,A-142891145-00002-4,餐飲場所
龍富國際企業有限公司,42898816,台北市信義區松壽路12號10樓之2,A-142898816-00002-6,餐飲場所
日商比亞留三一冰淇淋股份有限公司,42980364,台北市信義區松智路17號4樓,A-142980364-00002-6,餐飲場所
日商比亞留三一冰淇淋股份有限公司,42980364,台北市信義區松壽路11號B2,A-142980364-00026-2,餐飲場所
日商比亞留三一冰淇淋股份有限公司,42980364,台北市信義區松高路11號B2,A-142980364-00042-0,餐飲場所
日商比亞留三一冰淇淋股份有限公司,42980364,台北市信義區松山路11號1樓,A-142980364-00050-9,餐飲場所
日商比亞留三一冰淇淋股份有限公司,42980364,台北市信義區市府路45號B1,A-142980364-00051-0,餐飲場所
森一文化有限公司,42991170,台北市信義區松仁路58號4樓 ( 信義遠百A13 ),A-142991170-00002-3,餐飲場所
加寶多漢堡店,25618874,台北市信義區松仁路236號,A-202321623-00001-9,餐飲場所
鵝媽媽鵝肉店,25563786,台北市信義區福德街179號,A-202321902-00001-9,餐飲場所
東火堂小吃店,00652786,台北市信義區和平東路三段253號,A-202322319-00001-2,餐飲場所
御荐小吃,00613594,台北市信義區吳興街87號,A-202322467-00001-6,餐飲場所
田鄉池上木盒便當店,26244776,台北市信義區中坡南路88號,A-202322482-00001-3,餐飲場所
穀富得企業社,00614762,台北市信義區吳興街27號,A-202322567-00001-7,餐飲場所
逸先堂自助餐坊,81639346,台北市信義區逸仙路50巷26號1樓,A-202322804-00001-1,餐飲場所
統一超商股份有限公司,22555003,台北市信義區信義路五段7號35樓,A-122555003-44527-2,餐飲場所
統一超商股份有限公司,22555003,台北市信義區福德街308號310巷1號,A-122555003-44818-5,餐飲場所
統一超商股份有限公司,22555003,台北市信義區忠孝東路五段68號24樓,A-122555003-44834-3,餐飲場所
統一超商股份有限公司,22555003,台北市信義區松山路11號B1樓,A-122555003-45269-6,餐飲場所
統一超商股份有限公司,22555003,台北市信義區虎林街151號153號1樓,A-122555003-45318-1,餐飲場所
統一超商股份有限公司,22555003,台北市信義區松仁路246號248號1樓,A-122555003-45601-6,餐飲場所
統一超商股份有限公司,22555003,台北市信義區忠孝東路四段559巷24號1樓,A-122555003-45641-0,餐飲場所
統一超商股份有限公司,22555003,台北市信義區忠孝東路五段71巷6號1樓,A-122555003-45644-3,餐飲場所
統一超商股份有限公司,22555003,台北市信義區松仁路58號B2樓,A-122555003-45752-3,餐飲場所
統一超商股份有限公司,22555003,台北市信義區松智路17號B2樓,A-122555003-45910-9,餐飲場所
統一超商股份有限公司,22555003,台北市信義區信義路五段5號1樓,A-122555003-45936-7,餐飲場所
統一超商股份有限公司,22555003,台北市信義區中坡北路11號1樓,A-122555003-51680-0,餐飲場所
統一超商股份有限公司,22555003,台北市信義區信義路五段5號2樓,A-122555003-54091-9,餐飲場所
善菓餐飲國際股份有限公司,52801642,台北市信義區忠孝東路四段505號B2,A-152801642-00025-3,餐飲場所
金御賞股份有限公司,54889524,台北市信義區忠孝東路五段68號4F (櫃位編號：F4-014),A-154889524-00006-9,餐飲場所
喬治兄弟股份有限公司,61884947,台北市信義區忠孝東路4段505號B2,A-161884947-00036-4,餐飲場所
台灣田頭茶舖股份有限公司,96829415,台北市信義區忠孝東路四段505號B2,A-196829415-00001-3,餐飲場所
阿里不達太監羊小吃店,18377512,台北市信義區忠孝東路5段558號1樓,A-200132029-00001-7,餐飲場所
日日烘焙食品行,81128180,台北市信義區松高路12號B2,A-200136567-00002-9,餐飲場所
俞香商行,42342768,台北市信義區永吉路270號1樓,A-200137318-00001-3,餐飲場所
柒玖甜舖商行,,台北市信義區忠孝東路4段553巷22弄53號,A-200138734-00001-6,餐飲場所
巷尾麵舖,72913954,台北市信義區基隆路1段147巷5弄46號1樓,A-200163107-00001-8,餐飲場所
單身狗有限公司,,台北市信義區松隆路9巷32號1樓,A-200192556-00001-8,餐飲場所
偉泰有限公司,52874010,台北市信義區基隆路1段127號6樓之2,A-200195163-00001-5,餐飲場所
十信素食,00574950,台北市信義區松山路287巷17號1樓,A-200201917-00001-0,餐飲場所
淳品商行,88296083,台北市信義區忠孝東路372巷27弄98號,A-200237993-00001-3,餐飲場所
許黑貓紅茶坊,92371437,台北市信義區松山路519號,A-202256750-00062-4,餐飲場所
璞室企業有限公司,67001302,台北市信義區菸廠路88號B1,A-222256010-00001-8,餐飲場所
宥晟餐飲實業股份有限公司,82971622,台北市信義區忠孝東路553巷16弄4號,A-278958573-00001-2,餐飲場所
阿快國際食品有限公司,00101593,台北市信義區吳興街156巷7弄2號1樓,A-100101593-00001-8,餐飲場所
吉米飯有限公司,00104894,台北市信義區吳興街152號1樓,A-100104894-00001-5,餐飲場所
小豬愛吃吐司商行,00549334,台北市信義區莊敬路423巷2弄2號,A-100549334-00001-7,餐飲場所
艾朗早午餐商行,00549622,台北市信義區忠孝東路5段711號1樓,A-100549622-00001-7,餐飲場所
貳木商行,00633634,台北市信義區中坡南路30號,A-100633634-00001-4,餐飲場所
樂勳小吃店,00635350,台北市信義區莊敬路334號,A-100635350-00001-1,餐飲場所
沐鑫商行,00637907,台北市信義區松山路554號1樓,A-100637907-00001-1,餐飲場所
財團法人富邦藝術基金會,20096691,台北市信義區松勇路3號,A-120096691-00001-2,餐飲場所
統一超商股份有限公司,22555003,台北市信義區忠孝東路五段469號1樓,A-122555003-59115-1,餐飲場所
詩特莉食品股份有限公司,23225889,台北市信義區忠孝東路四段505號B2,A-123225889-00111-0,餐飲場所
映費迪國際有限公司,27732788,台北市信義區忠孝東路四段505號B2(櫃號077）,A-127732788-00010-3,餐飲場所
迷魂湯小吃店,31950693,台北市信義區崇德街22號1樓,A-131950693-00001-5,餐飲場所
王座國際餐飲股份有限公司,42756204,台北市信義區市府路45號B1,A-142756204-00199-7,餐飲場所
偶頁有限公司,42849652,台北市信義區忠孝東路四段505號8樓,A-142849652-00003-1,餐飲場所
日商比亞留三一冰淇淋股份有限公司,42980364,台北市信義區忠孝東路四段505號B2,A-142980364-00058-7,餐飲場所
日商比亞留三一冰淇淋股份有限公司,42980364,台北市信義區忠孝東路四段505號5F,A-142980364-00059-8,餐飲場所
咖碼股份有限公司,53353122,台北市信義區東興路45號B1,A-153353122-00933-7,餐飲場所
養心餐飲股份有限公司,53922052,台北市信義區信義路五段7號B1F(22正櫃),A-153922052-00012-9,餐飲場所
台灣北壽心股份有限公司,53953081,台北市信義區忠孝東路四段505號B區B2,A-153953081-00015-8,餐飲場所
茲膳有限公司,54680222,台北市信義區忠孝東路四段505號B2,A-154680222-00016-4,餐飲場所
舒果蕾有限公司,59242813,台北市信義區松高路11號B2,A-159242813-00017-0,餐飲場所
舒果蕾有限公司,59242813,台北市信義區松高路11號,A-159242813-00019-2,餐飲場所
商地有限公司,60553064,台北市信義區松壽路12號11樓,A-160553064-00001-8,餐飲場所
宇川家股份有限公司,60655843,台北市信義區松高路12號 B2,A-160655843-00005-0,餐飲場所
宇川家股份有限公司,60655843,台北市信義區松仁路58號4F 408-1,A-160655843-00006-1,餐飲場所
百變全球餐飲股份有限公司中坡南路二五五分公司,60698596,台北市信義區中坡南路255號1樓,A-160698596-00001-8,餐飲場所
一味軒飲食有限公司,62204850,台北市信義區松山路531號1樓,A-162204850-00001-6,餐飲場所
休閒國聯股份有限公司,80617317,台北市信義區松高路11號B2 (櫃號：B2F-150-1),A-180617317-00055-1,餐飲場所
安麥行,82453228,台北市信義區忠孝東路四段505號B2櫃號059,A-182453228-00002-4,餐飲場所
世悅國際股份有限公司,82808170,台北市信義區忠孝東路5段68號24樓,A-182808170-00010-3,餐飲場所
優蜜國際股份有限公司,83178782,台北市信義區吳興街284巷8-1號1樓,A-183178782-00003-5,餐飲場所
青春吉有限公司,83183906,台北市信義區吳興街359之13號1樓,A-183183906-00001-7,餐飲場所
阿爾法餐飲股份有限公司,83589309,台北市信義區松智路17號B2 (櫃位 23+24+25+26),A-183589309-00047-4,餐飲場所
流氓老母滷小小有限公司,90655970,台北市信義區忠孝東路四段505號B2,A-190655970-00003-2,餐飲場所
御皇國際有限公司,90749180,台北市信義區市府路45號B1 B1-08,A-190749180-00004-0,餐飲場所
鑫光威登股份有限公司,93598340,台北市信義區吳興街279號,A-193598340-00056-0,餐飲場所
北海道冰淇淋有限公司,94079401,台北市信義區忠孝東路五段68號,A-194079401-00014-7,餐飲場所
家的味道有限公司,94119380,台北市信義區基隆路二段131之24號1樓,A-194119380-00004-7,餐飲場所
家的味道有限公司,94119380,台北市信義區基隆路二段131之24號4樓,A-194119380-00005-8,餐飲場所
格佳食品有限公司,95468814,台北市信義區松山路641號,A-195468814-00003-6,餐飲場所
藤香豆腐店,26336682,台北市信義區吳興街113號1樓,A-200056281-00003-4,餐飲場所
五二牛肉麵,21741873,台北市信義區松山路190號,A-200192950-00002-7,餐飲場所
早義點,,台北市信義區忠孝東路5段492巷18號,A-202338703-00001-6,餐飲場所
有口芙和有在喝商行,,台北市信義區松仁路58號B3,A-202339300-00002-1,餐飲場所
微笑路冰品茶行,73914354,台北市信義區興雅里基隆路一段１４７巷３４號之１,A-202339378-00001-5,餐飲場所
七飲商行,00639779,台北市信義區忠孝東路4段559巷12號,A-202339658-00001-6,餐飲場所
珈美便當店,42350437,台北市信義區松德路24號,A-202340621-00001-8,餐飲場所
三隻小豬,76953978,台北市信義區廣居里虎林街１３２巷８４號１樓,A-202340641-00001-0,餐飲場所
凡亨全球企業社,00639742,台北市信義區吳興街281號1樓,A-202340700-00001-6,餐飲場所
堤妲拉泰式料理 Original Thai,,台北市信義區基隆路一段37巷1-27號,A-202340845-00001-6,餐飲場所
正中牛肉河粉,,台北市信義區東光路38號,A-202340866-00001-9,餐飲場所
郭振崇,77025628,台北市信義區大道里大道路２號１樓,A-202341218-00001-1,餐飲場所
有口芙和有在喝商行,87230248,台北市信義區松仁路58號B3,A-278964379-00004-6,餐飲場所
